player_id,name,position,team,next_preseason_team,next_qb_name,age,ppr_per_game,baseline_ppg,pred_change_2026,pred_ppg_2026,leap_prob_2026,next_preseason_rank,push_track_record,push_usage_efficiency,push_age_draft,push_opportunity,push_team,push_health,factors_up,factors_down,push_coaching,position_rank_pred
00-0038542,Bijan Robinson,RB,ATL,ATL,Tua Tagovailoa,23.6,21.812,20.956,-0.811,20.145,0.446,2.0,-6.411,3.595,1.286,1.153,-0.293,0.59,"Strong usage, efficiency and big-play ability; Favorable age and draft capital; Opportunity opening up next season; Durable","Hard to top his baseline (regression to the mean); Tough team setting (QB, blocking, schedule)",0.096,1
00-0039075,Puka Nacua,WR,LA,LA,Matthew Stafford,24.3,23.438,21.541,-1.676,19.864,0.203,2.0,-5.099,2.963,0.325,0.044,0.592,0.156,"Strong usage, efficiency and big-play ability; Good team setting (QB, blocking, schedule); Favorable age and draft capital",Hard to top his baseline (regression to the mean),,1
00-0036900,Ja'Marr Chase,WR,CIN,CIN,Joe Burrow,25.5,19.6,21.715,-1.942,19.773,0.152,1.0,-5.088,2.91,0.296,0.192,0.25,0.156,"Strong usage, efficiency and big-play ability; Favorable age and draft capital",Hard to top his baseline (regression to the mean),,2
00-0039139,Jahmyr Gibbs,RB,DET,DET,Jared Goff,23.5,21.582,21.465,-2.596,18.868,0.062,1.0,-6.442,2.52,1.29,1.214,-0.274,0.59,"Strong usage, efficiency and big-play ability; Favorable age and draft capital; Opportunity opening up next season; Durable","Hard to top his baseline (regression to the mean); New play-caller with a weaker track record; Tough team setting (QB, blocking, schedule)",-0.667,2
00-0038543,Jaxon Smith-Njigba,WR,SEA,SEA,Sam Darnold,23.5,21.171,18.026,0.531,18.558,0.371,3.0,-3.625,3.539,0.826,0.156,0.044,0.248,"Strong usage, efficiency and big-play ability; Favorable age and draft capital",Hard to top his baseline (regression to the mean),,3
00-0039040,De'Von Achane,RB,MIA,MIA,Malik Willis,23.9,20.175,18.87,-0.848,18.022,0.148,7.0,-5.041,3.491,0.703,0.944,-0.654,0.348,"Strong usage, efficiency and big-play ability; Opportunity opening up next season; Favorable age and draft capital; Durable","Hard to top his baseline (regression to the mean); Tough team setting (QB, blocking, schedule)",0.189,3
00-0036963,Amon-Ra St. Brown,WR,DET,DET,Jared Goff,25.9,19.059,18.829,-1.133,17.696,0.072,4.0,-3.91,2.687,-0.003,0.237,0.265,0.248,"Strong usage, efficiency and big-play ability; Good team setting (QB, blocking, schedule)",Hard to top his baseline (regression to the mean),,4
00-0033280,Christian McCaffrey,RB,SF,SF,Brock Purdy,29.2,24.506,22.114,-5.245,16.869,0.047,3.0,-7.368,1.545,-0.303,1.1,0.072,0.59,"Strong usage, efficiency and big-play ability; Opportunity opening up next season; Durable",Hard to top his baseline (regression to the mean); Less favorable age and draft capital,-0.054,4
00-0037248,James Cook,RB,BUF,BUF,Josh Allen,25.9,17.776,17.239,-0.58,16.659,0.122,5.0,-4.266,2.229,0.257,1.046,0.445,0.59,"Strong usage, efficiency and big-play ability; Opportunity opening up next season; Durable; Good team setting (QB, blocking, schedule); Favorable age and draft capital",Hard to top his baseline (regression to the mean),-0.054,5
00-0036223,Jonathan Taylor,RB,IND,IND,Daniel Jones,26.6,21.312,19.581,-3.171,16.41,0.024,4.0,-6.064,1.895,0.218,1.041,0.03,0.59,"Strong usage, efficiency and big-play ability; Opportunity opening up next season; Durable",Hard to top his baseline (regression to the mean),-0.054,6
00-0039067,Rashee Rice,WR,KC,KC,Patrick Mahomes,25.4,18.762,17.917,-2.004,15.912,0.128,14.0,-3.517,1.289,0.212,0.902,0.353,-0.587,"Strong usage, efficiency and big-play ability; Opportunity opening up next season; Good team setting (QB, blocking, schedule)",Hard to top his baseline (regression to the mean); Missed games,,5
00-0037238,Drake London,WR,ATL,ATL,Tua Tagovailoa,24.1,16.825,16.645,-0.935,15.71,0.145,7.0,-2.976,2.081,0.686,0.47,-0.322,-0.216,"Strong usage, efficiency and big-play ability; Favorable age and draft capital; Opportunity opening up next season","Hard to top his baseline (regression to the mean); Tough team setting (QB, blocking, schedule)",,6
00-0038597,Chase Brown,RB,CIN,CIN,Joe Burrow,25.4,16.624,16.291,-0.937,15.354,0.183,6.0,-3.061,1.073,-0.256,1.053,0.546,0.59,"Strong usage, efficiency and big-play ability; Opportunity opening up next season; Durable; Good team setting (QB, blocking, schedule)",Hard to top his baseline (regression to the mean); Less favorable age and draft capital,-0.054,7
00-0036358,CeeDee Lamb,WR,DAL,DAL,Dak Prescott,26.4,15.454,16.582,-1.48,15.103,0.083,6.0,-2.939,1.743,0.027,0.142,0.328,-0.123,"Strong usage, efficiency and big-play ability; Good team setting (QB, blocking, schedule)",Hard to top his baseline (regression to the mean),,7
00-0040122,Ashton Jeanty,RB,LV,LV,Kirk Cousins,21.7,14.418,14.418,0.636,15.053,0.49,11.0,-2.358,0.459,1.839,1.089,-0.9,0.59,"Favorable age and draft capital; Opportunity opening up next season; New play-caller with a productive track record; Durable; Strong usage, efficiency and big-play ability","Hard to top his baseline (regression to the mean); Tough team setting (QB, blocking, schedule)",0.745,8
00-0036554,Nico Collins,WR,HOU,HOU,C.J. Stroud,26.5,15.08,16.178,-1.197,14.981,0.091,9.0,-2.826,1.951,-0.139,0.292,0.12,0.063,"Strong usage, efficiency and big-play ability; Opportunity opening up next season",Hard to top his baseline (regression to the mean),,8
00-0037247,George Pickens,WR,DAL,DAL,Dak Prescott,24.5,17.171,14.719,0.192,14.911,0.069,11.0,-2.228,1.865,0.494,0.142,0.328,0.248,"Strong usage, efficiency and big-play ability; Favorable age and draft capital; Good team setting (QB, blocking, schedule)",Hard to top his baseline (regression to the mean),,9
00-0036322,Justin Jefferson,WR,MIN,MIN,Kyler Murray,26.2,11.853,15.264,-0.465,14.799,0.139,5.0,-2.333,2.747,0.077,0.278,-0.825,0.248,"Strong usage, efficiency and big-play ability; Opportunity opening up next season","Hard to top his baseline (regression to the mean); Tough team setting (QB, blocking, schedule)",,10
00-0037744,Trey McBride,TE,ARI,ARI,Jacoby Brissett,25.8,18.582,16.961,-2.212,14.748,0.14,1.0,-3.701,0.036,0.453,1.413,-0.451,0.326,Opportunity opening up next season; Favorable age and draft capital; Durable,"Hard to top his baseline (regression to the mean); Tough team setting (QB, blocking, schedule)",,1
00-0038120,Breece Hall,RB,NYJ,NYJ,Geno Smith,24.3,12.979,14.018,0.243,14.261,0.186,13.0,-2.201,1.204,0.909,1.041,-0.71,0.348,"Strong usage, efficiency and big-play ability; Opportunity opening up next season; Favorable age and draft capital; New play-caller with a productive track record; Durable","Hard to top his baseline (regression to the mean); Tough team setting (QB, blocking, schedule)",0.48,9
00-0037840,Kyren Williams,RB,LA,LA,Matthew Stafford,25.0,15.488,16.224,-1.996,14.228,0.035,15.0,-3.538,0.198,-0.131,1.079,0.511,0.59,"Opportunity opening up next season; Durable; Good team setting (QB, blocking, schedule)",Hard to top his baseline (regression to the mean),-0.054,10
00-0040715,Cam Skattebo,RB,NYG,NYG,Jaxson Dart,23.6,15.962,15.962,-1.823,14.14,0.009,20.0,-3.326,1.693,0.63,1.05,-0.113,-1.589,"Strong usage, efficiency and big-play ability; Opportunity opening up next season; Favorable age and draft capital",Hard to top his baseline (regression to the mean); Missed games; New play-caller with a weaker track record,-0.278,11
00-0038134,Kenneth Walker III,RB,SEA,KC,Patrick Mahomes,24.9,11.288,13.325,0.631,13.956,0.179,10.0,-1.56,0.738,0.698,1.141,-0.173,0.59,"Opportunity opening up next season; Strong usage, efficiency and big-play ability; Favorable age and draft capital; Durable",Hard to top his baseline (regression to the mean),0.026,12
00-0032764,Derrick Henry,RB,BAL,BAL,Lamar Jackson,31.7,16.441,18.115,-4.217,13.897,0.016,12.0,-4.333,0.922,-1.274,1.098,-0.264,0.59,"Opportunity opening up next season; Strong usage, efficiency and big-play ability; Durable","Hard to top his baseline (regression to the mean); Less favorable age and draft capital; Tough team setting (QB, blocking, schedule)",-0.129,13
00-0035676,A.J. Brown,WR,PHI,NE,Drake Maye,28.2,14.687,15.614,-1.798,13.817,0.079,8.0,-2.596,2.081,-0.543,-0.155,0.01,0.063,"Strong usage, efficiency and big-play ability",Hard to top his baseline (regression to the mean); Less favorable age and draft capital,,11
00-0040666,Omarion Hampton,RB,LAC,LAC,Justin Herbert,22.5,15.078,15.078,-1.318,13.76,0.141,9.0,-2.809,1.137,1.497,1.095,-0.163,-1.347,"Favorable age and draft capital; Strong usage, efficiency and big-play ability; Opportunity opening up next season",Hard to top his baseline (regression to the mean); Missed games,0.1,14
00-0037239,Chris Olave,WR,NO,NO,Tyler Shough,25.2,16.75,14.362,-0.626,13.736,0.109,10.0,-2.131,1.669,0.359,0.262,-0.284,0.156,"Strong usage, efficiency and big-play ability; Favorable age and draft capital; Opportunity opening up next season","Hard to top his baseline (regression to the mean); Tough team setting (QB, blocking, schedule)",,12
00-0039064,Zay Flowers,WR,BAL,BAL,Lamar Jackson,25.0,14.312,13.318,0.412,13.73,0.232,15.0,-1.642,2.016,0.385,0.283,-0.222,0.248,"Strong usage, efficiency and big-play ability; Favorable age and draft capital; Opportunity opening up next season",Hard to top his baseline (regression to the mean),,13
00-0036275,D'Andre Swift,RB,CHI,CHI,Caleb Williams,26.6,14.288,13.427,0.193,13.62,0.135,18.0,-1.893,1.24,0.257,1.024,0.099,0.348,"Strong usage, efficiency and big-play ability; Opportunity opening up next season; Durable; Favorable age and draft capital",Hard to top his baseline (regression to the mean),-0.054,15
00-0037240,Jameson Williams,WR,DET,DET,Jared Goff,24.4,12.935,13.503,0.062,13.565,0.088,26.0,-1.732,1.109,0.591,0.237,0.265,0.248,"Strong usage, efficiency and big-play ability; Favorable age and draft capital; Good team setting (QB, blocking, schedule)",Hard to top his baseline (regression to the mean),,14
00-0039893,Brian Thomas Jr.,WR,JAX,JAX,Trevor Lawrence,22.9,9.914,13.639,-0.099,13.54,0.121,35.0,-1.682,0.779,0.983,0.431,0.078,-0.03,"Favorable age and draft capital; Strong usage, efficiency and big-play ability; Opportunity opening up next season",Hard to top his baseline (regression to the mean),,15
00-0034844,Saquon Barkley,RB,PHI,PHI,Jalen Hurts,28.6,14.519,18.362,-4.831,13.531,0.016,8.0,-5.016,0.625,-0.098,0.998,-0.89,0.348,"Opportunity opening up next season; Strong usage, efficiency and big-play ability; Durable","Hard to top his baseline (regression to the mean); Tough team setting (QB, blocking, schedule)",0.03,16
00-0040124,Tetairoa McMillan,WR,CAR,CAR,Bryce Young,22.4,12.553,12.553,0.865,13.418,0.221,19.0,-1.301,1.459,1.14,0.262,-0.287,0.248,"Strong usage, efficiency and big-play ability; Favorable age and draft capital; Opportunity opening up next season","Hard to top his baseline (regression to the mean); Tough team setting (QB, blocking, schedule)",,16
00-0040129,Emeka Egbuka,WR,TB,TB,Baker Mayfield,22.9,11.512,11.512,1.86,13.372,0.171,21.0,-0.806,1.828,0.976,0.449,-0.178,0.248,"Strong usage, efficiency and big-play ability; Favorable age and draft capital; Opportunity opening up next season",Hard to top his baseline (regression to the mean),,17
00-0036410,Tee Higgins,WR,CIN,CIN,Joe Burrow,26.6,14.107,16.063,-2.809,13.254,0.025,20.0,-2.755,0.158,-0.059,0.192,0.25,0.063,,Hard to top his baseline (regression to the mean),,18
00-0031381,Davante Adams,WR,LA,LA,Matthew Stafford,32.7,15.921,16.579,-3.347,13.232,0.011,24.0,-2.962,1.457,-1.79,0.044,0.592,-0.03,"Strong usage, efficiency and big-play ability; Good team setting (QB, blocking, schedule)",Hard to top his baseline (regression to the mean); Less favorable age and draft capital,,19
00-0039915,Ladd McConkey,WR,LAC,LAC,Justin Herbert,23.8,11.306,13.181,-0.014,13.167,0.085,18.0,-1.502,0.914,0.701,0.448,-0.074,0.156,"Strong usage, efficiency and big-play ability; Favorable age and draft capital; Opportunity opening up next season",Hard to top his baseline (regression to the mean),,20
00-0040784,Quinshon Judkins,RB,CLE,CLE,Deshaun Watson,21.8,12.129,12.129,0.94,13.069,0.251,22.0,-1.094,0.382,1.614,1.081,-1.042,-0.136,"Favorable age and draft capital; Opportunity opening up next season; New play-caller with a productive track record; Strong usage, efficiency and big-play ability","Hard to top his baseline (regression to the mean); Tough team setting (QB, blocking, schedule)",0.962,17
00-0036912,DeVonta Smith,WR,PHI,PHI,Jalen Hurts,26.8,11.871,13.373,-0.377,12.996,0.063,12.0,-1.583,1.272,-0.092,0.549,-0.113,0.248,"Strong usage, efficiency and big-play ability; Opportunity opening up next season",Hard to top his baseline (regression to the mean),,21
00-0035640,DK Metcalf,WR,PIT,PIT,Aaron Rodgers,27.7,12.48,12.613,0.17,12.783,0.078,34.0,-1.306,1.756,-0.419,0.715,0.019,0.063,"Strong usage, efficiency and big-play ability; Opportunity opening up next season",Hard to top his baseline (regression to the mean); Less favorable age and draft capital,,22
00-0040734,TreVeyon Henderson,RB,NE,NE,Drake Maye,22.9,12.129,12.129,0.598,12.728,0.138,25.0,-0.299,0.294,1.274,-0.55,0.171,0.59,"Favorable age and draft capital; Durable; Strong usage, efficiency and big-play ability",Less opportunity next season; Hard to top his baseline (regression to the mean),-0.054,18
00-0037740,Garrett Wilson,WR,NYJ,NYJ,Geno Smith,25.1,14.214,14.642,-2.016,12.626,0.132,16.0,-2.049,1.182,0.39,0.372,-0.574,-0.68,"Strong usage, efficiency and big-play ability; Favorable age and draft capital; Opportunity opening up next season","Hard to top his baseline (regression to the mean); Missed games; Tough team setting (QB, blocking, schedule)",,23
00-0039338,Brock Bowers,TE,LV,LV,Kirk Cousins,22.7,14.683,15.134,-2.51,12.624,0.083,2.0,-3.415,-0.112,0.781,0.952,-0.287,-0.141,Opportunity opening up next season; Favorable age and draft capital,"Hard to top his baseline (regression to the mean); Tough team setting (QB, blocking, schedule)",,2
00-0036973,Travis Etienne,RB,JAX,NO,Tyler Shough,26.6,14.935,12.003,0.447,12.45,0.093,17.0,-0.661,0.813,0.309,0.742,-0.368,0.59,"Strong usage, efficiency and big-play ability; Opportunity opening up next season; Durable; Favorable age and draft capital","Hard to top his baseline (regression to the mean); Tough team setting (QB, blocking, schedule)",-0.15,19
00-0038117,Wan'Dale Robinson,WR,NYG,TEN,Cam Ward,24.7,13.619,12.139,0.289,12.428,0.151,37.0,-1.159,2.042,0.451,-0.265,-0.278,0.156,"Strong usage, efficiency and big-play ability; Favorable age and draft capital","Hard to top his baseline (regression to the mean); Tough team setting (QB, blocking, schedule); Less opportunity next season",,24
00-0036997,Javonte Williams,RB,DAL,DAL,Dak Prescott,25.4,15.175,12.142,0.245,12.388,0.13,16.0,-1.194,0.025,0.601,1.128,0.218,0.348,Opportunity opening up next season; Favorable age and draft capital; Durable,Hard to top his baseline (regression to the mean),-0.054,20
00-0039361,Bucky Irving,RB,TB,TB,Baker Mayfield,23.0,13.85,14.181,-1.875,12.306,0.017,19.0,-2.602,1.058,0.692,1.382,-0.47,-1.105,"Opportunity opening up next season; Strong usage, efficiency and big-play ability; Favorable age and draft capital","Hard to top his baseline (regression to the mean); Missed games; Tough team setting (QB, blocking, schedule)",-0.003,21
00-0036875,Rhamondre Stevenson,RB,NE,NE,Drake Maye,27.5,12.771,12.231,-0.042,12.189,0.129,26.0,-0.5,0.825,-0.576,1.057,0.171,-0.136,"Opportunity opening up next season; Strong usage, efficiency and big-play ability",Less favorable age and draft capital; Hard to top his baseline (regression to the mean),-0.054,22
00-0040128,Tyler Warren,TE,IND,IND,Daniel Jones,23.3,11.088,11.088,1.076,12.164,0.424,4.0,-1.888,0.504,1.125,1.1,0.198,0.326,"Favorable age and draft capital; Opportunity opening up next season; Strong usage, efficiency and big-play ability; Durable",Hard to top his baseline (regression to the mean),,3
00-0034348,Courtland Sutton,WR,DEN,DEN,Bo Nix,29.9,12.924,13.939,-2.077,11.862,0.02,38.0,-1.854,0.957,-1.006,0.057,0.178,0.248,"Strong usage, efficiency and big-play ability",Hard to top his baseline (regression to the mean); Less favorable age and draft capital,,25
00-0033288,George Kittle,TE,SF,SF,Brock Purdy,31.9,14.682,15.312,-3.456,11.856,0.005,10.0,-2.967,-0.218,-0.52,0.599,0.172,-0.234,Opportunity opening up next season,Hard to top his baseline (regression to the mean); Less favorable age and draft capital,,4
00-0038544,Quentin Johnston,WR,LAC,LAC,Justin Herbert,24.0,13.169,12.354,-0.601,11.753,0.043,42.0,-1.178,0.304,0.679,0.448,-0.074,-0.123,"Favorable age and draft capital; Opportunity opening up next season; Strong usage, efficiency and big-play ability",Hard to top his baseline (regression to the mean),,26
00-0039919,Rome Odunze,WR,CHI,CHI,Caleb Williams,23.2,12.175,10.034,1.682,11.717,0.137,29.0,-0.24,1.33,0.919,0.447,0.1,-0.216,"Strong usage, efficiency and big-play ability; Favorable age and draft capital; Opportunity opening up next season",,,27
00-0037664,Alec Pierce,WR,IND,IND,Daniel Jones,25.3,12.22,11.119,0.492,11.611,0.063,43.0,-0.73,0.846,0.259,0.388,0.323,0.063,"Strong usage, efficiency and big-play ability; Opportunity opening up next season; Good team setting (QB, blocking, schedule); Favorable age and draft capital",Hard to top his baseline (regression to the mean),,28
00-0036158,J.K. Dobbins,RB,DEN,DEN,Bo Nix,26.7,11.59,13.378,-1.797,11.581,0.03,34.0,-1.833,0.733,0.097,1.121,0.173,-1.105,"Opportunity opening up next season; Strong usage, efficiency and big-play ability",Hard to top his baseline (regression to the mean); Missed games,-0.157,23
00-0037261,Khalil Shakir,WR,BUF,BUF,Josh Allen,25.6,10.4,11.255,0.168,11.423,0.056,50.0,-0.713,0.917,0.009,0.262,0.195,0.156,"Strong usage, efficiency and big-play ability; Opportunity opening up next season",Hard to top his baseline (regression to the mean),,29
00-0031588,Stefon Diggs,WR,NE,WAS,Jayden Daniels,31.8,12.371,13.289,-1.866,11.423,0.018,41.0,-1.595,0.961,-1.7,0.042,0.835,0.248,"Strong usage, efficiency and big-play ability; Good team setting (QB, blocking, schedule)",Less favorable age and draft capital; Hard to top his baseline (regression to the mean),,30
00-0036555,Chuba Hubbard,RB,CAR,CAR,Bryce Young,26.2,8.36,12.233,-0.848,11.385,0.069,33.0,-1.218,-0.598,-0.228,1.528,0.057,0.106,Opportunity opening up next season; New play-caller with a productive track record,Hard to top his baseline (regression to the mean); Weaker usage and efficiency profile,0.333,24
00-0034960,Jakobi Meyers,WR,JAX,JAX,Trevor Lawrence,28.8,10.988,12.703,-1.351,11.352,0.024,48.0,-1.347,1.131,-1.142,0.431,0.078,0.156,"Strong usage, efficiency and big-play ability; Opportunity opening up next season",Hard to top his baseline (regression to the mean); Less favorable age and draft capital,,31
00-0035261,Tony Pollard,RB,TEN,TEN,Cam Ward,28.3,10.929,11.712,-0.38,11.332,0.045,28.0,-0.512,0.253,-0.84,1.006,-0.597,0.59,"Opportunity opening up next season; Durable; New play-caller with a productive track record; Strong usage, efficiency and big-play ability","Less favorable age and draft capital; Tough team setting (QB, blocking, schedule); Hard to top his baseline (regression to the mean)",0.547,25
00-0038606,Parker Washington,WR,JAX,JAX,Trevor Lawrence,23.4,11.544,9.39,1.912,11.302,0.108,28.0,-0.041,1.154,0.574,0.648,0.078,0.156,"Strong usage, efficiency and big-play ability; Opportunity opening up next season; Favorable age and draft capital",,,32
00-0037228,Jaylen Warren,RB,PIT,PIT,Aaron Rodgers,26.8,13.569,11.006,0.279,11.286,0.122,27.0,-0.244,1.168,-1.55,1.135,0.089,0.348,"Strong usage, efficiency and big-play ability; Opportunity opening up next season; Durable",Less favorable age and draft capital,0.16,26
00-0040126,Colston Loveland,TE,CHI,CHI,Caleb Williams,21.4,10.319,10.319,0.868,11.187,0.248,3.0,-1.262,0.239,0.895,0.719,0.333,0.232,"Favorable age and draft capital; Opportunity opening up next season; Good team setting (QB, blocking, schedule)",Hard to top his baseline (regression to the mean),,5
00-0038997,Josh Downs,WR,IND,IND,Daniel Jones,24.1,8.65,10.73,0.413,11.143,0.061,39.0,-0.472,0.124,0.551,0.388,0.323,0.156,"Favorable age and draft capital; Opportunity opening up next season; Good team setting (QB, blocking, schedule)",Hard to top his baseline (regression to the mean),,33
00-0039849,Marvin Harrison Jr.,WR,ARI,ARI,Jacoby Brissett,23.1,10.65,11.183,-0.103,11.08,0.087,32.0,-0.677,0.193,0.957,0.362,-0.064,-0.216,Favorable age and draft capital; Opportunity opening up next season,Hard to top his baseline (regression to the mean),,34
00-0038994,Jordan Addison,WR,MIN,MIN,Kyler Murray,23.6,9.65,11.986,-0.935,11.052,0.048,47.0,-0.969,0.477,0.792,0.278,-0.825,-0.03,"Favorable age and draft capital; Strong usage, efficiency and big-play ability; Opportunity opening up next season","Hard to top his baseline (regression to the mean); Tough team setting (QB, blocking, schedule)",,35
00-0035659,Terry McLaurin,WR,WAS,WAS,Jayden Daniels,30.0,11.42,14.148,-3.143,11.005,0.055,23.0,-1.942,0.45,-1.111,0.738,-0.219,-0.402,"Opportunity opening up next season; Strong usage, efficiency and big-play ability",Hard to top his baseline (regression to the mean); Less favorable age and draft capital; Missed games,,36
00-0036252,Michael Pittman,WR,IND,PIT,Aaron Rodgers,27.9,11.906,11.158,-0.256,10.902,0.026,36.0,-0.655,0.859,-0.44,0.019,0.37,0.248,"Strong usage, efficiency and big-play ability; Good team setting (QB, blocking, schedule)",Hard to top his baseline (regression to the mean); Less favorable age and draft capital,,37
00-0039894,Xavier Worthy,WR,KC,KC,Patrick Mahomes,22.3,7.85,9.903,0.882,10.785,0.078,54.0,-0.136,-0.267,1.149,0.469,0.353,-0.03,"Favorable age and draft capital; Opportunity opening up next season; Good team setting (QB, blocking, schedule)",Weaker usage and efficiency profile,,38
00-0038559,Michael Wilson,WR,ARI,ARI,Jacoby Brissett,25.5,12.976,10.458,0.223,10.681,0.09,40.0,-0.55,0.768,0.117,0.362,-0.064,0.248,"Strong usage, efficiency and big-play ability; Opportunity opening up next season",Hard to top his baseline (regression to the mean),,39
00-0040730,RJ Harvey,RB,DEN,DEN,Bo Nix,24.6,12.153,12.153,-1.481,10.671,0.044,31.0,-0.733,-0.666,0.625,-0.485,0.173,0.59,Favorable age and draft capital; Durable,Hard to top his baseline (regression to the mean); Weaker usage and efficiency profile; Less opportunity next season,-0.157,27
00-0038124,Christian Watson,WR,GB,GB,Jordan Love,26.3,13.24,9.904,0.715,10.62,0.113,27.0,-0.258,0.522,-0.001,0.973,0.538,-0.402,"Opportunity opening up next season; Good team setting (QB, blocking, schedule); Strong usage, efficiency and big-play ability",Missed games; Hard to top his baseline (regression to the mean),,40
00-0037816,Romeo Doubs,WR,GB,NE,Drake Maye,25.4,10.338,10.259,0.238,10.496,0.022,53.0,-0.295,0.586,0.095,-0.155,0.509,0.156,"Strong usage, efficiency and big-play ability; Good team setting (QB, blocking, schedule)",Hard to top his baseline (regression to the mean),,41
00-0033921,Chris Godwin Jr.,WR,TB,TB,Baker Mayfield,29.5,9.222,13.8,-3.339,10.461,0.039,33.0,-1.782,0.275,-0.951,0.449,-0.178,-0.494,"Opportunity opening up next season; Strong usage, efficiency and big-play ability",Hard to top his baseline (regression to the mean); Less favorable age and draft capital; Missed games,,42
00-0031408,Mike Evans,WR,TB,SF,Brock Purdy,32.0,10.6,14.782,-4.407,10.375,0.035,30.0,-2.197,0.949,-1.508,-0.23,-0.177,-0.587,"Strong usage, efficiency and big-play ability",Hard to top his baseline (regression to the mean); Less favorable age and draft capital; Missed games,,43
00-0036613,Jaylen Waddle,WR,MIA,DEN,Bo Nix,26.8,12.132,11.088,-0.803,10.285,0.059,17.0,-0.668,1.272,-0.085,-0.638,-0.181,0.156,"Strong usage, efficiency and big-play ability",Hard to top his baseline (regression to the mean); Less opportunity next season,,44
00-0036259,Jauan Jennings,WR,SF,MIN,Kyler Murray,28.1,11.553,12.793,-2.54,10.254,0.012,64.0,-1.413,0.536,-0.81,-0.417,0.16,0.063,"Strong usage, efficiency and big-play ability",Hard to top his baseline (regression to the mean); Less favorable age and draft capital; Less opportunity next season,,45
00-0040663,Harold Fannin Jr.,TE,CLE,CLE,Deshaun Watson,21.1,11.65,11.65,-1.406,10.244,0.036,5.0,-1.872,-0.74,0.59,1.404,-0.733,0.232,Opportunity opening up next season; Favorable age and draft capital,"Hard to top his baseline (regression to the mean); Weaker usage and efficiency profile; Tough team setting (QB, blocking, schedule)",,6
00-0040735,Luther Burden III,WR,CHI,CHI,Caleb Williams,21.7,8.527,8.527,1.647,10.174,0.324,22.0,0.353,0.05,1.292,0.447,0.1,0.063,Favorable age and draft capital; Opportunity opening up next season; Room to grow from his baseline,,,46
00-0039065,Sam LaPorta,TE,DET,DET,Jared Goff,24.6,11.878,11.26,-1.104,10.156,0.025,8.0,-1.838,0.039,0.663,0.372,0.369,-0.421,"Favorable age and draft capital; Opportunity opening up next season; Good team setting (QB, blocking, schedule)",Hard to top his baseline (regression to the mean); Missed games,,7
00-0038933,Dalton Kincaid,TE,BUF,BUF,Josh Allen,25.9,10.508,9.076,0.971,10.047,0.262,11.0,-1.164,0.993,0.875,0.415,0.282,-0.141,"Strong usage, efficiency and big-play ability; Favorable age and draft capital; Opportunity opening up next season; Good team setting (QB, blocking, schedule)",Hard to top his baseline (regression to the mean),,8
00-0036970,Kyle Pitts,TE,ATL,ATL,Tua Tagovailoa,24.9,12.4,10.059,-0.026,10.032,0.182,7.0,-1.169,-0.462,0.303,1.176,0.089,0.326,Opportunity opening up next season; Durable; Favorable age and draft capital,Hard to top his baseline (regression to the mean); Weaker usage and efficiency profile,,9
00-0038996,Tucker Kraft,TE,GB,GB,Jordan Love,24.8,14.65,11.22,-1.198,10.022,0.033,6.0,-1.664,0.448,0.484,0.362,0.631,-0.515,"Good team setting (QB, blocking, schedule); Favorable age and draft capital; Strong usage, efficiency and big-play ability; Opportunity opening up next season",Hard to top his baseline (regression to the mean); Missed games,,10
00-0033090,Hunter Henry,TE,NE,NE,Drake Maye,30.7,10.518,9.824,0.115,9.939,0.171,20.0,-1.196,0.55,-0.43,0.856,0.296,0.326,"Opportunity opening up next season; Strong usage, efficiency and big-play ability; Durable; Good team setting (QB, blocking, schedule)",Hard to top his baseline (regression to the mean); Less favorable age and draft capital,,11
00-0035719,Deebo Samuel Sr.,WR,WAS,SF,Brock Purdy,29.6,11.763,11.09,-1.213,9.878,0.038,56.0,-0.666,1.31,-0.926,-0.23,-0.199,0.156,"Strong usage, efficiency and big-play ability",Less favorable age and draft capital; Hard to top his baseline (regression to the mean),,47
00-0035685,David Montgomery,RB,DET,HOU,C.J. Stroud,28.2,9.819,12.537,-2.679,9.858,0.013,21.0,-1.387,-0.415,-0.453,0.756,-0.263,0.59,Opportunity opening up next season; Durable,"Hard to top his baseline (regression to the mean); New play-caller with a weaker track record; Less favorable age and draft capital; Weaker usage and efficiency profile; Tough team setting (QB, blocking, schedule)",-0.679,28
00-0036407,Jerry Jeudy,WR,CLE,CLE,Deshaun Watson,26.4,7.1,10.635,-0.807,9.828,0.061,62.0,-0.452,0.783,0.03,0.429,-1.188,0.248,"Strong usage, efficiency and big-play ability; Opportunity opening up next season","Tough team setting (QB, blocking, schedule); Hard to top his baseline (regression to the mean)",,48
00-0034827,DJ Moore,WR,CHI,BUF,Josh Allen,28.4,10.128,12.067,-2.266,9.801,0.01,25.0,-1.044,0.146,-0.541,-0.433,0.016,0.248,,Hard to top his baseline (regression to the mean); Less favorable age and draft capital; Less opportunity next season,,49
00-0036139,Rico Dowdle,RB,CAR,PIT,Aaron Rodgers,27.2,12.724,12.548,-2.795,9.753,0.016,29.0,-1.402,0.992,-1.643,-0.926,-0.053,0.59,"Strong usage, efficiency and big-play ability; Durable; New play-caller with a productive track record",Less favorable age and draft capital; Hard to top his baseline (regression to the mean); Less opportunity next season,0.473,29
00-0039868,Troy Franklin,WR,DEN,DEN,Bo Nix,22.6,10.418,7.4,2.206,9.606,0.05,79.0,0.842,0.602,0.936,0.057,0.178,0.248,"Favorable age and draft capital; Room to grow from his baseline; Strong usage, efficiency and big-play ability",,,50
00-0036919,Kenny Gainwell,RB,PIT,TB,Baker Mayfield,26.5,13.018,8.35,1.215,9.565,0.138,32.0,1.867,1.086,-0.473,-0.876,-0.149,0.59,"Room to grow from his baseline; Strong usage, efficiency and big-play ability; Durable",Less opportunity next season; Less favorable age and draft capital,-0.002,30
00-0030506,Travis Kelce,TE,KC,KC,Patrick Mahomes,35.9,11.365,11.776,-2.214,9.562,0.034,9.0,-2.107,-0.26,-0.688,0.959,-0.156,0.326,Opportunity opening up next season; Durable,Hard to top his baseline (regression to the mean); Less favorable age and draft capital; Weaker usage and efficiency profile,,12
00-0039384,Tyrone Tracy Jr.,RB,NYG,NYG,Jaxson Dart,25.8,10.72,10.722,-1.195,9.526,0.029,54.0,0.453,0.532,-0.408,-0.66,-0.113,0.106,"Strong usage, efficiency and big-play ability; Room to grow from his baseline",Less opportunity next season; Less favorable age and draft capital; New play-caller with a weaker track record,-0.278,31
00-0040242,Jacory Croskey-Merritt,RB,WAS,WAS,Jayden Daniels,24.4,8.253,8.253,1.254,9.507,0.039,39.0,1.499,-0.426,-0.517,1.389,-0.586,0.59,Room to grow from his baseline; Opportunity opening up next season; Durable,"Tough team setting (QB, blocking, schedule); Less favorable age and draft capital; Weaker usage and efficiency profile",0.133,32
00-0034351,Dallas Goedert,TE,PHI,PHI,Jalen Hurts,30.7,12.34,11.548,-2.044,9.504,0.018,13.0,-2.016,-0.645,0.044,0.84,-0.118,0.139,Opportunity opening up next season,Hard to top his baseline (regression to the mean); Weaker usage and efficiency profile,,13
00-0039901,Keon Coleman,WR,BUF,BUF,Josh Allen,22.3,8.533,8.556,0.722,9.278,0.066,93.0,0.382,-0.384,1.141,0.262,0.195,-0.216,Favorable age and draft capital; Room to grow from his baseline; Opportunity opening up next season,Weaker usage and efficiency profile,,51
00-0038041,Jake Ferguson,TE,DAL,DAL,Dak Prescott,26.6,11.065,9.435,-0.168,9.267,0.158,14.0,-1.308,-0.122,0.213,0.845,0.167,0.326,Opportunity opening up next season; Durable,Hard to top his baseline (regression to the mean),,14
00-0040667,Matthew Golden,WR,GB,GB,Jordan Love,22.1,5.0,5.0,4.133,9.133,0.099,51.0,1.904,-0.642,1.202,0.54,0.538,-0.03,"Room to grow from his baseline; Favorable age and draft capital; Opportunity opening up next season; Good team setting (QB, blocking, schedule)",Weaker usage and efficiency profile,,52
00-0030279,Keenan Allen,WR,LAC,IND,Daniel Jones,33.3,10.747,11.472,-2.404,9.068,0.01,71.0,-0.781,1.148,-1.991,-0.307,-0.064,0.248,"Strong usage, efficiency and big-play ability",Less favorable age and draft capital; Hard to top his baseline (regression to the mean); Less opportunity next season,,53
00-0037545,Rashid Shaheed,WR,SEA,SEA,Sam Darnold,27.0,8.7,9.933,-0.98,8.953,0.01,57.0,-0.136,0.023,-0.658,0.156,0.044,0.248,,Less favorable age and draft capital,,54
00-0038563,Tre Tucker,WR,LV,LV,Kirk Cousins,24.5,9.512,8.559,0.39,8.948,0.041,59.0,0.411,0.448,0.398,0.084,-0.542,0.248,"Strong usage, efficiency and big-play ability; Room to grow from his baseline; Favorable age and draft capital","Tough team setting (QB, blocking, schedule)",,55
00-0039491,Jalen Coker,WR,CAR,CAR,Bryce Young,23.8,8.218,8.316,0.586,8.903,0.057,52.0,0.434,-0.816,0.248,0.695,-0.287,-0.309,Opportunity opening up next season; Room to grow from his baseline,"Weaker usage and efficiency profile; Missed games; Tough team setting (QB, blocking, schedule)",,56
00-0034753,Mark Andrews,TE,BAL,BAL,Lamar Jackson,30.0,7.706,9.406,-0.545,8.861,0.095,16.0,-1.262,-0.385,-0.22,0.85,0.433,0.326,"Opportunity opening up next season; Good team setting (QB, blocking, schedule); Durable",Hard to top his baseline (regression to the mean); Weaker usage and efficiency profile,,15
00-0033293,Aaron Jones,RB,MIN,MIN,Kyler Murray,30.7,9.892,12.424,-3.61,8.814,0.016,40.0,-0.983,0.327,-1.879,1.099,-0.672,-0.62,"Opportunity opening up next season; Strong usage, efficiency and big-play ability","Less favorable age and draft capital; Hard to top his baseline (regression to the mean); Tough team setting (QB, blocking, schedule); Missed games",-0.054,33
00-0038621,DeMario Douglas,WR,NE,NE,Drake Maye,24.7,5.988,7.609,1.203,8.812,0.034,103.0,0.831,-0.659,0.152,0.54,0.84,0.156,"Good team setting (QB, blocking, schedule); Room to grow from his baseline; Opportunity opening up next season",Weaker usage and efficiency profile,,57
00-0033908,Cooper Kupp,WR,SEA,SEA,Sam Darnold,32.2,7.269,10.404,-1.669,8.735,0.015,82.0,-0.334,0.681,-1.713,0.156,0.044,0.156,"Strong usage, efficiency and big-play ability",Less favorable age and draft capital; Hard to top his baseline (regression to the mean),,58
00-0038129,Cade Otton,TE,TB,TB,Baker Mayfield,26.4,8.147,9.062,-0.468,8.594,0.035,29.0,-0.967,-0.393,0.294,0.691,0.057,0.139,Opportunity opening up next season; Favorable age and draft capital,Hard to top his baseline (regression to the mean); Weaker usage and efficiency profile,,16
00-0040236,Kyle Monangai,RB,CHI,CHI,Caleb Williams,23.2,8.629,8.629,-0.123,8.507,0.035,41.0,1.447,-0.746,-0.082,-0.548,0.099,0.59,Room to grow from his baseline; Durable,Weaker usage and efficiency profile; Less opportunity next season,-0.054,34
00-0036894,Pat Freiermuth,TE,PIT,PIT,Aaron Rodgers,26.9,7.573,8.872,-0.405,8.467,0.04,28.0,-1.011,0.047,0.327,0.357,0.024,0.139,Opportunity opening up next season; Favorable age and draft capital,Hard to top his baseline (regression to the mean),,17
00-0036550,Rashod Bateman,WR,BAL,BAL,Lamar Jackson,25.8,4.262,7.931,0.518,8.449,0.022,85.0,0.726,-0.938,0.171,0.283,-0.222,-0.123,Room to grow from his baseline; Opportunity opening up next season,Weaker usage and efficiency profile,,59
00-0035700,Josh Jacobs,RB,GB,GB,Jordan Love,27.6,15.807,16.569,-8.144,8.425,0.001,47.0,-4.184,0.488,0.044,-3.805,0.088,0.106,"Strong usage, efficiency and big-play ability",Hard to top his baseline (regression to the mean); Less opportunity next season,-0.054,35
00-0040719,Bhayshul Tuten,RB,JAX,JAX,Trevor Lawrence,23.5,5.907,5.907,2.509,8.416,0.042,23.0,3.052,-1.528,0.666,1.61,-0.239,0.106,Room to grow from his baseline; Opportunity opening up next season; Favorable age and draft capital,Weaker usage and efficiency profile,-0.054,36
00-0039032,Tyjae Spears,RB,TEN,TEN,Cam Ward,24.2,8.592,9.012,-0.627,8.385,0.026,44.0,1.058,-0.255,0.633,-0.531,-0.597,-0.378,Room to grow from his baseline; Favorable age and draft capital; New play-caller with a productive track record,"Tough team setting (QB, blocking, schedule); Less opportunity next season; Missed games; Weaker usage and efficiency profile",0.547,37
00-0036040,Juwan Johnson,TE,NO,NO,Tyler Shough,29.0,10.582,9.459,-1.091,8.369,0.046,15.0,-1.033,-0.267,-0.808,1.099,-0.118,0.326,Opportunity opening up next season; Durable,Hard to top his baseline (regression to the mean); Less favorable age and draft capital; Weaker usage and efficiency profile,,18
00-0034837,Calvin Ridley,WR,TEN,TEN,Cam Ward,30.7,6.757,10.271,-1.933,8.338,0.058,77.0,-0.248,-0.065,-1.216,0.43,-0.775,-0.68,Opportunity opening up next season,"Less favorable age and draft capital; Tough team setting (QB, blocking, schedule); Missed games",,60
00-0039738,Blake Corum,RB,LA,LA,Matthew Stafford,24.8,7.188,4.866,3.313,8.179,0.154,36.0,3.986,-0.97,0.429,-0.528,0.511,0.59,"Room to grow from his baseline; Durable; Good team setting (QB, blocking, schedule); Favorable age and draft capital",Weaker usage and efficiency profile; Less opportunity next season,-0.054,38
00-0040583,Woody Marks,RB,HOU,HOU,C.J. Stroud,24.7,9.069,9.069,-0.894,8.175,0.044,42.0,1.052,-0.734,0.231,-0.395,-0.514,0.348,Room to grow from his baseline; Durable,"Weaker usage and efficiency profile; Tough team setting (QB, blocking, schedule); Less opportunity next season",-0.054,39
00-0040162,Dylan Sampson,RB,CLE,CLE,Deshaun Watson,21.0,5.84,5.84,2.331,8.171,0.127,46.0,3.118,-0.452,1.268,-0.525,-1.042,0.106,Room to grow from his baseline; Favorable age and draft capital; New play-caller with a productive track record,"Tough team setting (QB, blocking, schedule); Less opportunity next season; Weaker usage and efficiency profile",0.962,40
00-0038935,Brenton Strange,TE,JAX,JAX,Trevor Lawrence,24.7,9.833,8.042,0.085,8.127,0.02,18.0,-0.43,0.13,0.55,0.456,-0.192,-0.141,Favorable age and draft capital; Opportunity opening up next season,Hard to top his baseline (regression to the mean),,19
00-0034383,Dalton Schultz,TE,HOU,HOU,C.J. Stroud,29.1,10.453,8.703,-0.664,8.039,0.063,17.0,-0.725,-0.388,-0.575,0.964,0.022,0.326,Opportunity opening up next season; Durable,Hard to top his baseline (regression to the mean); Less favorable age and draft capital; Weaker usage and efficiency profile,,20
00-0033923,Kareem Hunt,RB,KC,,,30.1,8.553,10.027,-2.01,8.016,0.032,105.0,0.38,-1.484,-1.077,-0.496,0.577,0.59,"Durable; Good team setting (QB, blocking, schedule); Room to grow from his baseline",Weaker usage and efficiency profile; Less favorable age and draft capital; Less opportunity next season,-0.054,41
00-0038104,Tyquan Thornton,WR,KC,KC,Patrick Mahomes,25.1,6.733,5.594,2.377,7.971,0.023,97.0,1.649,-1.037,0.322,0.686,0.353,-0.216,"Room to grow from his baseline; Opportunity opening up next season; Good team setting (QB, blocking, schedule); Favorable age and draft capital",Weaker usage and efficiency profile,,61
00-0036244,Colby Parkinson,TE,LA,LA,Matthew Stafford,26.7,9.271,6.507,1.456,7.963,0.052,32.0,0.429,0.336,-0.332,1.236,0.028,0.046,"Opportunity opening up next season; Room to grow from his baseline; Strong usage, efficiency and big-play ability",Less favorable age and draft capital,,21
00-0039793,AJ Barner,TE,SEA,SEA,Sam Darnold,23.3,8.665,7.056,0.893,7.95,0.264,23.0,-0.229,-0.265,0.357,0.624,0.368,0.326,"Opportunity opening up next season; Good team setting (QB, blocking, schedule); Favorable age and draft capital; Durable",Weaker usage and efficiency profile,,22
00-0033906,Alvin Kamara,RB,NO,NO,Tyler Shough,30.1,9.155,14.64,-6.977,7.663,0.001,52.0,-2.501,-0.69,-0.954,-0.444,-0.644,-0.862,,"Hard to top his baseline (regression to the mean); Less favorable age and draft capital; Missed games; Weaker usage and efficiency profile; Tough team setting (QB, blocking, schedule); Less opportunity next season",-0.054,42
00-0036309,Darnell Mooney,WR,ATL,NYG,Jaxson Dart,27.8,5.487,8.887,-1.275,7.612,0.016,84.0,0.288,0.088,-0.648,-0.112,-0.297,0.063,Room to grow from his baseline,"Less favorable age and draft capital; Tough team setting (QB, blocking, schedule)",,62
00-0037256,Rachaad White,RB,TB,WAS,Jayden Daniels,26.6,8.412,10.706,-3.151,7.556,0.006,37.0,-0.248,-0.999,-0.133,-0.939,-0.613,0.59,Durable,"Weaker usage and efficiency profile; Less opportunity next season; Tough team setting (QB, blocking, schedule)",0.019,43
00-0040189,Oronde Gadsden II,TE,LAC,LAC,Justin Herbert,22.2,8.76,8.76,-1.231,7.529,0.018,27.0,-1.114,0.403,0.278,-0.449,-0.199,0.139,"Strong usage, efficiency and big-play ability; Favorable age and draft capital",Hard to top his baseline (regression to the mean); Less opportunity next season,,23
00-0033881,Evan Engram,TE,DEN,DEN,Bo Nix,31.0,6.425,7.692,-0.247,7.445,0.059,30.0,-0.532,-0.136,-0.065,0.644,-0.103,0.232,Opportunity opening up next season,Hard to top his baseline (regression to the mean),,24
00-0040170,Elic Ayomanor,WR,TEN,TEN,Cam Ward,22.2,7.281,7.281,0.156,7.438,0.023,95.0,0.927,0.172,0.981,-0.646,-0.775,0.156,Favorable age and draft capital; Room to grow from his baseline,"Tough team setting (QB, blocking, schedule); Less opportunity next season",,63
00-0039342,Xavier Legette,WR,CAR,CAR,Bryce Young,24.6,5.953,7.147,0.238,7.385,0.047,99.0,1.009,-0.622,0.471,0.262,-0.287,0.063,Room to grow from his baseline; Favorable age and draft capital; Opportunity opening up next season,"Weaker usage and efficiency profile; Tough team setting (QB, blocking, schedule)",,64
00-0039890,Adonai Mitchell,WR,NYJ,NYJ,Geno Smith,22.9,5.494,4.293,3.06,7.352,0.166,60.0,2.118,0.495,0.933,0.589,-0.574,0.156,"Room to grow from his baseline; Favorable age and draft capital; Opportunity opening up next season; Strong usage, efficiency and big-play ability","Tough team setting (QB, blocking, schedule)",,65
00-0039880,Malik Washington,WR,MIA,MIA,Malik Willis,24.9,6.865,5.597,1.743,7.34,0.036,70.0,1.61,-0.173,0.125,0.778,-0.188,0.248,Room to grow from his baseline; Opportunity opening up next season,,,66
00-0040736,Mason Taylor,TE,NYJ,NYJ,Geno Smith,21.3,6.838,6.838,0.432,7.271,0.035,34.0,-0.224,-0.568,0.732,0.618,0.21,-0.048,Favorable age and draft capital; Opportunity opening up next season,Weaker usage and efficiency profile,,25
00-0039875,Ray Davis,RB,BUF,BUF,Josh Allen,25.8,3.771,5.3,1.948,7.248,0.076,58.0,3.627,-0.834,-0.161,-0.56,0.445,0.59,"Room to grow from his baseline; Durable; Good team setting (QB, blocking, schedule)",Weaker usage and efficiency profile; Less opportunity next season,-0.054,44
00-0040727,Tre Harris,WR,LAC,LAC,Justin Herbert,23.5,4.338,4.338,2.91,7.247,0.066,67.0,2.148,-1.345,0.739,0.665,-0.074,0.156,Room to grow from his baseline; Favorable age and draft capital; Opportunity opening up next season,Weaker usage and efficiency profile,,67
00-0037666,Jalen Tolbert,WR,DAL,MIA,Malik Willis,26.5,3.858,6.838,0.302,7.14,0.014,114.0,1.171,-1.549,-0.151,0.082,0.344,-0.216,"Room to grow from his baseline; Good team setting (QB, blocking, schedule)",Weaker usage and efficiency profile,,68
00-0039847,Theo Johnson,TE,NYG,NYG,Jaxson Dart,24.5,8.52,7.535,-0.395,7.139,0.021,37.0,-0.408,-0.174,0.579,-0.254,0.012,0.139,Favorable age and draft capital,Hard to top his baseline (regression to the mean); Less opportunity next season,,26
00-0040138,Jaylin Noel,WR,HOU,HOU,C.J. Stroud,23.0,4.024,4.024,3.099,7.123,0.051,74.0,2.294,-1.537,0.844,0.509,0.12,0.248,Room to grow from his baseline; Favorable age and draft capital; Opportunity opening up next season,Weaker usage and efficiency profile,,69
00-0030061,Zach Ertz,TE,WAS,,,34.8,9.723,10.127,-3.009,7.117,0.002,64.0,-1.366,-0.451,-0.701,0.249,0.075,-0.048,,Hard to top his baseline (regression to the mean); Less favorable age and draft capital; Weaker usage and efficiency profile,,27
00-0038393,Dontayvion Wicks,WR,GB,PHI,Jalen Hurts,24.2,5.831,6.21,0.863,7.073,0.031,65.0,1.356,-0.553,0.385,0.07,0.386,-0.123,"Room to grow from his baseline; Good team setting (QB, blocking, schedule); Favorable age and draft capital",Weaker usage and efficiency profile,,70
00-0040669,Isaac TeSlaa,WR,DET,DET,Jared Goff,23.5,5.421,5.421,1.591,7.013,0.016,78.0,1.685,-2.117,0.714,0.453,0.265,-0.03,"Room to grow from his baseline; Favorable age and draft capital; Opportunity opening up next season; Good team setting (QB, blocking, schedule)",Weaker usage and efficiency profile,,71
00-0039424,Devaughn Vele,WR,NO,NO,Tyler Shough,27.7,7.367,7.855,-0.846,7.009,0.027,92.0,0.64,-1.027,-0.78,0.479,-0.284,-0.494,Room to grow from his baseline; Opportunity opening up next season,"Weaker usage and efficiency profile; Less favorable age and draft capital; Missed games; Tough team setting (QB, blocking, schedule)",,72
00-0039410,Ryan Flournoy,WR,DAL,DAL,Dak Prescott,25.8,7.6,5.508,1.488,6.996,0.062,69.0,1.602,-0.613,-0.193,0.142,0.328,0.063,"Room to grow from his baseline; Good team setting (QB, blocking, schedule)",Weaker usage and efficiency profile,,73
00-0034829,Mike Gesicki,TE,CIN,CIN,Joe Burrow,29.9,5.892,7.579,-0.592,6.986,0.007,35.0,-0.288,-0.055,-0.028,0.264,-0.056,-0.141,Opportunity opening up next season,Hard to top his baseline (regression to the mean),,28
00-0035229,T.J. Hockenson,TE,MIN,MIN,Kyler Murray,28.2,7.52,7.972,-1.061,6.911,0.021,21.0,-0.625,-0.498,0.177,0.705,-0.672,0.139,Opportunity opening up next season,"Tough team setting (QB, blocking, schedule); Hard to top his baseline (regression to the mean); Weaker usage and efficiency profile",,29
00-0038608,Kayshon Boutte,WR,NE,HOU,C.J. Stroud,23.3,8.864,8.483,-1.597,6.886,0.003,61.0,0.444,-1.279,0.6,-1.48,0.805,-0.03,"Good team setting (QB, blocking, schedule); Favorable age and draft capital; Room to grow from his baseline",Less opportunity next season; Weaker usage and efficiency profile,,74
00-0040237,Tez Johnson,WR,TB,TB,Baker Mayfield,23.3,6.16,6.16,0.696,6.856,0.008,120.0,1.4,-1.29,0.491,-0.411,-0.178,0.063,Room to grow from his baseline; Favorable age and draft capital,Weaker usage and efficiency profile; Less opportunity next season,,75
00-0037838,Isaiah Likely,TE,BAL,NYG,Jaxson Dart,25.4,5.142,6.867,-0.044,6.823,0.014,12.0,-0.16,0.051,0.009,0.14,0.346,-0.141,"Good team setting (QB, blocking, schedule)",,,30
00-0040584,Gunnar Helm,TE,TEN,TEN,Cam Ward,23.0,5.731,5.731,1.026,6.757,0.031,25.0,0.327,-0.342,0.592,0.848,-0.343,0.232,Opportunity opening up next season; Favorable age and draft capital; Room to grow from his baseline,"Tough team setting (QB, blocking, schedule); Weaker usage and efficiency profile",,31
00-0039916,Ricky Pearsall,WR,SF,SF,Brock Purdy,25.0,9.844,9.105,-2.355,6.75,0.008,,0.183,-0.326,0.356,-1.688,0.272,-0.494,"Favorable age and draft capital; Good team setting (QB, blocking, schedule)",Less opportunity next season; Missed games; Weaker usage and efficiency profile,,76
00-0040705,Chimere Dike,WR,TEN,TEN,Cam Ward,23.7,7.535,7.535,-0.837,6.698,0.016,94.0,0.79,-0.612,0.599,-0.43,-0.775,0.248,Room to grow from his baseline; Favorable age and draft capital,"Tough team setting (QB, blocking, schedule); Weaker usage and efficiency profile; Less opportunity next season",,77
00-0040202,Devin Neal,RB,NO,,,22.1,6.667,6.667,-0.001,6.665,0.031,82.0,3.065,-0.898,0.563,-0.496,-0.112,-1.347,Room to grow from his baseline; Favorable age and draft capital,Missed games; Weaker usage and efficiency profile; Less opportunity next season,-0.054,45
00-0038555,Tank Bigsby,RB,PHI,PHI,Jalen Hurts,23.0,3.587,5.897,0.728,6.624,0.015,53.0,3.225,-0.976,0.945,-0.608,-0.89,0.106,Room to grow from his baseline; Favorable age and draft capital,"Weaker usage and efficiency profile; Tough team setting (QB, blocking, schedule); Less opportunity next season",0.03,46
00-0040130,Jayden Higgins,WR,HOU,HOU,C.J. Stroud,22.7,7.618,7.618,-1.021,6.597,0.008,,0.746,-0.625,1.008,-1.861,0.12,0.248,Favorable age and draft capital; Room to grow from his baseline,Less opportunity next season; Weaker usage and efficiency profile,,78
00-0037252,Greg Dulcich,TE,MIA,MIA,Malik Willis,25.4,6.978,5.431,1.135,6.566,0.096,24.0,0.307,1.009,0.284,0.195,0.194,-0.421,"Strong usage, efficiency and big-play ability; Room to grow from his baseline; Favorable age and draft capital",Missed games,,32
00-0038619,Andrei Iosivas,WR,CIN,CIN,Joe Burrow,25.9,5.993,6.556,-0.122,6.434,0.012,105.0,1.24,-1.019,-0.191,0.192,0.25,0.063,Room to grow from his baseline,Weaker usage and efficiency profile,,79
00-0038976,Marvin Mims Jr.,WR,DEN,DEN,Bo Nix,23.5,6.333,7.016,-0.582,6.434,0.013,101.0,1.063,-0.962,0.753,-1.019,0.178,0.063,Room to grow from his baseline; Favorable age and draft capital,Less opportunity next season; Weaker usage and efficiency profile,,80
00-0036290,Cole Kmet,TE,CHI,CHI,Caleb Williams,26.5,4.919,6.222,0.168,6.39,0.035,46.0,0.078,-0.088,0.061,-0.16,0.333,0.232,"Good team setting (QB, blocking, schedule)",,,33
00-0035662,Marquise Brown,WR,KC,PHI,Jalen Hurts,28.2,8.606,8.656,-2.29,6.365,0.003,113.0,0.377,-0.68,-0.498,-1.224,0.236,0.156,Room to grow from his baseline,Less opportunity next season; Weaker usage and efficiency profile; Less favorable age and draft capital,,81
00-0036988,Josh Palmer,WR,BUF,BUF,Josh Allen,25.9,4.358,5.915,0.396,6.311,0.009,118.0,1.542,-0.987,0.057,-0.815,0.195,-0.216,Room to grow from his baseline,Weaker usage and efficiency profile; Less opportunity next season,,82
00-0037263,Tyler Allgeier,RB,ATL,ARI,Jacoby Brissett,25.4,7.235,6.741,-0.453,6.288,0.012,43.0,2.588,-1.518,-0.165,-0.814,-0.154,0.59,Room to grow from his baseline; Durable,Weaker usage and efficiency profile; Less opportunity next season,-0.153,47
00-0035689,Dawson Knox,TE,BUF,BUF,Josh Allen,28.8,6.481,5.427,0.827,6.253,0.051,47.0,0.581,0.266,-0.154,-0.092,0.282,0.232,"Room to grow from his baseline; Good team setting (QB, blocking, schedule); Strong usage, efficiency and big-play ability",,,34
00-0034791,Nick Chubb,RB,HOU,,,29.7,5.887,6.591,-0.425,6.167,0.039,,2.36,-1.273,-0.64,-0.496,0.019,0.106,Room to grow from his baseline,Weaker usage and efficiency profile; Less favorable age and draft capital; Less opportunity next season,-0.054,48
00-0037525,Jordan Mason,RB,MIN,MIN,Kyler Murray,26.3,8.056,8.711,-2.592,6.118,0.004,38.0,1.057,-0.536,-1.401,-0.507,-0.672,0.348,Room to grow from his baseline; Durable,"Less favorable age and draft capital; Tough team setting (QB, blocking, schedule); Weaker usage and efficiency profile; Less opportunity next season",-0.054,49
00-0037746,Brian Robinson,RB,SF,ATL,Tua Tagovailoa,26.4,3.676,7.171,-1.062,6.109,0.007,57.0,2.257,-1.724,-0.119,-0.908,0.008,0.59,Room to grow from his baseline; Durable,Weaker usage and efficiency profile; Less opportunity next season; New play-caller with a weaker track record,-0.338,50
00-0039391,Kimani Vidal,RB,LAC,LAC,Justin Herbert,24.0,9.069,6.845,-0.758,6.087,0.017,60.0,2.419,-0.64,0.03,-2.117,-0.163,-0.378,Room to grow from his baseline,Less opportunity next season; Weaker usage and efficiency profile; Missed games,0.1,51
00-0037809,Chig Okonkwo,TE,TEN,WAS,Jayden Daniels,26.0,7.294,7.2,-1.117,6.083,0.033,19.0,-0.207,-0.393,0.069,-0.28,-0.344,0.326,Durable,"Weaker usage and efficiency profile; Tough team setting (QB, blocking, schedule); Less opportunity next season",,35
00-0039739,Roman Wilson,WR,PIT,PIT,Aaron Rodgers,24.2,4.289,4.289,1.683,5.972,0.042,,2.184,-1.86,0.499,0.715,0.019,-0.494,Room to grow from his baseline; Opportunity opening up next season; Favorable age and draft capital,Weaker usage and efficiency profile; Missed games,,83
00-0040131,Kyle Williams,WR,NE,NE,Drake Maye,22.8,3.514,3.514,2.452,5.966,0.013,104.0,2.465,-2.043,0.92,-0.32,0.84,-0.03,"Room to grow from his baseline; Favorable age and draft capital; Good team setting (QB, blocking, schedule)",Weaker usage and efficiency profile; Less opportunity next season,,84
00-0040134,Pat Bryant,WR,DEN,DEN,Bo Nix,22.7,5.754,5.754,0.205,5.958,0.026,68.0,1.528,-0.859,0.94,-0.803,0.178,-0.123,Room to grow from his baseline; Favorable age and draft capital,Weaker usage and efficiency profile; Less opportunity next season,,85
00-0033885,David Njoku,TE,CLE,LAC,Justin Herbert,29.1,7.845,10.673,-4.728,5.945,0.003,31.0,-1.809,-0.347,-0.342,-1.137,-0.571,-0.234,,"Hard to top his baseline (regression to the mean); Less opportunity next season; Tough team setting (QB, blocking, schedule); Weaker usage and efficiency profile; Less favorable age and draft capital",,36
00-0037005,Tommy Tremble,TE,CAR,CAR,Bryce Young,25.2,4.26,4.812,1.114,5.926,0.06,53.0,0.602,-0.254,-0.026,0.694,0.247,0.139,Opportunity opening up next season; Room to grow from his baseline,Weaker usage and efficiency profile,,37
00-0038558,Darnell Washington,TE,PIT,PIT,Aaron Rodgers,24.0,5.646,4.554,1.368,5.922,0.018,38.0,0.673,0.57,0.31,0.128,0.024,-0.048,"Room to grow from his baseline; Strong usage, efficiency and big-play ability; Favorable age and draft capital",,,38
00-0033858,Jonnu Smith,TE,PIT,GB,Jordan Love,30.0,5.012,9.044,-3.205,5.839,0.006,54.0,-1.216,-0.7,-0.554,-0.756,-0.017,0.326,Durable,Hard to top his baseline (regression to the mean); Less opportunity next season; Weaker usage and efficiency profile; Less favorable age and draft capital,,39
00-0037112,Jake Tonges,TE,SF,SF,Brock Purdy,26.2,9.33,7.775,-1.971,5.804,0.001,40.0,-0.572,-0.547,-0.636,0.227,0.172,-0.328,,Less favorable age and draft capital; Hard to top his baseline (regression to the mean); Weaker usage and efficiency profile; Missed games,,40
00-0033555,Mack Hollins,WR,NE,NE,Drake Maye,32.0,8.1,6.845,-1.108,5.738,0.005,106.0,1.062,-0.263,-1.738,-0.32,0.84,-0.03,"Room to grow from his baseline; Good team setting (QB, blocking, schedule)",Less favorable age and draft capital; Less opportunity next season; Weaker usage and efficiency profile,,86
00-0033307,Kendrick Bourne,WR,SF,ARI,Jacoby Brissett,30.1,6.579,6.046,-0.349,5.697,0.007,116.0,1.478,-0.372,-1.494,-0.333,0.243,-0.03,Room to grow from his baseline,Less favorable age and draft capital; Weaker usage and efficiency profile; Less opportunity next season,,87
00-0039165,Zach Charbonnet,RB,SEA,SEA,Sam Darnold,24.6,11.338,11.161,-5.486,5.675,0.001,51.0,-0.085,-1.243,0.703,-3.611,-0.47,0.348,Favorable age and draft capital; Durable,"Less opportunity next season; Weaker usage and efficiency profile; Tough team setting (QB, blocking, schedule); New play-caller with a weaker track record",-0.3,52
00-0033110,Tyler Higbee,TE,LA,LA,Matthew Stafford,32.7,7.11,7.515,-1.849,5.667,0.003,48.0,-0.269,0.183,-0.517,-0.657,0.028,-0.328,,Less opportunity next season; Less favorable age and draft capital; Missed games; Hard to top his baseline (regression to the mean),,41
00-0038618,Xavier Hutchinson,WR,HOU,HOU,C.J. Stroud,25.3,6.125,4.057,1.547,5.604,0.016,112.0,2.264,-0.83,-0.014,0.509,0.12,0.156,Room to grow from his baseline; Opportunity opening up next season,Weaker usage and efficiency profile,,88
00-0040648,Tory Horton,WR,SEA,SEA,Sam Darnold,22.8,8.137,8.137,-2.56,5.578,0.001,96.0,0.56,-1.53,0.754,-0.921,0.044,-0.587,Favorable age and draft capital; Room to grow from his baseline,Weaker usage and efficiency profile; Less opportunity next season; Missed games,,89
00-0038611,Chris Rodriguez Jr.,RB,WAS,JAX,Trevor Lawrence,25.9,7.667,6.5,-0.965,5.535,0.016,45.0,2.967,-1.206,-0.6,-0.683,-0.459,-0.62,Room to grow from his baseline; New play-caller with a productive track record,"Weaker usage and efficiency profile; Less opportunity next season; Missed games; Less favorable age and draft capital; Tough team setting (QB, blocking, schedule)",0.464,53
00-0035208,Olamide Zaccheaus,WR,CHI,ATL,Tua Tagovailoa,28.1,6.057,6.64,-1.129,5.511,0.005,121.0,1.228,-0.7,-0.938,-0.009,-0.023,-0.03,Room to grow from his baseline,Less favorable age and draft capital; Weaker usage and efficiency profile,,90
00-0037291,Jalen Nailor,WR,MIN,LV,Kirk Cousins,26.5,5.924,6.428,-0.962,5.466,0.014,72.0,1.274,-0.425,-0.327,-0.395,-0.681,0.248,Room to grow from his baseline,"Tough team setting (QB, blocking, schedule); Weaker usage and efficiency profile; Less opportunity next season; Less favorable age and draft capital",,91
00-0040729,Jack Bech,WR,LV,LV,Kirk Cousins,22.7,3.029,3.029,2.363,5.392,0.08,91.0,2.69,-1.643,0.968,0.3,-0.542,-0.03,Room to grow from his baseline; Favorable age and draft capital; Opportunity opening up next season,"Weaker usage and efficiency profile; Tough team setting (QB, blocking, schedule)",,92
00-0040078,Brashard Smith,RB,KC,KC,Patrick Mahomes,22.4,3.724,3.724,1.644,5.368,0.059,86.0,4.41,-0.975,0.188,-1.815,0.404,0.59,"Room to grow from his baseline; Durable; Good team setting (QB, blocking, schedule)",Less opportunity next season; Weaker usage and efficiency profile,-0.054,54
00-0037741,Jahan Dotson,WR,PHI,ATL,Tua Tagovailoa,25.4,3.347,3.176,2.093,5.268,0.014,107.0,2.65,-1.263,0.293,-0.225,-0.046,0.063,Room to grow from his baseline; Favorable age and draft capital,Weaker usage and efficiency profile,,93
00-0037837,Calvin Austin III,WR,PIT,NYG,Jaxson Dart,26.4,6.157,6.677,-1.416,5.262,0.007,,1.213,-0.482,-0.207,-1.188,-0.064,-0.03,Room to grow from his baseline,Less opportunity next season; Weaker usage and efficiency profile,,94
00-0039751,Jordan Whittington,WR,LA,LA,Matthew Stafford,24.9,2.42,3.062,2.195,5.257,0.013,144.0,2.715,-2.131,0.075,0.26,0.592,0.063,"Room to grow from his baseline; Good team setting (QB, blocking, schedule); Opportunity opening up next season",Weaker usage and efficiency profile,,95
00-0036626,Dyami Brown,WR,JAX,WAS,Jayden Daniels,25.8,4.518,4.504,0.742,5.246,0.007,152.0,2.133,-0.845,0.077,-1.034,0.099,-0.309,Room to grow from his baseline,Less opportunity next season; Weaker usage and efficiency profile; Missed games,,96
00-0038046,Charlie Kolar,TE,BAL,LAC,Justin Herbert,26.6,2.785,2.804,2.393,5.197,0.031,36.0,1.228,0.335,0.218,0.557,0.391,-0.048,"Room to grow from his baseline; Opportunity opening up next season; Good team setting (QB, blocking, schedule); Strong usage, efficiency and big-play ability",,,42
00-0039066,Michael Mayer,TE,LV,LV,Kirk Cousins,24.2,5.677,4.6,0.482,5.082,0.019,41.0,0.717,-0.214,0.606,-0.004,-0.287,-0.048,Room to grow from his baseline; Favorable age and draft capital,"Tough team setting (QB, blocking, schedule)",,43
00-0039874,Jaylen Wright,RB,MIA,MIA,Malik Willis,22.4,5.356,3.405,1.616,5.021,0.029,67.0,4.726,-0.434,0.903,-0.662,-0.654,-1.347,Room to grow from his baseline; Favorable age and draft capital,"Missed games; Less opportunity next season; Tough team setting (QB, blocking, schedule); Weaker usage and efficiency profile",0.189,55
00-0040782,Isaiah Bond,WR,CLE,CLE,Deshaun Watson,21.5,3.647,3.647,1.373,5.019,0.008,115.0,2.442,-1.038,0.905,-0.431,-1.188,0.063,Room to grow from his baseline; Favorable age and draft capital,"Tough team setting (QB, blocking, schedule); Weaker usage and efficiency profile; Less opportunity next season",,97
00-0032775,Demarcus Robinson,WR,SF,SF,Brock Purdy,30.9,4.157,5.861,-0.844,5.017,0.003,134.0,1.532,-1.427,-1.417,-0.395,0.272,-0.03,"Room to grow from his baseline; Good team setting (QB, blocking, schedule)",Weaker usage and efficiency profile; Less favorable age and draft capital; Less opportunity next season,,98
00-0037801,KaVontae Turpin,WR,DAL,DAL,Dak Prescott,29.1,5.633,5.897,-0.88,5.017,0.002,128.0,1.509,-1.452,-1.23,-0.718,0.328,0.063,"Room to grow from his baseline; Good team setting (QB, blocking, schedule)",Weaker usage and efficiency profile; Less favorable age and draft capital; Less opportunity next season,,99
00-0036980,Elijah Moore,WR,BUF,PHI,Jalen Hurts,25.4,3.178,5.75,-0.745,5.005,0.007,153.0,1.612,-1.841,0.276,-1.007,0.089,-0.494,Room to grow from his baseline; Favorable age and draft capital,Weaker usage and efficiency profile; Less opportunity next season; Missed games,,100
00-0036924,Michael Carter,RB,ARI,TEN,Cam Ward,26.3,7.615,8.425,-3.446,4.979,0.001,111.0,1.405,-1.448,-0.134,-1.055,-0.479,-0.378,Room to grow from his baseline,"Weaker usage and efficiency profile; Less opportunity next season; Tough team setting (QB, blocking, schedule); Missed games",-0.105,56
00-0035644,Noah Fant,TE,CIN,NO,Tyler Shough,27.8,5.754,6.622,-1.67,4.952,0.008,52.0,-0.349,-0.203,0.069,-0.712,-0.139,-0.048,,Less opportunity next season; Hard to top his baseline (regression to the mean),,44
00-0040737,Terrance Ferguson,TE,LA,LA,Matthew Stafford,22.5,4.736,4.736,0.167,4.904,0.006,22.0,0.611,0.454,0.871,-1.274,0.028,-0.234,"Favorable age and draft capital; Room to grow from his baseline; Strong usage, efficiency and big-play ability",Less opportunity next season,,45
00-0040194,Jackson Hawes,TE,BUF,BUF,Josh Allen,24.7,4.054,4.054,0.82,4.874,0.007,67.0,0.917,0.334,0.568,-0.945,0.282,-0.048,"Room to grow from his baseline; Favorable age and draft capital; Strong usage, efficiency and big-play ability; Good team setting (QB, blocking, schedule)",Less opportunity next season,,46
00-0033526,Samaje Perine,RB,CIN,CIN,Joe Burrow,30.0,5.193,4.978,-0.11,4.868,0.006,77.0,3.837,-1.659,-1.229,-0.553,0.546,0.106,"Room to grow from his baseline; Good team setting (QB, blocking, schedule)",Weaker usage and efficiency profile; Less favorable age and draft capital; Less opportunity next season,-0.054,57
00-0036849,Tutu Atwell,WR,LA,LA,Matthew Stafford,25.9,3.9,5.657,-0.801,4.855,0.004,138.0,1.652,-2.137,0.091,-1.033,0.592,-0.587,"Room to grow from his baseline; Good team setting (QB, blocking, schedule)",Weaker usage and efficiency profile; Less opportunity next season; Missed games,,101
00-0038454,Keaton Mitchell,RB,BAL,LAC,Justin Herbert,23.6,4.262,3.659,1.192,4.85,0.011,50.0,4.624,-0.536,-0.61,-0.931,0.154,-0.378,Room to grow from his baseline,Less opportunity next season; Less favorable age and draft capital; Weaker usage and efficiency profile; Missed games,-0.026,58
00-0040187,Mitchell Evans,TE,CAR,CAR,Bryce Young,22.5,3.443,3.443,1.344,4.787,0.023,59.0,1.017,-0.046,0.326,0.042,0.247,0.046,Room to grow from his baseline; Favorable age and draft capital,,,47
00-0035406,Lil'Jordan Humphrey,WR,DEN,DEN,Bo Nix,27.4,4.943,4.71,-0.03,4.68,0.005,171.0,1.993,-1.422,-0.734,-0.803,0.178,-0.68,Room to grow from his baseline,Weaker usage and efficiency profile; Less opportunity next season; Less favorable age and draft capital; Missed games,,102
00-0035535,Darius Slayton,WR,NYG,NYG,Jaxson Dart,28.6,7.057,6.96,-2.292,4.668,0.005,100.0,1.038,-0.162,-0.864,0.584,-0.304,-0.03,Room to grow from his baseline; Opportunity opening up next season,"Less favorable age and draft capital; Tough team setting (QB, blocking, schedule)",,103
00-0040164,Jaylin Lane,WR,WAS,WAS,Jayden Daniels,23.3,3.413,3.413,1.243,4.656,0.006,143.0,2.556,-1.252,0.673,-1.199,-0.219,0.063,Room to grow from his baseline; Favorable age and draft capital,Weaker usage and efficiency profile; Less opportunity next season,,104
00-0031610,Darren Waller,TE,MIA,CAR,Bryce Young,33.0,9.856,9.856,-5.251,4.605,0.001,33.0,-1.373,-0.334,-1.185,-2.01,0.361,-0.421,"Good team setting (QB, blocking, schedule)",Less opportunity next season; Hard to top his baseline (regression to the mean); Less favorable age and draft capital; Missed games; Weaker usage and efficiency profile,,48
00-0035537,Ty Johnson,RB,BUF,BUF,Josh Allen,28.0,5.9,5.647,-1.126,4.521,0.009,80.0,3.574,-1.282,-1.127,-2.167,0.445,0.59,"Room to grow from his baseline; Durable; Good team setting (QB, blocking, schedule)",Less opportunity next season; Weaker usage and efficiency profile; Less favorable age and draft capital,-0.054,59
00-0038679,Tyrell Shavers,WR,BUF,BUF,Josh Allen,26.0,4.136,4.95,-0.435,4.515,0.005,191.0,1.876,-1.84,-0.38,-0.598,0.195,-0.309,Room to grow from his baseline,Weaker usage and efficiency profile; Less opportunity next season; Less favorable age and draft capital; Missed games,,105
00-0037742,Treylon Burks,WR,WAS,WAS,Jayden Daniels,25.4,3.625,2.808,1.685,4.493,0.02,125.0,2.775,-1.288,0.289,0.094,-0.219,-0.587,Room to grow from his baseline; Favorable age and draft capital,Weaker usage and efficiency profile; Missed games,,106
00-0039451,Isaiah Williams,WR,NYJ,NYJ,Geno Smith,24.6,4.047,2.752,1.72,4.473,0.022,135.0,2.771,-1.503,0.014,-0.488,-0.574,0.063,Room to grow from his baseline,"Weaker usage and efficiency profile; Tough team setting (QB, blocking, schedule); Less opportunity next season",,107
00-0036637,Noah Gray,TE,KC,KC,Patrick Mahomes,26.3,2.771,5.07,-0.732,4.338,0.002,49.0,0.451,-0.237,-0.25,-0.298,-0.156,0.046,Room to grow from his baseline,Less opportunity next season,,49
00-0039798,Isaiah Davis,RB,NYJ,NYJ,Geno Smith,23.5,4.45,4.038,0.251,4.289,0.008,76.0,4.18,-1.002,0.231,-2.171,-0.71,0.348,Room to grow from his baseline; New play-caller with a productive track record; Durable,"Less opportunity next season; Weaker usage and efficiency profile; Tough team setting (QB, blocking, schedule)",0.48,60
00-0038115,Daniel Bellinger,TE,NYG,TEN,Cam Ward,24.9,4.585,3.444,0.769,4.213,0.027,60.0,1.103,0.615,0.069,-0.739,0.056,-0.048,"Room to grow from his baseline; Strong usage, efficiency and big-play ability",Less opportunity next season,,50
00-0030564,DeAndre Hopkins,WR,BAL,BAL,Lamar Jackson,33.2,3.941,6.485,-2.282,4.203,0.003,183.0,1.307,-0.744,-1.878,0.283,-0.222,0.248,Room to grow from his baseline; Opportunity opening up next season,Less favorable age and draft capital; Weaker usage and efficiency profile,,108
00-0040590,Konata Mumpfield,WR,LA,LA,Matthew Stafford,22.9,2.52,2.52,1.62,4.14,0.005,123.0,2.936,-1.906,0.596,-0.816,0.592,-0.402,"Room to grow from his baseline; Favorable age and draft capital; Good team setting (QB, blocking, schedule)",Weaker usage and efficiency profile; Less opportunity next season; Missed games,,109
00-0034159,Will Dissly,TE,LAC,,,29.1,2.588,5.687,-1.562,4.125,0.0,132.0,0.218,-0.059,-0.496,0.249,-0.192,-0.515,,Missed games; Less favorable age and draft capital,,51
00-0035249,Josh Oliver,TE,MIN,MIN,Kyler Murray,28.4,4.583,5.033,-0.989,4.044,0.004,70.0,0.507,0.098,-0.081,-0.412,-0.672,-0.141,Room to grow from his baseline,"Tough team setting (QB, blocking, schedule); Less opportunity next season",,52
00-0039041,Elijah Higgins,TE,ARI,ARI,Jacoby Brissett,24.8,3.418,3.353,0.617,3.97,0.016,55.0,1.169,0.257,-0.07,-0.326,-0.451,0.326,"Room to grow from his baseline; Durable; Strong usage, efficiency and big-play ability","Tough team setting (QB, blocking, schedule); Less opportunity next season",,53
00-0040739,Elijah Arroyo,TE,SEA,SEA,Sam Darnold,22.4,2.838,2.838,1.027,3.865,0.017,42.0,1.209,0.199,0.839,-1.253,0.368,-0.048,"Room to grow from his baseline; Favorable age and draft capital; Good team setting (QB, blocking, schedule)",Less opportunity next season,,54
00-0038547,Luke Schoonmaker,TE,DAL,DAL,Dak Prescott,26.9,1.943,3.242,0.584,3.826,0.005,73.0,1.161,-0.035,0.852,-1.32,0.167,0.046,Room to grow from his baseline; Favorable age and draft capital,Less opportunity next season,,55
00-0032464,Kalif Raymond,WR,DET,CHI,Caleb Williams,31.1,4.453,4.567,-0.76,3.807,0.004,127.0,2.035,-1.843,-1.772,-0.249,0.385,0.063,"Room to grow from his baseline; Good team setting (QB, blocking, schedule)",Weaker usage and efficiency profile; Less favorable age and draft capital,,110
00-0040581,Dont'e Thornton Jr.,WR,LV,LV,Kirk Cousins,22.8,2.136,2.136,1.667,3.804,0.016,141.0,3.083,-1.262,0.853,-0.776,-0.542,-0.309,Room to grow from his baseline; Favorable age and draft capital,"Weaker usage and efficiency profile; Less opportunity next season; Tough team setting (QB, blocking, schedule); Missed games",,111
00-0035631,Drew Sample,TE,CIN,CIN,Joe Burrow,29.4,2.658,2.974,0.801,3.775,0.004,75.0,1.31,-0.096,0.13,-0.058,-0.056,-0.141,Room to grow from his baseline,,,56
00-0038551,Kendre Miller,RB,NO,NO,Tyler Shough,23.2,4.757,4.8,-1.038,3.762,0.0,84.0,3.742,-1.03,0.996,-2.05,-0.644,-1.831,Room to grow from his baseline; Favorable age and draft capital,"Less opportunity next season; Missed games; Weaker usage and efficiency profile; Tough team setting (QB, blocking, schedule)",-0.054,61
00-0031236,Brandin Cooks,WR,BUF,,,31.9,3.992,5.283,-1.527,3.755,0.0,182.0,1.776,-1.472,-1.501,0.409,0.212,-0.123,Room to grow from his baseline; Opportunity opening up next season,Less favorable age and draft capital; Weaker usage and efficiency profile,,112
00-0032392,Austin Hooper,TE,NE,ATL,Tua Tagovailoa,30.8,4.562,5.597,-1.879,3.718,0.002,61.0,0.282,0.253,-0.631,-1.648,0.2,-0.048,"Room to grow from his baseline; Strong usage, efficiency and big-play ability",Less opportunity next season; Less favorable age and draft capital,,57
00-0038979,Cedric Tillman,WR,CLE,NO,Tyler Shough,25.4,5.0,6.686,-2.97,3.715,0.005,126.0,1.229,-1.313,0.18,-0.433,-1.141,-0.216,Room to grow from his baseline,"Weaker usage and efficiency profile; Tough team setting (QB, blocking, schedule); Less opportunity next season",,113
00-0036422,Adam Trautman,TE,DEN,DEN,Bo Nix,28.6,3.5,3.435,0.234,3.669,0.006,68.0,1.134,-0.116,0.048,-0.393,-0.103,-0.048,Room to grow from his baseline,Less opportunity next season,,58
00-0037614,John Metchie III,WR,NYJ,CAR,Bryce Young,25.1,5.531,5.535,-1.961,3.573,0.017,137.0,1.611,-1.295,0.332,-1.294,-0.536,-0.123,Room to grow from his baseline; Favorable age and draft capital,"Weaker usage and efficiency profile; Less opportunity next season; Tough team setting (QB, blocking, schedule)",,114
00-0030035,Adam Thielen,WR,PIT,,,35.0,2.829,7.462,-3.9,3.563,0.0,,0.9,-1.448,-2.869,0.409,-0.034,-0.03,Room to grow from his baseline; Opportunity opening up next season,Less favorable age and draft capital; Weaker usage and efficiency profile,,115
00-0037267,Jerome Ford,RB,CLE,WAS,Jayden Daniels,26.0,3.354,6.578,-3.049,3.529,0.001,92.0,2.443,-1.757,-0.376,-0.939,-1.133,-0.378,Room to grow from his baseline; New play-caller with a productive track record,"Weaker usage and efficiency profile; Tough team setting (QB, blocking, schedule); Less opportunity next season; Missed games; Less favorable age and draft capital",0.619,62
00-0037157,Bam Knight,RB,ARI,ARI,Jacoby Brissett,24.4,7.742,7.742,-4.339,3.403,0.001,101.0,2.044,-1.33,-0.835,-1.931,-0.271,-0.62,Room to grow from his baseline,"Less opportunity next season; Weaker usage and efficiency profile; Less favorable age and draft capital; Missed games; New play-caller with a weaker track record; Tough team setting (QB, blocking, schedule)",-0.291,63
00-0034775,Christian Kirk,WR,HOU,SF,Brock Purdy,28.8,5.264,6.779,-3.391,3.388,0.002,102.0,1.17,-0.685,-0.697,-2.384,0.171,-0.309,Room to grow from his baseline,Less opportunity next season; Less favorable age and draft capital; Weaker usage and efficiency profile; Missed games,,116
00-0038797,Emanuel Wilson,RB,GB,SEA,Sam Darnold,26.3,5.559,5.603,-2.223,3.38,0.004,69.0,3.395,-1.431,-1.414,-2.425,-0.009,0.59,Room to grow from his baseline; Durable,Less opportunity next season; Weaker usage and efficiency profile; Less favorable age and draft capital,-0.101,64
00-0036182,Nick Westbrook-Ikhine,WR,MIA,,,28.4,1.531,5.763,-2.393,3.37,0.0,146.0,1.632,-2.271,-1.039,0.409,-0.172,-0.123,Room to grow from his baseline; Opportunity opening up next season,Weaker usage and efficiency profile; Less favorable age and draft capital,,117
00-0033857,JuJu Smith-Schuster,WR,KC,,,28.8,4.324,4.521,-1.267,3.254,0.0,201.0,2.115,-1.583,-0.709,0.409,0.359,0.248,"Room to grow from his baseline; Opportunity opening up next season; Good team setting (QB, blocking, schedule)",Weaker usage and efficiency profile; Less favorable age and draft capital,,118
00-0039050,Payne Durham,TE,TB,TB,Baker Mayfield,25.2,0.262,2.288,0.96,3.247,0.002,109.0,1.499,0.746,0.103,-0.643,0.057,-0.515,"Room to grow from his baseline; Strong usage, efficiency and big-play ability",Less opportunity next season; Missed games,,59
00-0034613,Tanner Hudson,TE,CIN,CIN,Joe Burrow,30.8,4.78,4.542,-1.305,3.237,0.001,80.0,0.632,-0.137,-1.111,0.092,-0.056,-0.328,Room to grow from his baseline,Less favorable age and draft capital; Missed games,,60
00-0039912,Ben Sinnott,TE,WAS,WAS,Jayden Daniels,23.2,3.156,2.638,0.532,3.169,0.001,56.0,1.514,0.063,0.661,-1.064,0.067,-0.421,Room to grow from his baseline; Favorable age and draft capital,Less opportunity next season; Missed games,,61
00-0039530,Brevyn Spann-Ford,TE,DAL,DAL,Dak Prescott,25.7,1.5,1.548,1.603,3.151,0.006,103.0,1.887,-0.117,-0.162,-0.117,0.167,0.232,Room to grow from his baseline,,,62
00-0040198,Ollie Gordon II,RB,MIA,MIA,Malik Willis,21.6,3.182,3.182,-0.124,3.058,0.003,75.0,4.702,-2.323,0.745,-2.269,-0.654,0.59,Room to grow from his baseline; Favorable age and draft capital; Durable,"Weaker usage and efficiency profile; Less opportunity next season; Tough team setting (QB, blocking, schedule)",0.189,65
00-0038359,Xavier Smith,WR,LA,LA,Matthew Stafford,27.9,3.019,1.817,1.235,3.052,0.005,168.0,3.173,-1.555,-0.935,-0.816,0.592,0.156,"Room to grow from his baseline; Good team setting (QB, blocking, schedule)",Weaker usage and efficiency profile; Less favorable age and draft capital; Less opportunity next season,,119
00-0035250,Devin Singletary,RB,NYG,NYG,Jaxson Dart,28.0,6.4,6.419,-3.373,3.045,0.001,88.0,3.214,-1.652,-0.4,-3.908,-0.113,0.59,Room to grow from his baseline; Durable,Less opportunity next season; Weaker usage and efficiency profile; Less favorable age and draft capital; New play-caller with a weaker track record,-0.278,66
00-0037306,John FitzPatrick,TE,GB,,,25.5,2.291,2.2,0.843,3.043,0.001,,1.555,-0.217,-0.322,0.249,0.579,-0.234,"Room to grow from his baseline; Good team setting (QB, blocking, schedule)",Less favorable age and draft capital,,63
00-0034272,Marquez Valdes-Scantling,WR,PIT,,,30.9,3.556,5.295,-2.262,3.033,0.0,151.0,1.759,-1.546,-1.527,0.409,-0.034,-0.494,Room to grow from his baseline; Opportunity opening up next season,Weaker usage and efficiency profile; Less favorable age and draft capital; Missed games,,120
00-0032385,Sterling Shepard,WR,TB,,,32.6,6.308,6.242,-3.228,3.015,0.0,240.0,1.372,-0.82,-1.767,0.409,-0.193,-0.123,Room to grow from his baseline; Opportunity opening up next season,Less favorable age and draft capital; Weaker usage and efficiency profile,,121
00-0038951,Sean Tucker,RB,TB,TB,Baker Mayfield,23.9,5.376,4.709,-1.734,2.975,0.001,61.0,4.068,-2.052,-0.7,-2.062,-0.47,0.59,Room to grow from his baseline; Durable,"Less opportunity next season; Weaker usage and efficiency profile; Less favorable age and draft capital; Tough team setting (QB, blocking, schedule)",-0.003,67
00-0039355,Luke McCaffrey,WR,WAS,WAS,Jayden Daniels,24.4,5.7,3.914,-0.956,2.958,0.001,130.0,2.306,-1.961,0.414,-0.122,-0.219,-0.494,Room to grow from his baseline; Favorable age and draft capital,Weaker usage and efficiency profile; Missed games,,122
00-0034521,Allen Lazard,WR,NYJ,,,29.7,2.556,7.095,-4.148,2.948,0.0,,1.079,-2.305,-1.391,0.409,-0.616,-0.494,Room to grow from his baseline; Opportunity opening up next season,"Weaker usage and efficiency profile; Less favorable age and draft capital; Tough team setting (QB, blocking, schedule); Missed games",,123
00-0036427,Tyler Johnson,WR,NYJ,,,27.0,4.189,4.94,-2.105,2.835,0.0,255.0,1.946,-2.128,-0.394,0.409,-0.616,-0.494,Room to grow from his baseline; Opportunity opening up next season,"Weaker usage and efficiency profile; Tough team setting (QB, blocking, schedule); Missed games; Less favorable age and draft capital",,124
00-0037563,Malik Davis,RB,DAL,DAL,Dak Prescott,26.8,4.06,4.06,-1.282,2.778,0.001,70.0,4.53,-2.559,-1.55,-0.478,0.218,-1.105,Room to grow from his baseline,Weaker usage and efficiency profile; Less favorable age and draft capital; Missed games; Less opportunity next season,-0.054,68
00-0036754,Brock Wright,TE,DET,DET,Jared Goff,26.8,4.6,3.779,-1.006,2.773,0.001,74.0,0.918,-0.244,-0.827,-0.42,0.369,-0.515,"Room to grow from his baseline; Good team setting (QB, blocking, schedule)",Less favorable age and draft capital; Missed games; Less opportunity next season,,64
00-0039356,Ja'Tavion Sanders,TE,CAR,CAR,Bryce Young,22.4,4.5,4.711,-2.003,2.708,0.002,50.0,0.641,-0.348,0.332,-2.446,0.247,-0.141,Room to grow from his baseline; Favorable age and draft capital,Less opportunity next season; Weaker usage and efficiency profile,,65
00-0036196,Gabe Davis,WR,BUF,,,26.5,5.15,5.3,-2.596,2.704,0.0,238.0,1.753,-1.677,-0.192,0.409,0.212,-0.773,Room to grow from his baseline; Opportunity opening up next season,Weaker usage and efficiency profile; Missed games,,125
00-0036628,John Bates,TE,WAS,WAS,Jayden Daniels,27.8,2.73,1.813,0.841,2.654,0.001,66.0,1.756,0.026,0.124,-0.517,0.067,-0.328,Room to grow from his baseline,Less opportunity next season; Missed games,,66
00-0033375,Tim Patrick,WR,JAX,NYJ,Geno Smith,31.8,3.977,5.146,-2.613,2.533,0.001,161.0,1.816,-1.899,-1.99,-1.184,0.146,-0.123,Room to grow from his baseline,Less favorable age and draft capital; Weaker usage and efficiency profile; Less opportunity next season,,126
00-0036415,Van Jefferson,WR,TEN,,,29.1,5.0,4.607,-2.075,2.531,0.001,215.0,2.027,-0.775,-0.83,0.409,-0.771,-0.03,Room to grow from his baseline; Opportunity opening up next season,"Less favorable age and draft capital; Weaker usage and efficiency profile; Tough team setting (QB, blocking, schedule)",,127
00-0037805,Jeremy Ruckert,TE,NYJ,NYJ,Geno Smith,25.1,3.35,2.693,-0.168,2.525,0.005,78.0,1.404,-0.46,0.147,-1.226,0.21,0.046,Room to grow from his baseline,Less opportunity next season; Weaker usage and efficiency profile,,67
00-0038840,Brycen Tremayne,WR,CAR,CAR,Bryce Young,25.8,2.0,1.812,0.678,2.49,0.006,184.0,3.222,-2.02,-0.322,-0.598,-0.287,0.063,Room to grow from his baseline,"Weaker usage and efficiency profile; Less opportunity next season; Less favorable age and draft capital; Tough team setting (QB, blocking, schedule)",,128
00-0035500,Greg Dortch,WR,ARI,BUF,Josh Allen,27.3,6.258,5.703,-3.247,2.456,0.002,155.0,1.521,-2.07,-0.704,-0.433,-0.068,-0.216,Room to grow from his baseline,Weaker usage and efficiency profile; Less favorable age and draft capital; Less opportunity next season,,129
00-0038465,Malik Heath,WR,GB,,,25.4,2.086,3.858,-1.412,2.446,0.0,,2.399,-3.014,-0.205,0.409,0.508,-0.68,"Room to grow from his baseline; Good team setting (QB, blocking, schedule); Opportunity opening up next season",Weaker usage and efficiency profile; Missed games,,130
00-0033217,Mo Alie-Cox,TE,IND,IND,Daniel Jones,32.0,2.791,2.757,-0.392,2.364,0.001,76.0,1.437,0.168,-1.224,-0.449,0.198,-0.234,Room to grow from his baseline,Less favorable age and draft capital; Less opportunity next season,,68
00-0034407,Ray-Ray McCloud,WR,NYG,CHI,Caleb Williams,28.9,2.317,6.8,-4.455,2.345,0.002,264.0,1.206,-2.191,-0.965,-0.249,-0.207,-0.773,Room to grow from his baseline,Weaker usage and efficiency profile; Less favorable age and draft capital; Missed games,,131
00-0038839,Mitchell Tinsley,WR,CIN,HOU,C.J. Stroud,26.0,3.95,3.95,-1.641,2.309,0.002,194.0,2.311,-1.521,-0.38,-0.403,0.217,-0.587,Room to grow from his baseline,Weaker usage and efficiency profile; Missed games; Less opportunity next season; Less favorable age and draft capital,,132
00-0039074,Davis Allen,TE,LA,LA,Matthew Stafford,24.6,4.187,3.305,-1.185,2.119,0.002,106.0,1.204,-0.066,0.006,-2.209,0.028,0.139,Room to grow from his baseline,Less opportunity next season,,69
00-0039623,Mason Tipton,WR,NO,NO,Tyler Shough,24.9,2.55,2.606,-0.49,2.116,0.004,199.0,2.854,-2.422,-0.073,-0.598,-0.284,-0.587,Room to grow from his baseline,"Weaker usage and efficiency profile; Less opportunity next season; Missed games; Tough team setting (QB, blocking, schedule)",,133
00-0040582,Arian Smith,WR,NYJ,NYJ,Geno Smith,23.9,1.038,1.038,1.062,2.101,0.006,219.0,3.545,-2.447,0.529,-0.488,-0.574,-0.123,Room to grow from his baseline; Favorable age and draft capital,"Weaker usage and efficiency profile; Tough team setting (QB, blocking, schedule); Less opportunity next season",,134
00-0039144,Luke Musgrave,TE,GB,GB,Jordan Love,25.0,3.785,3.035,-1.026,2.009,0.001,63.0,1.346,-0.327,0.678,-3.017,0.631,-0.048,"Room to grow from his baseline; Favorable age and draft capital; Good team setting (QB, blocking, schedule)",Less opportunity next season; Weaker usage and efficiency profile,,70
00-0034983,Hunter Renfrow,WR,CAR,,,29.7,5.983,5.983,-3.99,1.993,0.0,,1.464,-1.247,-1.148,0.409,-0.368,-0.773,Room to grow from his baseline; Opportunity opening up next season,"Weaker usage and efficiency profile; Less favorable age and draft capital; Missed games; Tough team setting (QB, blocking, schedule)",,135
00-0036887,Luke Farrell,TE,SF,SF,Brock Purdy,27.9,2.269,1.928,-0.002,1.926,0.001,89.0,1.684,-0.129,0.039,-1.433,0.172,-0.048,Room to grow from his baseline,Less opportunity next season,,71
00-0033891,Zay Jones,WR,ARI,,,30.4,5.05,3.892,-2.03,1.862,0.0,,2.367,-2.019,-1.133,0.409,-0.052,-0.773,Room to grow from his baseline; Opportunity opening up next season,Weaker usage and efficiency profile; Less favorable age and draft capital; Missed games,,136
00-0038938,Jalin Hyatt,WR,NYG,NYG,Jaxson Dart,23.9,1.417,1.419,0.366,1.785,0.007,249.0,3.375,-1.859,0.619,0.584,-0.304,-0.773,Room to grow from his baseline; Favorable age and draft capital; Opportunity opening up next season,"Weaker usage and efficiency profile; Missed games; Tough team setting (QB, blocking, schedule)",,137
00-0033246,Johnny Mundt,TE,JAX,PHI,Jalen Hurts,30.8,1.675,2.512,-0.765,1.747,0.001,102.0,1.485,0.284,-1.381,-0.362,-0.361,-0.141,"Room to grow from his baseline; Strong usage, efficiency and big-play ability","Less favorable age and draft capital; Less opportunity next season; Tough team setting (QB, blocking, schedule)",,72
00-0032398,Chris Moore,WR,WAS,,,32.2,3.86,3.86,-2.117,1.743,0.0,,2.379,-1.695,-1.764,0.409,-0.215,-0.402,Room to grow from his baseline; Opportunity opening up next season,Less favorable age and draft capital; Weaker usage and efficiency profile; Missed games,,138
00-0038705,Emari Demercado,RB,ARI,DAL,Dak Prescott,26.6,4.858,4.52,-2.822,1.698,0.001,90.0,3.996,-0.805,-1.503,-2.539,-0.483,-0.62,Room to grow from his baseline,"Less opportunity next season; Less favorable age and draft capital; Weaker usage and efficiency profile; Missed games; Tough team setting (QB, blocking, schedule)",0.237,69
00-0037348,Tanner Conner,TE,MIA,,,27.5,2.262,1.892,-0.229,1.662,0.0,160.0,1.709,-0.006,-0.465,0.249,0.222,-0.515,Room to grow from his baseline,Missed games; Less favorable age and draft capital,,73
00-0034365,Ian Thomas,TE,LV,LV,Kirk Cousins,29.2,2.711,2.342,-0.701,1.641,0.001,111.0,1.622,0.04,-0.394,-0.973,-0.287,-0.421,Room to grow from his baseline,"Less opportunity next season; Missed games; Less favorable age and draft capital; Tough team setting (QB, blocking, schedule)",,74
00-0034798,Durham Smythe,TE,CHI,BAL,Lamar Jackson,30.1,0.929,0.99,0.57,1.56,0.0,83.0,2.065,-0.152,-0.379,-0.32,0.251,-0.608,"Room to grow from his baseline; Good team setting (QB, blocking, schedule)",Missed games; Less favorable age and draft capital; Less opportunity next season,,75
00-0040024,Darius Cooper,WR,PHI,PHI,Jalen Hurts,23.8,3.033,3.033,-1.519,1.514,0.0,205.0,2.702,-2.379,0.234,-0.312,-0.113,-0.773,Room to grow from his baseline,Weaker usage and efficiency profile; Missed games; Less opportunity next season,,139
00-0035359,David Sills,WR,ATL,TB,Baker Mayfield,30.3,4.092,4.092,-2.697,1.395,0.0,214.0,2.236,-1.323,-1.58,-2.183,-0.252,-0.216,Room to grow from his baseline,"Less opportunity next season; Less favorable age and draft capital; Weaker usage and efficiency profile; Tough team setting (QB, blocking, schedule)",,140
00-0037197,Isiah Pacheco,RB,KC,DET,Jared Goff,26.5,6.715,7.21,-5.845,1.365,0.0,59.0,2.092,-1.468,-1.142,-4.163,0.034,-0.378,Room to grow from his baseline,Less opportunity next season; Weaker usage and efficiency profile; Less favorable age and draft capital; Missed games,0.008,70
00-0036429,Charlie Woerner,TE,ATL,ATL,Tua Tagovailoa,27.9,1.829,1.284,-0.012,1.272,0.0,92.0,2.016,-0.196,-0.44,-0.585,0.089,-0.608,Room to grow from his baseline,Missed games; Less opportunity next season; Less favorable age and draft capital,,76
00-0032211,Tyler Lockett,WR,LV,LV,Kirk Cousins,32.9,3.947,5.532,-4.33,1.202,0.002,198.0,1.652,-1.328,-1.89,0.084,-0.542,0.248,Room to grow from his baseline,"Less favorable age and draft capital; Weaker usage and efficiency profile; Tough team setting (QB, blocking, schedule)",,141
00-0039521,Xavier Weaver,WR,ARI,,,24.9,1.957,1.522,-0.501,1.021,0.0,236.0,3.311,-2.587,-0.073,0.409,-0.052,-0.68,Room to grow from his baseline; Opportunity opening up next season,Weaker usage and efficiency profile; Missed games,,142
00-0033955,Jeremy McNichols,RB,WAS,WAS,Jayden Daniels,29.7,4.544,4.403,-3.436,0.967,0.0,113.0,3.863,-0.908,-1.452,-3.731,-0.586,0.348,Room to grow from his baseline; Durable,"Less opportunity next season; Less favorable age and draft capital; Weaker usage and efficiency profile; Tough team setting (QB, blocking, schedule)",0.133,71
00-0040259,Gage Larvadain,WR,CLE,,,22.7,1.108,1.108,-0.187,0.921,0.0,,3.51,-2.619,0.555,0.409,-1.091,-0.123,Room to grow from his baseline; Favorable age and draft capital; Opportunity opening up next season,"Weaker usage and efficiency profile; Tough team setting (QB, blocking, schedule)",,143
00-0036165,Isaiah Hodgins,WR,NYG,,,26.9,4.583,3.838,-2.965,0.872,0.0,202.0,2.354,-1.909,-0.443,0.409,-0.274,-0.773,Room to grow from his baseline; Opportunity opening up next season,"Weaker usage and efficiency profile; Missed games; Less favorable age and draft capital; Tough team setting (QB, blocking, schedule)",,144
00-0037004,Hunter Long,TE,JAX,ARI,Jacoby Brissett,27.0,4.643,2.861,-2.205,0.656,0.0,114.0,1.393,-0.464,0.219,-1.631,-0.171,-0.608,Room to grow from his baseline,Less opportunity next season; Missed games; Weaker usage and efficiency profile,,77
00-0038710,Blake Whiteheart,TE,CLE,CLE,Deshaun Watson,25.4,0.267,1.219,-0.945,0.274,0.0,104.0,1.891,-0.702,-0.471,-0.22,-0.733,-0.421,Room to grow from his baseline,"Tough team setting (QB, blocking, schedule); Weaker usage and efficiency profile; Less favorable age and draft capital; Missed games",,78
00-0037086,Grant Calcaterra,TE,PHI,PHI,Jalen Hurts,26.7,2.511,3.433,-3.282,0.151,0.0,107.0,1.122,-0.237,-0.095,-3.246,-0.118,-0.421,Room to grow from his baseline,Less opportunity next season; Missed games,,79
00-0039379,Jamari Thrash,WR,CLE,CLE,Deshaun Watson,24.7,2.588,1.85,-1.876,-0.026,0.002,,3.208,-2.435,0.231,-1.725,-1.188,-0.587,Room to grow from his baseline,"Weaker usage and efficiency profile; Less opportunity next season; Tough team setting (QB, blocking, schedule); Missed games",,145
00-0038720,Julian Hill,TE,MIA,NE,Drake Maye,25.1,2.818,2.12,-2.493,-0.373,0.0,134.0,1.593,0.189,-0.51,-3.465,0.222,-0.234,Room to grow from his baseline,Less opportunity next season; Less favorable age and draft capital,,80
00-0036133,James Proche,WR,TEN,,,28.9,2.083,1.173,-3.378,-2.205,0.0,,3.469,-2.368,-1.017,0.409,-0.771,-0.773,Room to grow from his baseline; Opportunity opening up next season,"Weaker usage and efficiency profile; Less favorable age and draft capital; Missed games; Tough team setting (QB, blocking, schedule)",,146
