overall_rank,ecr,player,position,team,expert_pos_rank,player_id,pred_ppg_2026,baseline_ppg,leap_prob_2026,market_rank,model_rank,model_pos_rank,disagreement,tier,verdict,hist_beat_rate,hist_players,hist_beat_rate_all,hist_players_all,note,rankings_date,predictions_saved
1,1.49,Ja'Marr Chase,WR,CIN,1,00-0036900,19.142,21.715,0.137,1.0,2.0,2.0,-1.0,early picks,Fair,0.288,73.0,0.275,142.0,,2026-09-04,2026-10-07
2,2.43,Jahmyr Gibbs,RB,DET,1,00-0039139,19.631,21.465,0.145,1.0,2.0,2.0,-1.0,early picks,Fair,0.304,46.0,0.275,142.0,,2026-09-04,2026-10-07
3,3.43,Puka Nacua,WR,LA,2,00-0039075,19.541,21.541,0.209,2.0,1.0,1.0,1.0,early picks,Fair,0.288,73.0,0.275,142.0,,2026-09-04,2026-10-07
4,4.19,Bijan Robinson,RB,ATL,2,00-0038542,20.056,20.956,0.338,2.0,1.0,1.0,1.0,early picks,Fair,0.304,46.0,0.275,142.0,,2026-09-04,2026-10-07
5,4.61,Jaxon Smith-Njigba,WR,SEA,3,00-0038543,18.283,18.026,0.406,3.0,3.0,3.0,0.0,early picks,Fair,0.288,73.0,0.275,142.0,,2026-09-04,2026-10-07
6,5.4,Amon-Ra St. Brown,WR,DET,4,00-0036963,17.565,18.829,0.075,4.0,4.0,4.0,0.0,early picks,Fair,0.288,73.0,0.275,142.0,,2026-09-04,2026-10-07
7,9.03,CeeDee Lamb,WR,DAL,5,00-0036358,15.215,16.582,0.087,5.0,7.0,7.0,-2.0,early picks,Fair,0.288,73.0,0.275,142.0,,2026-09-04,2026-10-07
8,9.17,Justin Jefferson,WR,MIN,6,00-0036322,14.132,15.264,0.126,6.0,10.0,10.0,-4.0,early picks,Fair,0.288,73.0,0.275,142.0,,2026-09-04,2026-10-07
9,9.58,Christian McCaffrey,RB,SF,3,00-0033280,16.913,22.114,0.049,3.0,4.0,4.0,-1.0,early picks,Fair,0.304,46.0,0.275,142.0,,2026-09-04,2026-10-07
10,11.82,Jonathan Taylor,RB,IND,4,00-0036223,16.459,19.581,0.023,4.0,6.0,6.0,-2.0,early picks,Fair,0.304,46.0,0.275,142.0,,2026-09-04,2026-10-07
11,13.17,Drake London,WR,ATL,7,00-0037238,15.698,16.645,0.147,7.0,6.0,6.0,1.0,early picks,Fair,0.288,73.0,0.275,142.0,,2026-09-04,2026-10-07
12,13.73,A.J. Brown,WR,NE,8,00-0035676,13.377,15.614,0.07,8.0,17.0,18.0,-9.0,early picks,Reach,0.318,22.0,0.28,50.0,,2026-09-04,2026-10-07
13,14.97,James Cook III,RB,BUF,5,00-0037248,16.66,17.239,0.122,5.0,5.0,5.0,0.0,early picks,Fair,0.304,46.0,0.275,142.0,,2026-09-04,2026-10-07
14,16.0,Nico Collins,WR,HOU,9,00-0036554,14.671,16.178,0.081,9.0,8.0,8.0,1.0,early picks,Fair,0.288,73.0,0.275,142.0,,2026-09-04,2026-10-07
15,17.05,Chase Brown,RB,CIN,6,00-0038597,15.513,16.291,0.223,6.0,7.0,7.0,-1.0,early picks,Fair,0.304,46.0,0.275,142.0,,2026-09-04,2026-10-07
16,17.37,Chris Olave,WR,NO,10,00-0037239,13.925,14.362,0.125,10.0,11.0,11.0,-1.0,early picks,Fair,0.288,73.0,0.275,142.0,,2026-09-04,2026-10-07
17,18.5,Trey McBride,TE,ARI,1,00-0037744,14.441,16.961,0.14,1.0,1.0,1.0,0.0,early picks,Fair,0.174,23.0,0.275,142.0,,2026-09-04,2026-10-07
18,20.43,George Pickens,WR,DAL,11,00-0037247,14.383,14.719,0.062,11.0,9.0,9.0,2.0,early picks,Fair,0.288,73.0,0.275,142.0,,2026-09-04,2026-10-07
19,21.2,Brock Bowers,TE,LV,2,00-0039338,12.537,15.134,0.093,2.0,2.0,2.0,0.0,early picks,Fair,0.174,23.0,0.275,142.0,,2026-09-04,2026-10-07
20,21.49,De'Von Achane,RB,MIA,7,00-0039040,18.134,18.87,0.135,7.0,3.0,3.0,4.0,early picks,Value,0.333,3.0,0.429,14.0,,2026-09-04,2026-10-07
21,22.72,DeVonta Smith,WR,PHI,12,00-0036912,12.946,13.373,0.071,12.0,21.0,22.0,-9.0,early picks,Reach,0.318,22.0,0.28,50.0,,2026-09-04,2026-10-07
22,23.6,Saquon Barkley,RB,PHI,8,00-0034844,13.312,18.362,0.012,8.0,14.0,15.0,-6.0,early picks,Reach,0.316,19.0,0.28,50.0,,2026-09-04,2026-10-07
23,24.25,Malik Nabers,WR,NYG,13,,,,,,,,,,,,,,,Not modeled: fewer than 6 games (or too little usage) in 2025,2026-09-04,2026-10-07
24,24.95,Kenneth Walker III,RB,KC,9,00-0038134,13.126,13.325,0.102,9.0,16.0,17.0,-7.0,early picks,Reach,0.316,19.0,0.28,50.0,,2026-09-04,2026-10-07
25,25.4,Omarion Hampton,RB,LAC,10,00-0040666,13.675,15.078,0.128,10.0,13.0,13.0,-3.0,early picks,Fair,0.304,46.0,0.275,142.0,,2026-09-04,2026-10-07
26,25.77,Josh Allen,QB,BUF,1,,,,,,,,,,,,,,,QBs aren't modeled,2026-09-04,2026-10-07
27,27.1,Rashee Rice,WR,KC,14,00-0039067,16.397,17.917,0.135,13.0,5.0,5.0,8.0,early picks,Value,0.429,7.0,0.429,14.0,,2026-09-04,2026-10-07
28,28.95,Ashton Jeanty,RB,LV,11,00-0040122,14.631,14.418,0.354,11.0,8.0,8.0,3.0,early picks,Fair,0.304,46.0,0.275,142.0,,2026-09-04,2026-10-07
29,29.64,Zay Flowers,WR,BAL,15,00-0039064,13.685,13.318,0.265,14.0,12.0,12.0,2.0,early picks,Fair,0.288,73.0,0.275,142.0,,2026-09-04,2026-10-07
30,30.28,Garrett Wilson,WR,NYJ,16,00-0037740,13.033,14.642,0.138,15.0,20.0,21.0,-5.0,early picks,Fair,0.288,73.0,0.275,142.0,,2026-09-04,2026-10-07
31,31.84,Lamar Jackson,QB,BAL,2,,,,,,,,,,,,,,,QBs aren't modeled,2026-09-04,2026-10-07
32,33.83,Ladd McConkey,WR,LAC,17,00-0039915,12.924,13.181,0.08,16.0,22.0,23.0,-6.0,early picks,Reach,0.318,22.0,0.28,50.0,,2026-09-04,2026-10-07
33,33.99,Jaylen Waddle,WR,DEN,18,00-0036613,10.341,11.088,0.064,17.0,45.0,51.0,-28.0,early picks,Reach,0.318,22.0,0.28,50.0,,2026-09-04,2026-10-07
34,35.88,Tetairoa McMillan,WR,CAR,19,00-0040124,13.408,12.553,0.242,18.0,16.0,17.0,2.0,middle picks,Fair,0.412,51.0,0.382,89.0,,2026-09-04,2026-10-07
35,36.28,Colston Loveland,TE,CHI,3,00-0040126,11.236,10.319,0.292,3.0,5.0,5.0,-2.0,early picks,Reach,0.111,9.0,0.28,50.0,,2026-09-04,2026-10-07
36,36.7,Tee Higgins,WR,CIN,20,00-0036410,13.466,16.063,0.027,19.0,15.0,16.0,4.0,middle picks,Fair,0.412,51.0,0.382,89.0,,2026-09-04,2026-10-07
37,37.1,Drake Maye,QB,NE,3,,,,,,,,,,,,,,,QBs aren't modeled,2026-09-04,2026-10-07
38,37.64,Derrick Henry,RB,BAL,12,00-0032764,14.06,18.115,0.02,12.0,11.0,11.0,1.0,early picks,Fair,0.304,46.0,0.275,142.0,,2026-09-04,2026-10-07
39,39.52,Breece Hall,RB,NYJ,13,00-0038120,13.973,14.018,0.118,13.0,12.0,12.0,1.0,middle picks,Fair,0.333,27.0,0.382,89.0,,2026-09-04,2026-10-07
40,40.1,Jeremiyah Love,RB,ARI,14,,,,,,,,,,,,,,,Rookie: no NFL track record yet,2026-09-04,2026-10-07
41,40.74,Emeka Egbuka,WR,TB,21,00-0040129,13.056,11.512,0.16,20.0,19.0,20.0,1.0,middle picks,Fair,0.412,51.0,0.382,89.0,,2026-09-04,2026-10-07
42,42.04,Kyren Williams,RB,LA,15,00-0037840,14.55,16.224,0.064,14.0,9.0,9.0,5.0,middle picks,Value,0.619,21.0,0.68,50.0,,2026-09-04,2026-10-07
43,43.43,Javonte Williams,RB,DAL,16,00-0036997,12.47,12.142,0.144,15.0,19.0,20.0,-4.0,middle picks,Reach,0.238,21.0,0.343,70.0,,2026-09-04,2026-10-07
44,44.89,Joe Burrow,QB,CIN,4,,,,,,,,,,,,,,,QBs aren't modeled,2026-09-04,2026-10-07
45,45.04,Travis Etienne Jr.,RB,NO,17,00-0036973,12.436,12.003,0.083,16.0,20.0,21.0,-4.0,middle picks,Reach,0.238,21.0,0.343,70.0,,2026-09-04,2026-10-07
46,46.7,Luther Burden III,WR,CHI,22,00-0040735,10.883,8.527,0.374,21.0,39.0,41.0,-18.0,middle picks,Reach,0.364,33.0,0.343,70.0,,2026-09-04,2026-10-07
47,47.68,Terry McLaurin,WR,WAS,23,00-0035659,11.69,14.148,0.064,22.0,27.0,28.0,-5.0,middle picks,Fair,0.412,51.0,0.382,89.0,,2026-09-04,2026-10-07
48,50.83,Davante Adams,WR,LA,24,00-0031381,13.543,16.579,0.012,23.0,14.0,15.0,9.0,middle picks,Value,0.8,20.0,0.68,50.0,,2026-09-04,2026-10-07
49,52.35,DJ Moore,WR,BUF,25,00-0034827,9.679,12.067,0.01,24.0,46.0,52.0,-22.0,middle picks,Reach,0.364,33.0,0.343,70.0,,2026-09-04,2026-10-07
50,52.39,D'Andre Swift,RB,CHI,18,00-0036275,13.175,13.427,0.086,17.0,15.0,16.0,2.0,middle picks,Fair,0.333,27.0,0.382,89.0,,2026-09-04,2026-10-07
51,52.92,Jameson Williams,WR,DET,26,00-0037240,13.073,13.503,0.082,25.0,18.0,19.0,7.0,middle picks,Value,0.8,20.0,0.68,50.0,,2026-09-04,2026-10-07
52,53.36,Tyler Warren,TE,IND,4,00-0040128,11.762,11.088,0.323,4.0,4.0,4.0,0.0,early picks,Fair,0.174,23.0,0.275,142.0,,2026-09-04,2026-10-07
53,55.73,Christian Watson,WR,GB,27,00-0038124,11.22,9.904,0.122,26.0,35.0,37.0,-9.0,middle picks,Reach,0.364,33.0,0.343,70.0,,2026-09-04,2026-10-07
54,56.3,Bucky Irving,RB,TB,19,00-0039361,12.098,14.181,0.012,18.0,22.0,23.0,-4.0,middle picks,Reach,0.238,21.0,0.343,70.0,,2026-09-04,2026-10-07
55,56.6,Jayden Daniels,QB,WAS,5,,,,,,,,,,,,,,,QBs aren't modeled,2026-09-04,2026-10-07
56,57.0,Cam Skattebo,RB,NYG,20,00-0040715,14.502,15.962,0.017,19.0,10.0,10.0,9.0,middle picks,Value,0.619,21.0,0.68,50.0,,2026-09-04,2026-10-07
57,57.19,Jalen Hurts,QB,PHI,6,,,,,,,,,,,,,,,QBs aren't modeled,2026-09-04,2026-10-07
58,58.52,Parker Washington,WR,JAX,28,00-0038606,11.15,9.39,0.095,27.0,37.0,39.0,-10.0,middle picks,Reach,0.364,33.0,0.343,70.0,,2026-09-04,2026-10-07
59,58.87,Rome Odunze,WR,CHI,29,00-0039919,11.684,10.034,0.124,28.0,28.0,29.0,0.0,middle picks,Fair,0.412,51.0,0.382,89.0,,2026-09-04,2026-10-07
60,59.7,Mike Evans,WR,SF,30,00-0031408,10.845,14.782,0.034,29.0,40.0,42.0,-11.0,middle picks,Reach,0.364,33.0,0.343,70.0,,2026-09-04,2026-10-07
61,60.31,David Montgomery,RB,HOU,21,00-0035685,10.337,12.537,0.033,20.0,28.0,31.0,-8.0,middle picks,Reach,0.238,21.0,0.343,70.0,,2026-09-04,2026-10-07
62,60.62,Quinshon Judkins,RB,CLE,22,00-0040784,12.697,12.129,0.128,21.0,17.0,18.0,4.0,middle picks,Value,0.619,21.0,0.68,50.0,,2026-09-04,2026-10-07
63,65.14,Caleb Williams,QB,CHI,7,,,,,,,,,,,,,,,QBs aren't modeled,2026-09-04,2026-10-07
64,65.97,Bhayshul Tuten,RB,JAX,23,00-0040719,8.641,5.907,0.058,22.0,33.0,37.0,-11.0,middle picks,Reach,0.238,21.0,0.343,70.0,,2026-09-04,2026-10-07
65,67.49,Jadarian Price,RB,SEA,24,,,,,,,,,,,,,,,Rookie: no NFL track record yet,2026-09-04,2026-10-07
66,68.19,Carnell Tate,WR,TEN,31,,,,,,,,,,,,,,,Rookie: no NFL track record yet,2026-09-04,2026-10-07
67,69.24,Marvin Harrison Jr.,WR,ARI,32,00-0039849,11.388,11.183,0.089,30.0,32.0,34.0,-2.0,middle picks,Fair,0.412,51.0,0.382,89.0,,2026-09-04,2026-10-07
68,70.95,TreVeyon Henderson,RB,NE,25,00-0040734,12.64,12.129,0.153,23.0,18.0,19.0,5.0,middle picks,Value,0.619,21.0,0.68,50.0,,2026-09-04,2026-10-07
69,71.81,Justin Herbert,QB,LAC,8,,,,,,,,,,,,,,,QBs aren't modeled,2026-09-04,2026-10-07
70,74.02,Rhamondre Stevenson,RB,NE,26,00-0036875,12.381,12.231,0.128,24.0,21.0,22.0,3.0,middle picks,Fair,0.333,27.0,0.382,89.0,,2026-09-04,2026-10-07
71,74.37,Chris Godwin Jr.,WR,TB,33,00-0033921,10.422,13.8,0.032,31.0,44.0,50.0,-13.0,middle picks,Reach,0.364,33.0,0.343,70.0,,2026-09-04,2026-10-07
72,74.43,Jaylen Warren,RB,PIT,27,00-0037228,11.084,11.006,0.061,25.0,27.0,29.0,-2.0,late picks,Fair,0.875,32.0,0.802,106.0,,2026-09-04,2026-10-07
73,76.23,Harold Fannin Jr.,TE,CLE,5,00-0040663,9.955,11.65,0.042,5.0,8.0,8.0,-3.0,early picks,Reach,0.111,9.0,0.28,50.0,,2026-09-04,2026-10-07
74,76.37,Trevor Lawrence,QB,JAX,9,,,,,,,,,,,,,,,QBs aren't modeled,2026-09-04,2026-10-07
75,77.92,Dak Prescott,QB,DAL,10,,,,,,,,,,,,,,,QBs aren't modeled,2026-09-04,2026-10-07
76,78.75,Tucker Kraft,TE,GB,6,00-0038996,9.64,11.22,0.016,6.0,11.0,11.0,-5.0,early picks,Reach,0.111,9.0,0.28,50.0,,2026-09-04,2026-10-07
77,78.83,Kyle Pitts Sr.,TE,ATL,7,00-0036970,9.804,10.059,0.22,7.0,9.0,9.0,-2.0,middle picks,Reach,0.438,16.0,0.343,70.0,,2026-09-04,2026-10-07
78,79.37,DK Metcalf,WR,PIT,34,00-0035640,12.005,12.613,0.058,32.0,24.0,25.0,8.0,middle picks,Value,0.8,20.0,0.68,50.0,,2026-09-04,2026-10-07
79,81.16,Brian Thomas Jr.,WR,JAX,35,00-0039893,13.554,13.639,0.122,33.0,13.0,14.0,20.0,middle picks,Value,0.8,20.0,0.68,50.0,,2026-09-04,2026-10-07
80,81.63,Michael Pittman Jr.,WR,PIT,36,00-0036252,10.661,11.158,0.025,34.0,41.0,43.0,-7.0,middle picks,Reach,0.364,33.0,0.343,70.0,,2026-09-04,2026-10-07
81,84.99,Tony Pollard,RB,TEN,28,00-0035261,11.185,11.712,0.035,26.0,24.0,26.0,2.0,late picks,Fair,0.875,32.0,0.802,106.0,,2026-09-04,2026-10-07
82,85.64,Wan'Dale Robinson,WR,TEN,37,00-0038117,12.091,12.139,0.146,35.0,23.0,24.0,12.0,late picks,Value,0.789,38.0,0.762,84.0,,2026-09-04,2026-10-07
83,86.19,Sam LaPorta,TE,DET,8,00-0039065,10.221,11.26,0.023,8.0,7.0,7.0,1.0,middle picks,Fair,0.364,11.0,0.382,89.0,,2026-09-04,2026-10-07
84,86.25,Courtland Sutton,WR,DEN,38,00-0034348,11.8,13.939,0.021,36.0,26.0,27.0,10.0,late picks,Value,0.789,38.0,0.762,84.0,,2026-09-04,2026-10-07
85,87.26,Rico Dowdle,RB,PIT,29,00-0036139,9.461,12.548,0.014,27.0,29.0,32.0,-2.0,late picks,Fair,0.875,32.0,0.802,106.0,,2026-09-04,2026-10-07
86,88.0,Josh Downs,WR,IND,39,00-0038997,11.573,10.73,0.067,37.0,29.0,30.0,8.0,late picks,Value,0.789,38.0,0.762,84.0,,2026-09-04,2026-10-07
87,88.1,Michael Wilson,WR,ARI,40,00-0038559,10.61,10.458,0.09,38.0,43.0,46.0,-5.0,late picks,Fair,0.786,56.0,0.802,106.0,,2026-09-04,2026-10-07
88,88.71,Jonathon Brooks,RB,CAR,30,,,,,,,,,,,,,,,Not modeled: fewer than 6 games (or too little usage) in 2025,2026-09-04,2026-10-07
89,93.69,Stefon Diggs,WR,WAS,41,00-0031588,11.524,13.289,0.019,39.0,30.0,32.0,9.0,late picks,Value,0.789,38.0,0.762,84.0,,2026-09-04,2026-10-07
90,93.76,Quentin Johnston,WR,LAC,42,00-0038544,11.852,12.354,0.043,40.0,25.0,26.0,15.0,late picks,Value,0.789,38.0,0.762,84.0,,2026-09-04,2026-10-07
91,94.71,RJ Harvey,RB,DEN,31,00-0040730,11.086,12.153,0.082,28.0,26.0,28.0,2.0,late picks,Fair,0.875,32.0,0.802,106.0,,2026-09-04,2026-10-07
92,96.42,Brock Purdy,QB,SF,11,,,,,,,,,,,,,,,QBs aren't modeled,2026-09-04,2026-10-07
93,97.7,George Kittle,TE,SF,9,00-0033288,12.066,15.312,0.007,9.0,3.0,3.0,6.0,middle picks,Value,0.556,9.0,0.68,50.0,,2026-09-04,2026-10-07
94,98.18,Travis Kelce,TE,KC,10,00-0030506,9.301,11.776,0.031,10.0,13.0,13.0,-3.0,middle picks,Reach,0.438,16.0,0.343,70.0,,2026-09-04,2026-10-07
95,98.34,Kenny Gainwell,RB,TB,32,00-0036919,9.461,8.35,0.147,29.0,30.0,33.0,-1.0,late picks,Fair,0.875,32.0,0.802,106.0,,2026-09-04,2026-10-07
96,98.35,Jaxson Dart,QB,NYG,12,,,,,,,,,,,,,,,QBs aren't modeled,2026-09-04,2026-10-07
97,98.53,Bo Nix,QB,DEN,13,,,,,,,,,,,,,,,QBs aren't modeled,2026-09-04,2026-10-07
98,99.84,Chuba Hubbard,RB,CAR,33,00-0036555,11.102,12.233,0.048,30.0,25.0,27.0,5.0,late picks,Value,0.75,28.0,0.762,84.0,,2026-09-04,2026-10-07
99,100.28,Alec Pierce,WR,IND,43,00-0037664,11.502,11.119,0.061,41.0,31.0,33.0,10.0,late picks,Value,0.789,38.0,0.762,84.0,,2026-09-04,2026-10-07
100,102.38,J.K. Dobbins,RB,DEN,34,00-0036158,12.021,13.378,0.058,31.0,23.0,25.0,8.0,late picks,Value,0.75,28.0,0.762,84.0,,2026-09-04,2026-10-07
101,103.11,Patrick Mahomes II,QB,KC,14,,,,,,,,,,,,,,,QBs aren't modeled,2026-09-04,2026-10-07
102,103.17,Jayden Reed,WR,GB,44,,,,,,,,,,,,,,,Not modeled: fewer than 6 games (or too little usage) in 2025,2026-09-04,2026-10-07
103,105.55,Jared Goff,QB,DET,15,,,,,,,,,,,,,,,QBs aren't modeled,2026-09-04,2026-10-07
104,105.93,Matthew Stafford,QB,LA,16,,,,,,,,,,,,,,,QBs aren't modeled,2026-09-04,2026-10-07
105,106.21,MarShawn Lloyd,RB,GB,35,,,,,,,,,,,,,,,Not modeled: fewer than 6 games (or too little usage) in 2025,2026-09-04,2026-10-07
106,107.87,Jakobi Meyers,WR,JAX,45,00-0034960,11.23,12.703,0.022,42.0,34.0,36.0,8.0,late picks,Value,0.789,38.0,0.762,84.0,,2026-09-04,2026-10-07
107,107.99,Jordan Addison,WR,MIN,46,00-0038994,11.004,11.986,0.048,43.0,38.0,40.0,5.0,late picks,Fair,0.786,56.0,0.802,106.0,,2026-09-04,2026-10-07
108,108.06,Makai Lemon,WR,PHI,47,,,,,,,,,,,,,,,Rookie: no NFL track record yet,2026-09-04,2026-10-07
109,108.19,KC Concepcion,WR,CLE,48,,,,,,,,,,,,,,,Rookie: no NFL track record yet,2026-09-04,2026-10-07
110,109.75,Blake Corum,RB,LA,36,00-0039738,7.877,4.866,0.198,32.0,34.0,38.0,-2.0,late picks,Fair,0.875,32.0,0.802,106.0,,2026-09-04,2026-10-07
111,111.01,Dalton Kincaid,TE,BUF,11,00-0038933,10.285,9.076,0.296,11.0,6.0,6.0,5.0,middle picks,Value,0.556,9.0,0.68,50.0,,2026-09-04,2026-10-07
112,112.32,Rachaad White,RB,WAS,37,00-0037256,7.352,10.706,0.007,33.0,35.0,39.0,-2.0,late picks,Fair,0.875,32.0,0.802,106.0,,2026-09-04,2026-10-07
113,113.61,Jordan Mason,RB,MIN,38,00-0037525,6.434,8.711,0.007,34.0,36.0,40.0,-2.0,late picks,Fair,0.875,32.0,0.802,106.0,,2026-09-04,2026-10-07
114,113.74,Kyler Murray,QB,MIN,17,,,,,,,,,,,,,,,QBs aren't modeled,2026-09-04,2026-10-07
115,114.54,Jacory Croskey-Merritt,RB,WAS,39,00-0040242,9.121,8.253,0.035,35.0,32.0,36.0,3.0,late picks,Fair,0.875,32.0,0.802,106.0,,2026-09-04,2026-10-07
116,116.43,Jordan Love,QB,GB,18,,,,,,,,,,,,,,,QBs aren't modeled,2026-09-04,2026-10-07
117,117.76,Aaron Jones Sr.,RB,MIN,40,00-0033293,9.311,12.424,0.022,36.0,31.0,34.0,5.0,late picks,Value,0.75,28.0,0.762,84.0,,2026-09-04,2026-10-07
118,118.46,Baker Mayfield,QB,TB,19,,,,,,,,,,,,,,,QBs aren't modeled,2026-09-04,2026-10-07
119,118.57,Isaiah Likely,TE,NYG,12,00-0037838,6.996,6.867,0.019,12.0,19.0,19.0,-7.0,middle picks,Reach,0.438,16.0,0.343,70.0,,2026-09-04,2026-10-07
120,119.37,Dallas Goedert,TE,PHI,13,00-0034351,9.453,11.548,0.023,13.0,12.0,12.0,1.0,middle picks,Fair,0.364,11.0,0.382,89.0,,2026-09-04,2026-10-07
121,119.93,Jake Ferguson,TE,DAL,14,00-0038041,9.197,9.435,0.162,14.0,14.0,14.0,0.0,late picks,Fair,0.722,18.0,0.802,106.0,,2026-09-04,2026-10-07
122,120.02,Kyle Monangai,RB,CHI,41,00-0040236,8.312,8.629,0.033,,,,,,,,,,,Outside the tested group,2026-09-04,2026-10-07
123,121.47,De'Zhaun Stribling,WR,SF,49,,,,,,,,,,,,,,,Rookie: no NFL track record yet,2026-09-04,2026-10-07
124,122.63,Khalil Shakir,WR,BUF,50,00-0037261,11.205,11.255,0.049,44.0,36.0,38.0,8.0,late picks,Value,0.789,38.0,0.762,84.0,,2026-09-04,2026-10-07
125,124.75,Matthew Golden,WR,GB,51,00-0040667,8.389,5.0,0.092,45.0,50.0,57.0,-5.0,late picks,Fair,0.786,56.0,0.802,106.0,,2026-09-04,2026-10-07
126,124.94,Jalen Coker,WR,CAR,52,00-0039491,8.328,8.316,0.054,46.0,51.0,59.0,-5.0,late picks,Fair,0.786,56.0,0.802,106.0,,2026-09-04,2026-10-07
127,125.2,Tyler Shough,QB,NO,20,,,,,,,,,,,,,,,QBs aren't modeled,2026-09-04,2026-10-07
128,126.88,Romeo Doubs,WR,NE,53,00-0037816,10.659,10.259,0.022,47.0,42.0,45.0,5.0,late picks,Fair,0.786,56.0,0.802,106.0,,2026-09-04,2026-10-07
129,127.67,Juwan Johnson,TE,NO,15,00-0036040,8.163,9.459,0.065,15.0,17.0,17.0,-2.0,late picks,Reach,1.0,2.0,0.615,26.0,,2026-09-04,2026-10-07
130,128.78,Malik Willis,QB,MIA,21,,,,,,,,,,,,,,,QBs aren't modeled,2026-09-04,2026-10-07
131,129.83,Xavier Worthy,WR,KC,54,00-0039894,11.287,9.903,0.089,48.0,33.0,35.0,15.0,late picks,Value,0.789,38.0,0.762,84.0,,2026-09-04,2026-10-07
132,133.61,Mark Andrews,TE,BAL,16,00-0034753,8.918,9.406,0.136,16.0,15.0,15.0,1.0,late picks,Fair,0.722,18.0,0.802,106.0,,2026-09-04,2026-10-07
133,135.81,Woody Marks,RB,HOU,42,00-0040583,7.966,9.069,0.034,,,,,,,,,,,Outside the tested group,2026-09-04,2026-10-07
134,136.5,Tyler Allgeier,RB,ARI,43,00-0037263,6.259,6.741,0.017,,,,,,,,,,,Outside the tested group,2026-09-04,2026-10-07
135,138.31,Sam Darnold,QB,SEA,22,,,,,,,,,,,,,,,QBs aren't modeled,2026-09-04,2026-10-07
136,138.63,Jordyn Tyson,WR,NO,55,,,,,,,,,,,,,,,Rookie: no NFL track record yet,2026-09-04,2026-10-07
137,140.39,Tyjae Spears,RB,TEN,44,00-0039032,8.309,9.012,0.021,,,,,,,,,,,Outside the tested group,2026-09-04,2026-10-07
138,140.72,Deebo Samuel Sr.,WR,SF,56,00-0035719,9.636,11.09,0.035,49.0,47.0,53.0,2.0,late picks,Fair,0.786,56.0,0.802,106.0,,2026-09-04,2026-10-07
139,141.1,Chris Rodriguez Jr.,RB,JAX,45,00-0038611,5.138,6.5,0.009,,,,,,,,,,,Outside the tested group,2026-09-04,2026-10-07
140,143.15,C.J. Stroud,QB,HOU,23,,,,,,,,,,,,,,,QBs aren't modeled,2026-09-04,2026-10-07
141,146.36,Daniel Jones,QB,IND,24,,,,,,,,,,,,,,,QBs aren't modeled,2026-09-04,2026-10-07
142,146.98,Rashid Shaheed,WR,SEA,57,00-0037545,9.273,9.933,0.011,50.0,48.0,54.0,2.0,late picks,Fair,0.786,56.0,0.802,106.0,,2026-09-04,2026-10-07
143,147.99,Josh Jacobs,RB,GB,46,00-0035700,8.155,16.569,0.002,,,,,,,,,,,Outside the tested group,2026-09-04,2026-10-07
144,148.97,Dylan Sampson,RB,CLE,47,00-0040162,7.701,5.84,0.045,,,,,,,,,,,Outside the tested group,2026-09-04,2026-10-07
145,149.36,Jonah Coleman,RB,DEN,48,,,,,,,,,,,,,,,Rookie: no NFL track record yet,2026-09-04,2026-10-07
146,152.53,Mike Washington Jr.,RB,LV,49,,,,,,,,,,,,,,,Rookie: no NFL track record yet,2026-09-04,2026-10-07
147,152.54,Keaton Mitchell,RB,LAC,50,00-0038454,4.694,3.659,0.01,,,,,,,,,,,Outside the tested group,2026-09-04,2026-10-07
148,153.85,Denzel Boston,WR,CLE,58,,,,,,,,,,,,,,,Rookie: no NFL track record yet,2026-09-04,2026-10-07
149,156.22,Zach Charbonnet,RB,SEA,51,00-0039165,6.092,11.161,0.005,,,,,,,,,,,Outside the tested group,2026-09-04,2026-10-07
150,158.85,Cam Ward,QB,TEN,25,,,,,,,,,,,,,,,QBs aren't modeled,2026-09-04,2026-10-07
151,159.03,Tre Tucker,WR,LV,59,00-0038563,8.793,8.559,0.042,51.0,49.0,56.0,2.0,late picks,Fair,0.786,56.0,0.802,106.0,,2026-09-04,2026-10-07
152,160.94,Brenton Strange,TE,JAX,17,00-0038935,8.233,8.042,0.023,17.0,16.0,16.0,1.0,late picks,Fair,0.722,18.0,0.802,106.0,,2026-09-04,2026-10-07
153,162.07,Dalton Schultz,TE,HOU,18,00-0034383,7.925,8.703,0.076,18.0,18.0,18.0,0.0,late picks,Fair,0.722,18.0,0.802,106.0,,2026-09-04,2026-10-07
154,163.01,Chig Okonkwo,TE,WAS,19,00-0037809,6.219,7.2,0.028,19.0,20.0,20.0,-1.0,late picks,Fair,0.722,18.0,0.802,106.0,,2026-09-04,2026-10-07
155,167.1,Hunter Henry,TE,NE,20,00-0033090,9.773,9.824,0.149,20.0,10.0,10.0,10.0,late picks,Value,0.722,18.0,0.762,84.0,,2026-09-04,2026-10-07
156,168.28,Alvin Kamara,RB,NO,52,00-0033906,8.066,14.64,0.003,,,,,,,,,,,Outside the tested group,2026-09-04,2026-10-07
157,169.01,Adonai Mitchell,WR,NYJ,60,00-0039890,7.548,4.293,0.153,52.0,52.0,60.0,0.0,late picks,Fair,0.786,56.0,0.802,106.0,,2026-09-04,2026-10-07
158,169.51,Bryce Young,QB,CAR,26,,,,,,,,,,,,,,,QBs aren't modeled,2026-09-04,2026-10-07
159,169.75,Kayshon Boutte,WR,HOU,61,00-0038608,7.615,8.483,0.003,,,,,,,,,,,Outside the tested group,2026-09-04,2026-10-07
160,170.19,Jerry Jeudy,WR,CLE,62,00-0036407,9.619,10.635,0.061,,,,,,,,,,,Outside the tested group,2026-09-04,2026-10-07
161,170.74,Tank Bigsby,RB,PHI,53,00-0038555,5.625,5.897,0.005,,,,,,,,,,,Outside the tested group,2026-09-04,2026-10-07
162,173.85,Tyrone Tracy Jr.,RB,NYG,54,00-0039384,9.653,10.722,0.041,,,,,,,,,,,Outside the tested group,2026-09-04,2026-10-07
163,175.56,Jauan Jennings,WR,MIN,63,00-0036259,10.184,12.793,0.011,,,,,,,,,,,Outside the tested group,2026-09-04,2026-10-07
164,175.82,Jalen McMillan,WR,TB,64,,,,,,,,,,,,,,,Not modeled: fewer than 6 games (or too little usage) in 2025,2026-09-04,2026-10-07
165,177.59,Braelon Allen,RB,NYJ,55,,,,,,,,,,,,,,,Not modeled: fewer than 6 games (or too little usage) in 2025,2026-09-04,2026-10-07
166,181.61,Omar Cooper Jr.,WR,NYJ,65,,,,,,,,,,,,,,,Rookie: no NFL track record yet,2026-09-04,2026-10-07
167,182.09,Tre' Harris,WR,LAC,66,00-0040727,6.69,4.338,0.063,,,,,,,,,,,Outside the tested group,2026-09-04,2026-10-07
168,182.38,Brian Robinson Jr.,RB,ATL,56,00-0037746,6.351,7.171,0.018,,,,,,,,,,,Outside the tested group,2026-09-04,2026-10-07
169,182.79,Dontayvion Wicks,WR,PHI,67,00-0038393,7.557,6.21,0.031,,,,,,,,,,,Outside the tested group,2026-09-04,2026-10-07
170,183.79,Emmett Johnson,RB,KC,57,,,,,,,,,,,,,,,Rookie: no NFL track record yet,2026-09-04,2026-10-07
171,184.61,Pat Bryant,WR,DEN,68,00-0040134,6.627,5.754,0.028,,,,,,,,,,,Outside the tested group,2026-09-04,2026-10-07
172,185.74,Ryan Flournoy,WR,DAL,69,00-0039410,7.657,5.508,0.068,,,,,,,,,,,Outside the tested group,2026-09-04,2026-10-07
173,188.02,T.J. Hockenson,TE,MIN,21,00-0035229,6.864,7.972,0.025,,,,,,,,,,,Outside the tested group,2026-09-04,2026-10-07
174,189.21,Malik Washington,WR,MIA,70,00-0039880,7.383,5.597,0.034,,,,,,,,,,,Outside the tested group,2026-09-04,2026-10-07
175,190.37,Ray Davis,RB,BUF,58,00-0039875,6.674,5.3,0.044,,,,,,,,,,,Outside the tested group,2026-09-04,2026-10-07
176,192.19,Keenan Allen,WR,IND,71,00-0030279,8.905,11.472,0.009,,,,,,,,,,,Outside the tested group,2026-09-04,2026-10-07
177,192.34,Isiah Pacheco,RB,DET,59,00-0037197,1.167,7.21,0.001,,,,,,,,,,,Outside the tested group,2026-09-04,2026-10-07
178,194.41,Jalen Nailor,WR,LV,72,00-0037291,5.436,6.428,0.013,,,,,,,,,,,Outside the tested group,2026-09-04,2026-10-07
179,196.67,Jacoby Brissett,QB,ARI,27,,,,,,,,,,,,,,,QBs aren't modeled,2026-09-04,2026-10-07
180,197.59,Travis Hunter,WR,JAX,73,,,,,,,,,,,,,,,Not modeled: fewer than 6 games (or too little usage) in 2025,2026-09-04,2026-10-07
181,200.36,Jaylin Noel,WR,HOU,74,00-0040138,6.775,4.024,0.051,,,,,,,,,,,Outside the tested group,2026-09-04,2026-10-07
182,200.45,Kimani Vidal,RB,LAC,60,00-0039391,5.883,6.845,0.011,,,,,,,,,,,Outside the tested group,2026-09-04,2026-10-07
183,205.53,Terrance Ferguson,TE,LA,22,00-0040737,5.207,4.736,0.009,,,,,,,,,,,Outside the tested group,2026-09-04,2026-10-07
184,205.67,Caleb Douglas,WR,MIA,75,,,,,,,,,,,,,,,Rookie: no NFL track record yet,2026-09-04,2026-10-07
185,209.7,Ja'Kobi Lane,WR,BAL,76,,,,,,,,,,,,,,,Rookie: no NFL track record yet,2026-09-04,2026-10-07
186,209.81,Calvin Ridley,WR,TEN,77,00-0034837,7.704,10.271,0.052,,,,,,,,,,,Outside the tested group,2026-09-04,2026-10-07
187,211.33,AJ Barner,TE,SEA,23,00-0039793,7.975,7.056,0.266,,,,,,,,,,,Outside the tested group,2026-09-04,2026-10-07
188,213.05,Sean Tucker,RB,TB,61,00-0038951,3.067,4.709,0.003,,,,,,,,,,,Outside the tested group,2026-09-04,2026-10-07
189,213.2,Aaron Rodgers,QB,PIT,28,,,,,,,,,,,,,,,QBs aren't modeled,2026-09-04,2026-10-07
190,215.31,Greg Dulcich,TE,MIA,24,00-0037252,6.594,5.431,0.069,,,,,,,,,,,Outside the tested group,2026-09-04,2026-10-07
191,218.75,Troy Franklin,WR,DEN,78,00-0039868,9.722,7.4,0.05,,,,,,,,,,,Outside the tested group,2026-09-04,2026-10-07
192,218.92,Nicholas Singleton,RB,TEN,62,,,,,,,,,,,,,,,Rookie: no NFL track record yet,2026-09-04,2026-10-07
193,219.45,Cyrus Allen,WR,KC,79,,,,,,,,,,,,,,,Rookie: no NFL track record yet,2026-09-04,2026-10-07
194,219.56,Isaac TeSlaa,WR,DET,80,00-0040669,6.675,5.421,0.016,,,,,,,,,,,Outside the tested group,2026-09-04,2026-10-07
195,219.9,James Conner,RB,ARI,63,,,,,,,,,,,,,,,Not modeled: fewer than 6 games (or too little usage) in 2025,2026-09-04,2026-10-07
196,220.35,Gunnar Helm,TE,TEN,25,00-0040584,6.825,5.731,0.043,,,,,,,,,,,Outside the tested group,2026-09-04,2026-10-07
197,222.55,Malachi Fields,WR,NYG,81,,,,,,,,,,,,,,,Rookie: no NFL track record yet,2026-09-04,2026-10-07
198,223.91,Kenyon Sadiq,TE,NYJ,26,,,,,,,,,,,,,,,Rookie: no NFL track record yet,2026-09-04,2026-10-07
199,224.17,Oronde Gadsden II,TE,LAC,27,00-0040189,7.613,8.76,0.025,,,,,,,,,,,Outside the tested group,2026-09-04,2026-10-07
200,225.03,Cooper Kupp,WR,SEA,82,00-0033908,8.339,10.404,0.012,,,,,,,,,,,Outside the tested group,2026-09-04,2026-10-07
201,226.23,Darnell Mooney,WR,NYG,83,00-0036309,7.694,8.887,0.015,,,,,,,,,,,Outside the tested group,2026-09-04,2026-10-07
202,226.41,Tank Dell,WR,HOU,84,,,,,,,,,,,,,,,Not modeled: fewer than 6 games (or too little usage) in 2025,2026-09-04,2026-10-07
203,227.62,Rashod Bateman,WR,BAL,85,00-0036550,7.609,7.931,0.019,,,,,,,,,,,Outside the tested group,2026-09-04,2026-10-07
204,227.67,Chris Bell,WR,MIA,86,,,,,,,,,,,,,,,Rookie: no NFL track record yet,2026-09-04,2026-10-07
205,227.97,Kaelon Black,RB,SF,64,,,,,,,,,,,,,,,Rookie: no NFL track record yet,2026-09-04,2026-10-07
206,227.97,Geno Smith,QB,NYJ,29,,,,,,,,,,,,,,,QBs aren't modeled,2026-09-04,2026-10-07
207,233.38,Zachariah Branch,WR,ATL,87,,,,,,,,,,,,,,,Rookie: no NFL track record yet,2026-09-04,2026-10-07
208,233.5,Pat Freiermuth,TE,PIT,28,00-0036894,8.366,8.872,0.035,,,,,,,,,,,Outside the tested group,2026-09-04,2026-10-07
209,233.86,Justice Hill,RB,BAL,65,,,,,,,,,,,,,,,Not modeled: fewer than 6 games (or too little usage) in 2025,2026-09-04,2026-10-07
210,235.83,Kaytron Allen,RB,WAS,66,,,,,,,,,,,,,,,Rookie: no NFL track record yet,2026-09-04,2026-10-07
211,235.92,Najee Harris,RB,NYG,67,,,,,,,,,,,,,,,Not modeled: fewer than 6 games (or too little usage) in 2025,2026-09-04,2026-10-07
212,236.65,Germie Bernard,WR,PIT,88,,,,,,,,,,,,,,,Rookie: no NFL track record yet,2026-09-04,2026-10-07
213,237.18,Emanuel Wilson,RB,SEA,68,00-0038797,3.043,5.603,0.004,,,,,,,,,,,Outside the tested group,2026-09-04,2026-10-07
214,237.71,Malik Davis,RB,DAL,69,00-0037563,3.806,4.06,0.003,,,,,,,,,,,Outside the tested group,2026-09-04,2026-10-07
215,237.78,Antonio Williams,WR,WAS,89,,,,,,,,,,,,,,,Rookie: no NFL track record yet,2026-09-04,2026-10-07
216,238.65,Jaylen Wright,RB,MIA,70,00-0039874,4.672,3.405,0.016,,,,,,,,,,,Outside the tested group,2026-09-04,2026-10-07
217,239.02,Cade Otton,TE,TB,29,00-0038129,8.507,9.062,0.034,,,,,,,,,,,Outside the tested group,2026-09-04,2026-10-07
218,241.81,George Holani,RB,SEA,71,,,,,,,,,,,,,,,Not modeled: fewer than 6 games (or too little usage) in 2025,2026-09-04,2026-10-07
219,242.11,Ted Hurst III,WR,TB,90,,,,,,,,,,,,,,,Rookie: no NFL track record yet,2026-09-04,2026-10-07
220,244.66,Jack Bech,WR,LV,91,00-0040729,5.065,3.029,0.079,,,,,,,,,,,Outside the tested group,2026-09-04,2026-10-07
221,245.27,Devaughn Vele,WR,NO,92,00-0039424,6.493,7.855,0.024,,,,,,,,,,,Outside the tested group,2026-09-04,2026-10-07
222,246.62,Keon Coleman,WR,BUF,93,00-0039901,9.994,8.556,0.078,,,,,,,,,,,Outside the tested group,2026-09-04,2026-10-07
223,248.63,Kaleb Johnson,RB,GB,72,,,,,,,,,,,,,,,Not modeled: fewer than 6 games (or too little usage) in 2025,2026-09-04,2026-10-07
224,250.89,Chris Brooks,RB,GB,73,,,,,,,,,,,,,,,Not modeled: fewer than 6 games (or too little usage) in 2025,2026-09-04,2026-10-07
225,252.17,Chimere Dike,WR,TEN,94,00-0040705,7.458,7.535,0.019,,,,,,,,,,,Outside the tested group,2026-09-04,2026-10-07
226,253.21,Demond Claiborne,RB,MIN,74,,,,,,,,,,,,,,,Rookie: no NFL track record yet,2026-09-04,2026-10-07
227,254.04,Elic Ayomanor,WR,TEN,95,00-0040170,7.679,7.281,0.025,,,,,,,,,,,Outside the tested group,2026-09-04,2026-10-07
228,254.16,David Njoku,TE,LAC,30,00-0033885,5.871,10.673,0.003,,,,,,,,,,,Outside the tested group,2026-09-04,2026-10-07
229,255.13,Evan Engram,TE,DEN,31,00-0033881,7.176,7.692,0.043,,,,,,,,,,,Outside the tested group,2026-09-04,2026-10-07
230,258.43,Ollie Gordon II,RB,MIA,75,00-0040198,2.879,3.182,0.003,,,,,,,,,,,Outside the tested group,2026-09-04,2026-10-07
231,259.0,Samaje Perine,RB,CIN,76,00-0033526,5.057,4.978,0.009,,,,,,,,,,,Outside the tested group,2026-09-04,2026-10-07
232,261.28,Fernando Mendoza,QB,LV,30,,,,,,,,,,,,,,,QBs aren't modeled,2026-09-04,2026-10-07
233,262.01,Isaiah Davis,RB,NYJ,77,00-0039798,3.969,4.038,0.006,,,,,,,,,,,Outside the tested group,2026-09-04,2026-10-07
234,263.77,Tory Horton,WR,SEA,96,00-0040648,5.367,8.137,0.001,,,,,,,,,,,Outside the tested group,2026-09-04,2026-10-07
235,264.32,Jordan James,RB,SF,78,,,,,,,,,,,,,,,Not modeled: fewer than 6 games (or too little usage) in 2025,2026-09-04,2026-10-07
236,264.39,LeQuint Allen Jr.,RB,JAX,79,,,,,,,,,,,,,,,Not modeled: fewer than 6 games (or too little usage) in 2025,2026-09-04,2026-10-07
237,265.44,Ty Johnson,RB,BUF,80,00-0035537,4.259,5.647,0.006,,,,,,,,,,,Outside the tested group,2026-09-04,2026-10-07
238,265.74,Tyquan Thornton,WR,KC,97,00-0038104,7.418,5.594,0.02,,,,,,,,,,,Outside the tested group,2026-09-04,2026-10-07
239,266.14,Colby Parkinson,TE,LA,32,00-0036244,7.949,6.507,0.043,,,,,,,,,,,Outside the tested group,2026-09-04,2026-10-07
240,266.32,Seth McGowan,RB,IND,81,,,,,,,,,,,,,,,Rookie: no NFL track record yet,2026-09-04,2026-10-07
241,268.11,Darren Waller,TE,CAR,33,00-0031610,4.927,9.856,0.002,,,,,,,,,,,Outside the tested group,2026-09-04,2026-10-07
242,268.32,Elijah Sarratt,WR,BAL,98,,,,,,,,,,,,,,,Rookie: no NFL track record yet,2026-09-04,2026-10-07
243,269.99,Xavier Legette,WR,CAR,99,00-0039342,7.992,7.147,0.055,,,,,,,,,,,Outside the tested group,2026-09-04,2026-10-07
244,271.61,DeMario Douglas,WR,NE,100,00-0038621,9.507,7.609,0.037,,,,,,,,,,,Outside the tested group,2026-09-04,2026-10-07
245,271.92,Marvin Mims Jr.,WR,DEN,101,00-0038976,7.032,7.016,0.014,,,,,,,,,,,Outside the tested group,2026-09-04,2026-10-07
246,272.35,Jaydon Blue,RB,PHI,82,,,,,,,,,,,,,,,Not modeled: fewer than 6 games (or too little usage) in 2025,2026-09-04,2026-10-07
247,272.71,Darius Slayton,WR,NYG,102,00-0035535,4.9,6.96,0.005,,,,,,,,,,,Outside the tested group,2026-09-04,2026-10-07
248,273.41,Christian Kirk,WR,SF,103,00-0034775,4.042,6.779,0.002,,,,,,,,,,,Outside the tested group,2026-09-04,2026-10-07
249,275.04,Kyle Williams,WR,NE,104,00-0040131,5.741,3.514,0.013,,,,,,,,,,,Outside the tested group,2026-09-04,2026-10-07
250,276.24,Mason Taylor,TE,NYJ,34,00-0040736,7.34,6.838,0.048,,,,,,,,,,,Outside the tested group,2026-09-04,2026-10-07
251,276.42,Devin Neal,RB,FA,83,00-0040202,7.187,6.667,0.053,,,,,,,,,,,Outside the tested group,2026-09-04,2026-10-07
252,277.84,Mike Gesicki,TE,CIN,35,00-0034829,7.366,7.579,0.012,,,,,,,,,,,Outside the tested group,2026-09-04,2026-10-07
253,278.05,Kendre Miller,RB,NO,84,00-0038551,4.041,4.8,0.001,,,,,,,,,,,Outside the tested group,2026-09-04,2026-10-07
254,278.91,DJ Giddens,RB,IND,85,,,,,,,,,,,,,,,Not modeled: fewer than 6 games (or too little usage) in 2025,2026-09-04,2026-10-07
255,279.1,Brandon Aiyuk,WR,SF,105,,,,,,,,,,,,,,,Not modeled: fewer than 6 games (or too little usage) in 2025,2026-09-04,2026-10-07
256,279.2,Khalil Herbert,RB,FA,86,,,,,,,,,,,,,,,Not modeled: fewer than 6 games (or too little usage) in 2025,2026-09-04,2026-10-07
257,281.77,Tua Tagovailoa,QB,ATL,31,,,,,,,,,,,,,,,QBs aren't modeled,2026-09-04,2026-10-07
258,282.35,Mack Hollins,WR,NE,106,00-0033555,6.362,6.845,0.006,,,,,,,,,,,Outside the tested group,2026-09-04,2026-10-07
259,282.37,Michael Penix Jr.,QB,ATL,32,,,,,,,,,,,,,,,QBs aren't modeled,2026-09-04,2026-10-07
260,283.42,Tyreek Hill,WR,FA,107,,,,,,,,,,,,,,,Not modeled: fewer than 6 games (or too little usage) in 2025,2026-09-04,2026-10-07
261,283.6,Charlie Kolar,TE,LAC,36,00-0038046,5.099,2.804,0.042,,,,,,,,,,,Outside the tested group,2026-09-04,2026-10-07
262,283.65,Andrei Iosivas,WR,CIN,108,00-0038619,6.775,6.556,0.013,,,,,,,,,,,Outside the tested group,2026-09-04,2026-10-07
263,284.48,Jahan Dotson,WR,ATL,109,00-0037741,4.196,3.176,0.011,,,,,,,,,,,Outside the tested group,2026-09-04,2026-10-07
264,285.13,Theo Johnson,TE,NYG,37,00-0039847,7.176,7.535,0.025,,,,,,,,,,,Outside the tested group,2026-09-04,2026-10-07
265,285.32,Bryce Lance,WR,NO,110,,,,,,,,,,,,,,,Rookie: no NFL track record yet,2026-09-04,2026-10-07
266,286.05,Brashard Smith,RB,KC,87,00-0040078,5.367,3.724,0.05,,,,,,,,,,,Outside the tested group,2026-09-04,2026-10-07
267,286.24,Jacob Saylors,RB,DET,88,,,,,,,,,,,,,,,Not modeled: fewer than 6 games (or too little usage) in 2025,2026-09-04,2026-10-07
268,287.55,Xavier Hutchinson,WR,HOU,111,00-0038618,5.976,4.057,0.016,,,,,,,,,,,Outside the tested group,2026-09-04,2026-10-07
269,288.95,Eli Stowers,TE,PHI,38,,,,,,,,,,,,,,,Rookie: no NFL track record yet,2026-09-04,2026-10-07
270,289.05,Kirk Cousins,QB,LV,33,,,,,,,,,,,,,,,QBs aren't modeled,2026-09-04,2026-10-07
271,289.88,Skyler Bell,WR,BUF,112,,,,,,,,,,,,,,,Rookie: no NFL track record yet,2026-09-04,2026-10-07
272,290.52,Trey Benson,RB,ARI,89,,,,,,,,,,,,,,,Not modeled: fewer than 6 games (or too little usage) in 2025,2026-09-04,2026-10-07
273,290.8,Kyle Juszczyk,RB,SF,90,,,,,,,,,,,,,,,Not modeled: fewer than 6 games (or too little usage) in 2025,2026-09-04,2026-10-07
274,291.66,Devin Singletary,RB,NYG,91,00-0035250,3.292,6.419,0.004,,,,,,,,,,,Outside the tested group,2026-09-04,2026-10-07
275,291.83,Hollywood Brown,WR,PHI,113,00-0035662,7.0,8.656,0.004,,,,,,,,,,,Outside the tested group,2026-09-04,2026-10-07
276,291.93,Deshaun Watson,QB,CLE,34,,,,,,,,,,,,,,,QBs aren't modeled,2026-09-04,2026-10-07
277,292.06,Adam Randall,RB,BAL,92,,,,,,,,,,,,,,,Rookie: no NFL track record yet,2026-09-04,2026-10-07
278,292.55,Jake Tonges,TE,SF,39,00-0037112,5.788,7.775,0.001,,,,,,,,,,,Outside the tested group,2026-09-04,2026-10-07
279,292.8,Antonio Williams,RB,FA,93,,,,,,,,,,,,,,,Not modeled: fewer than 6 games (or too little usage) in 2025,2026-09-04,2026-10-07
280,293.96,Emari Demercado,RB,DAL,94,00-0038705,1.203,4.52,0.001,,,,,,,,,,,Outside the tested group,2026-09-04,2026-10-07
281,294.16,Jalen Tolbert,WR,MIA,114,00-0037666,6.431,6.838,0.012,,,,,,,,,,,Outside the tested group,2026-09-04,2026-10-07
282,295.52,Isaiah Bond,WR,CLE,115,00-0040782,4.211,3.647,0.007,,,,,,,,,,,Outside the tested group,2026-09-04,2026-10-07
283,295.87,Jerome Ford,RB,WAS,95,00-0037267,3.309,6.578,0.001,,,,,,,,,,,Outside the tested group,2026-09-04,2026-10-07
284,297.21,Michael Mayer,TE,LV,40,00-0039066,4.999,4.6,0.02,,,,,,,,,,,Outside the tested group,2026-09-04,2026-10-07
285,298.2,Dohnte Meyers,WR,CIN,116,,,,,,,,,,,,,,,Not modeled: fewer than 6 games (or too little usage) in 2025,2026-09-04,2026-10-07
286,298.26,Darnell Washington,TE,PIT,41,00-0038558,5.77,4.554,0.013,,,,,,,,,,,Outside the tested group,2026-09-04,2026-10-07
287,299.1,Chris Brazzell II,WR,CAR,117,,,,,,,,,,,,,,,Rookie: no NFL track record yet,2026-09-04,2026-10-07
288,301.1,Roman Wilson,WR,PIT,118,,,,,,,,,,,,,,,Not modeled: fewer than 6 games (or too little usage) in 2025,2026-09-04,2026-10-07
289,301.12,Trevor Etienne,RB,CAR,96,,,,,,,,,,,,,,,Not modeled: fewer than 6 games (or too little usage) in 2025,2026-09-04,2026-10-07
290,301.37,Shedeur Sanders,QB,CLE,35,,,,,,,,,,,,,,,QBs aren't modeled,2026-09-04,2026-10-07
291,302.0,Kendrick Bourne,WR,ARI,119,00-0033307,5.651,6.046,0.006,,,,,,,,,,,Outside the tested group,2026-09-04,2026-10-07
292,303.0,Isaac Guerendo,RB,SF,97,,,,,,,,,,,,,,,Not modeled: fewer than 6 games (or too little usage) in 2025,2026-09-04,2026-10-07
293,303.86,Jaleel McLaughlin,RB,CLE,98,,,,,,,,,,,,,,,Not modeled: fewer than 6 games (or too little usage) in 2025,2026-09-04,2026-10-07
294,304.38,Tahj Brooks,RB,CIN,99,,,,,,,,,,,,,,,Not modeled: fewer than 6 games (or too little usage) in 2025,2026-09-04,2026-10-07
295,305.25,Zavier Scott,RB,CHI,100,,,,,,,,,,,,,,,Not modeled: fewer than 6 games (or too little usage) in 2025,2026-09-04,2026-10-07
296,306.94,Will Shipley,RB,PHI,101,,,,,,,,,,,,,,,Not modeled: fewer than 6 games (or too little usage) in 2025,2026-09-04,2026-10-07
297,307.29,Isaiah Williams,WR,NYJ,120,00-0039451,4.07,2.752,0.021,,,,,,,,,,,Outside the tested group,2026-09-04,2026-10-07
298,310.25,Elijah Arroyo,TE,SEA,42,00-0040739,3.908,2.838,0.017,,,,,,,,,,,Outside the tested group,2026-09-04,2026-10-07
299,310.5,Bam Knight,RB,ARI,102,00-0037157,3.919,7.742,0.002,,,,,,,,,,,Outside the tested group,2026-09-04,2026-10-07
300,310.65,Audric Estime,RB,NO,103,,,,,,,,,,,,,,,Not modeled: fewer than 6 games (or too little usage) in 2025,2026-09-04,2026-10-07
301,311.95,Konata Mumpfield,WR,LA,121,00-0040590,3.712,2.52,0.004,,,,,,,,,,,Outside the tested group,2026-09-04,2026-10-07
302,312.54,Joshua Palmer,WR,BUF,122,00-0036988,5.809,5.915,0.009,,,,,,,,,,,Outside the tested group,2026-09-04,2026-10-07
303,313.63,Roschon Johnson,RB,CHI,104,,,,,,,,,,,,,,,Not modeled: fewer than 6 games (or too little usage) in 2025,2026-09-04,2026-10-07
304,313.96,Oscar Delp,TE,NO,43,,,,,,,,,,,,,,,Rookie: no NFL track record yet,2026-09-04,2026-10-07
305,314.33,Chris Blair,WR,ATL,123,,,,,,,,,,,,,,,Not modeled: fewer than 6 games (or too little usage) in 2025,2026-09-04,2026-10-07
306,315.09,Jarquez Hunter,RB,FA,105,,,,,,,,,,,,,,,Not modeled: fewer than 6 games (or too little usage) in 2025,2026-09-04,2026-10-07
307,315.45,Olamide Zaccheaus,WR,ATL,124,00-0035208,6.123,6.64,0.005,,,,,,,,,,,Outside the tested group,2026-09-04,2026-10-07
308,315.54,Eli Raridon,TE,NE,44,,,,,,,,,,,,,,,Rookie: no NFL track record yet,2026-09-04,2026-10-07
309,315.83,Eli Heidenreich,RB,PIT,106,,,,,,,,,,,,,,,Rookie: no NFL track record yet,2026-09-04,2026-10-07
310,315.83,Kalif Raymond,WR,CHI,125,00-0032464,3.369,4.567,0.004,,,,,,,,,,,Outside the tested group,2026-09-04,2026-10-07
311,316.0,Barion Brown,WR,NO,126,,,,,,,,,,,,,,,Rookie: no NFL track record yet,2026-09-04,2026-10-07
312,316.19,Tez Johnson,WR,TB,127,00-0040237,6.32,6.16,0.008,,,,,,,,,,,Outside the tested group,2026-09-04,2026-10-07
313,316.5,Jake Browning,QB,FA,36,,,,,,,,,,,,,,,QBs aren't modeled,2026-09-04,2026-10-07
314,317.06,Malik Benson,WR,LV,128,,,,,,,,,,,,,,,Rookie: no NFL track record yet,2026-09-04,2026-10-07
315,317.31,Kareem Hunt,RB,FA,107,00-0033923,7.975,10.027,0.038,,,,,,,,,,,Outside the tested group,2026-09-04,2026-10-07
316,317.64,Erick All Jr.,TE,CIN,45,,,,,,,,,,,,,,,Not modeled: fewer than 6 games (or too little usage) in 2025,2026-09-04,2026-10-07
317,317.74,Cedric Tillman,WR,NO,129,00-0038979,2.971,6.686,0.004,,,,,,,,,,,Outside the tested group,2026-09-04,2026-10-07
318,318.05,Brenen Thompson,WR,LAC,130,,,,,,,,,,,,,,,Rookie: no NFL track record yet,2026-09-04,2026-10-07
319,318.14,Joe Mixon,RB,FA,108,,,,,,,,,,,,,,,Not modeled: fewer than 6 games (or too little usage) in 2025,2026-09-04,2026-10-07
320,318.97,Treylon Burks,WR,WAS,131,00-0037742,4.158,2.808,0.017,,,,,,,,,,,Outside the tested group,2026-09-04,2026-10-07
321,319.33,Max Bredeson,RB,MIN,109,,,,,,,,,,,,,,,Not modeled: fewer than 6 games (or too little usage) in 2025,2026-09-04,2026-10-07
322,320.1,Sione Vaki,RB,DET,110,,,,,,,,,,,,,,,Not modeled: fewer than 6 games (or too little usage) in 2025,2026-09-04,2026-10-07
323,321.25,Josh Williams,RB,TB,111,,,,,,,,,,,,,,,Not modeled: fewer than 6 games (or too little usage) in 2025,2026-09-04,2026-10-07
324,321.36,Odell Beckham Jr.,WR,NYG,132,,,,,,,,,,,,,,,Not modeled: fewer than 6 games (or too little usage) in 2025,2026-09-04,2026-10-07
325,321.5,Lew Nichols III,RB,PIT,112,,,,,,,,,,,,,,,Not modeled: fewer than 6 games (or too little usage) in 2025,2026-09-04,2026-10-07
326,322.5,Brandin Cooks,WR,FA,133,00-0031236,3.002,5.283,0.0,,,,,,,,,,,Outside the tested group,2026-09-04,2026-10-07
327,322.53,Carson Beck,QB,ARI,37,,,,,,,,,,,,,,,QBs aren't modeled,2026-09-04,2026-10-07
328,323.19,Jalen Royals,WR,KC,134,,,,,,,,,,,,,,,Not modeled: fewer than 6 games (or too little usage) in 2025,2026-09-04,2026-10-07
329,323.38,KaVontae Turpin,WR,DAL,135,00-0037801,4.696,5.897,0.002,,,,,,,,,,,Outside the tested group,2026-09-04,2026-10-07
330,324.18,Cole Kmet,TE,CHI,46,00-0036290,6.379,6.222,0.035,,,,,,,,,,,Outside the tested group,2026-09-04,2026-10-07
331,325.0,Scotty Miller,WR,CHI,136,,,,,,,,,,,,,,,Not modeled: fewer than 6 games (or too little usage) in 2025,2026-09-04,2026-10-07
332,325.16,Tyler Higbee,TE,LA,47,00-0033110,5.738,7.515,0.003,,,,,,,,,,,Outside the tested group,2026-09-04,2026-10-07
333,325.41,Luke McCaffrey,WR,WAS,137,00-0039355,3.148,3.914,0.002,,,,,,,,,,,Outside the tested group,2026-09-04,2026-10-07
334,325.71,Michael Carter,RB,TEN,113,00-0036924,5.052,8.425,0.002,,,,,,,,,,,Outside the tested group,2026-09-04,2026-10-07
335,326.53,Rasheen Ali,RB,BAL,114,,,,,,,,,,,,,,,Not modeled: fewer than 6 games (or too little usage) in 2025,2026-09-04,2026-10-07
336,327.33,Jordan Watkins,WR,SF,138,,,,,,,,,,,,,,,Not modeled: fewer than 6 games (or too little usage) in 2025,2026-09-04,2026-10-07
337,327.5,Kaden Wetjen,WR,PIT,139,,,,,,,,,,,,,,,Rookie: no NFL track record yet,2026-09-04,2026-10-07
338,329.24,Dawson Knox,TE,BUF,48,00-0035689,6.383,5.427,0.056,,,,,,,,,,,Outside the tested group,2026-09-04,2026-10-07
339,330.0,Patrick Ricard,RB,NYG,115,,,,,,,,,,,,,,,Not modeled: fewer than 6 games (or too little usage) in 2025,2026-09-04,2026-10-07
340,330.02,Noah Gray,TE,KC,49,00-0036637,4.202,5.07,0.002,,,,,,,,,,,Outside the tested group,2026-09-04,2026-10-07
341,330.14,Tyler Goodson,RB,ATL,116,,,,,,,,,,,,,,,Not modeled: fewer than 6 games (or too little usage) in 2025,2026-09-04,2026-10-07
342,330.17,Demarcus Robinson,WR,SF,140,00-0032775,4.457,5.861,0.002,,,,,,,,,,,Outside the tested group,2026-09-04,2026-10-07
343,330.44,J.J. McCarthy,QB,MIN,38,,,,,,,,,,,,,,,QBs aren't modeled,2026-09-04,2026-10-07
344,330.67,Xavier Smith,WR,LA,141,00-0038359,2.929,1.817,0.005,,,,,,,,,,,Outside the tested group,2026-09-04,2026-10-07
345,330.81,Kevin Coleman Jr.,WR,MIA,142,,,,,,,,,,,,,,,Rookie: no NFL track record yet,2026-09-04,2026-10-07
346,331.0,Jaydn Ott,RB,KC,117,,,,,,,,,,,,,,,Not modeled: fewer than 6 games (or too little usage) in 2025,2026-09-04,2026-10-07
347,331.14,Ronnie Rivers,RB,LA,118,,,,,,,,,,,,,,,Not modeled: fewer than 6 games (or too little usage) in 2025,2026-09-04,2026-10-07
348,331.31,Zavion Thomas,WR,CHI,143,,,,,,,,,,,,,,,Rookie: no NFL track record yet,2026-09-04,2026-10-07
349,331.7,Raheim Sanders,RB,CLE,119,,,,,,,,,,,,,,,Not modeled: fewer than 6 games (or too little usage) in 2025,2026-09-04,2026-10-07
350,332.0,Drew Allar,QB,PIT,39,,,,,,,,,,,,,,,QBs aren't modeled,2026-09-04,2026-10-07
351,332.0,Xavier Restrepo,WR,TEN,144,,,,,,,,,,,,,,,Not modeled: fewer than 6 games (or too little usage) in 2025,2026-09-04,2026-10-07
352,332.08,Max Klare,TE,LA,50,,,,,,,,,,,,,,,Rookie: no NFL track record yet,2026-09-04,2026-10-07
353,332.13,J'Mari Taylor,RB,JAX,120,,,,,,,,,,,,,,,Not modeled: fewer than 6 games (or too little usage) in 2025,2026-09-04,2026-10-07
354,332.2,AJ Dillon,RB,CAR,121,,,,,,,,,,,,,,,Not modeled: fewer than 6 games (or too little usage) in 2025,2026-09-04,2026-10-07
355,332.25,Jahdae Walker,WR,CHI,145,,,,,,,,,,,,,,,Not modeled: fewer than 6 games (or too little usage) in 2025,2026-09-04,2026-10-07
356,333.67,Kalel Mullings,RB,TEN,122,,,,,,,,,,,,,,,Not modeled: fewer than 6 games (or too little usage) in 2025,2026-09-04,2026-10-07
357,334.0,Jeremy McNichols,RB,WAS,123,00-0033955,1.178,4.403,0.001,,,,,,,,,,,Outside the tested group,2026-09-04,2026-10-07
358,334.0,Corey Kiner,RB,NE,124,,,,,,,,,,,,,,,Not modeled: fewer than 6 games (or too little usage) in 2025,2026-09-04,2026-10-07
359,334.5,Jalen Reagor,WR,FA,146,,,,,,,,,,,,,,,Not modeled: fewer than 6 games (or too little usage) in 2025,2026-09-04,2026-10-07
360,335.59,John Metchie III,WR,CAR,147,00-0037614,4.673,5.535,0.022,,,,,,,,,,,Outside the tested group,2026-09-04,2026-10-07
361,336.64,Ja'Tavion Sanders,TE,CAR,51,00-0039356,2.843,4.711,0.004,,,,,,,,,,,Outside the tested group,2026-09-04,2026-10-07
362,337.47,Ashton Dulin,WR,IND,148,,,,,,,,,,,,,,,Not modeled: fewer than 6 games (or too little usage) in 2025,2026-09-04,2026-10-07
363,337.79,Colbie Young,WR,CIN,149,,,,,,,,,,,,,,,Rookie: no NFL track record yet,2026-09-04,2026-10-07
364,338.25,Elijah Moore,WR,PHI,150,00-0036980,4.68,5.75,0.007,,,,,,,,,,,Outside the tested group,2026-09-04,2026-10-07
365,338.3,Dont'e Thornton Jr.,WR,LV,151,00-0040581,3.156,2.136,0.014,,,,,,,,,,,Outside the tested group,2026-09-04,2026-10-07
366,338.33,Taylen Green,QB,CLE,40,,,,,,,,,,,,,,,QBs aren't modeled,2026-09-04,2026-10-07
367,338.33,Isaiah Williams,WR,FA,152,,,,,,,,,,,,,,,Not modeled: fewer than 6 games (or too little usage) in 2025,2026-09-04,2026-10-07
368,339.33,Julius Chestnut,RB,TEN,125,,,,,,,,,,,,,,,Not modeled: fewer than 6 games (or too little usage) in 2025,2026-09-04,2026-10-07
369,339.6,Marquez Valdes-Scantling,WR,FA,153,00-0034272,2.447,5.295,0.0,,,,,,,,,,,Outside the tested group,2026-09-04,2026-10-07
370,339.65,Mac Jones,QB,SF,41,,,,,,,,,,,,,,,QBs aren't modeled,2026-09-04,2026-10-07
371,339.78,Dylan Laube,RB,LV,126,,,,,,,,,,,,,,,Not modeled: fewer than 6 games (or too little usage) in 2025,2026-09-04,2026-10-07
372,340.0,John Bates,TE,WAS,52,00-0036628,2.583,1.813,0.001,,,,,,,,,,,Outside the tested group,2026-09-04,2026-10-07
373,341.0,Jalen Milroe,QB,SEA,42,,,,,,,,,,,,,,,QBs aren't modeled,2026-09-04,2026-10-07
374,341.25,Reggie Virgil,WR,ARI,154,,,,,,,,,,,,,,,Rookie: no NFL track record yet,2026-09-04,2026-10-07
375,341.33,Theo Wease Jr.,WR,LAC,155,,,,,,,,,,,,,,,Not modeled: fewer than 6 games (or too little usage) in 2025,2026-09-04,2026-10-07
376,342.43,Jawhar Jordan,RB,HOU,127,,,,,,,,,,,,,,,Not modeled: fewer than 6 games (or too little usage) in 2025,2026-09-04,2026-10-07
377,343.4,Ameer Abdullah,RB,JAX,128,,,,,,,,,,,,,,,Not modeled: fewer than 6 games (or too little usage) in 2025,2026-09-04,2026-10-07
378,344.0,Michael Woods II,WR,DEN,156,,,,,,,,,,,,,,,Not modeled: fewer than 6 games (or too little usage) in 2025,2026-09-04,2026-10-07
379,344.0,Alec Ingold,RB,LAC,129,,,,,,,,,,,,,,,Not modeled: fewer than 6 games (or too little usage) in 2025,2026-09-04,2026-10-07
380,344.12,Justin Fields,QB,KC,43,,,,,,,,,,,,,,,QBs aren't modeled,2026-09-04,2026-10-07
381,344.17,Terrell Jennings,RB,FA,130,,,,,,,,,,,,,,,Not modeled: fewer than 6 games (or too little usage) in 2025,2026-09-04,2026-10-07
382,345.63,Hunter Luepke,RB,DAL,131,,,,,,,,,,,,,,,Not modeled: fewer than 6 games (or too little usage) in 2025,2026-09-04,2026-10-07
383,345.67,Miles Sanders,RB,FA,132,,,,,,,,,,,,,,,Not modeled: fewer than 6 games (or too little usage) in 2025,2026-09-04,2026-10-07
384,345.92,Devontez Walker,WR,BAL,157,,,,,,,,,,,,,,,Not modeled: fewer than 6 games (or too little usage) in 2025,2026-09-04,2026-10-07
385,345.96,Tutu Atwell,WR,LA,158,00-0036849,4.725,5.657,0.003,,,,,,,,,,,Outside the tested group,2026-09-04,2026-10-07
386,346.5,Quinn Ewers,QB,JAX,44,,,,,,,,,,,,,,,QBs aren't modeled,2026-09-04,2026-10-07
387,347.16,Anthony Richardson Sr.,QB,IND,45,,,,,,,,,,,,,,,QBs aren't modeled,2026-09-04,2026-10-07
388,347.32,CJ Daniels,WR,LA,159,,,,,,,,,,,,,,,Rookie: no NFL track record yet,2026-09-04,2026-10-07
389,347.5,Savion Williams,WR,GB,160,,,,,,,,,,,,,,,Not modeled: fewer than 6 games (or too little usage) in 2025,2026-09-04,2026-10-07
390,349.0,Josh Cameron,WR,JAX,161,,,,,,,,,,,,,,,Rookie: no NFL track record yet,2026-09-04,2026-10-07
391,349.0,Jacob Cowing,WR,SF,162,,,,,,,,,,,,,,,Not modeled: fewer than 6 games (or too little usage) in 2025,2026-09-04,2026-10-07
392,349.73,Noah Fant,TE,NO,53,00-0035644,4.822,6.622,0.009,,,,,,,,,,,Outside the tested group,2026-09-04,2026-10-07
393,349.75,Kene Nwangwu,RB,NYJ,133,,,,,,,,,,,,,,,Not modeled: fewer than 6 games (or too little usage) in 2025,2026-09-04,2026-10-07
394,350.1,Ty Simpson,QB,LA,46,,,,,,,,,,,,,,,QBs aren't modeled,2026-09-04,2026-10-07
395,350.27,Jam Miller,RB,FA,134,,,,,,,,,,,,,,,Not modeled: fewer than 6 games (or too little usage) in 2025,2026-09-04,2026-10-07
396,350.3,Phil Mafah,RB,FA,135,,,,,,,,,,,,,,,Not modeled: fewer than 6 games (or too little usage) in 2025,2026-09-04,2026-10-07
397,350.33,Tyson Bagent,QB,CHI,47,,,,,,,,,,,,,,,QBs aren't modeled,2026-09-04,2026-10-07
398,350.79,Tommy Tremble,TE,CAR,54,00-0037005,5.841,4.812,0.052,,,,,,,,,,,Outside the tested group,2026-09-04,2026-10-07
399,350.89,Matt Hibner,TE,BAL,55,,,,,,,,,,,,,,,Not modeled: fewer than 6 games (or too little usage) in 2025,2026-09-04,2026-10-07
400,351.0,Tim Patrick,WR,NYJ,163,00-0033375,2.233,5.146,0.001,,,,,,,,,,,Outside the tested group,2026-09-04,2026-10-07
401,351.79,Joe Flacco,QB,CIN,48,,,,,,,,,,,,,,,QBs aren't modeled,2026-09-04,2026-10-07
402,351.89,Marcus Mariota,QB,WAS,49,,,,,,,,,,,,,,,QBs aren't modeled,2026-09-04,2026-10-07
403,352.09,Justin Joly,TE,MIA,56,,,,,,,,,,,,,,,Rookie: no NFL track record yet,2026-09-04,2026-10-07
404,352.76,Cade Klubnik,QB,NYJ,50,,,,,,,,,,,,,,,QBs aren't modeled,2026-09-04,2026-10-07
405,353.25,Riley Leonard,QB,IND,51,,,,,,,,,,,,,,,QBs aren't modeled,2026-09-04,2026-10-07
406,354.67,Jaylin Lane,WR,WAS,164,00-0040164,4.22,3.413,0.006,,,,,,,,,,,Outside the tested group,2026-09-04,2026-10-07
407,354.9,Austin Ekeler,RB,FA,136,,,,,,,,,,,,,,,Not modeled: fewer than 6 games (or too little usage) in 2025,2026-09-04,2026-10-07
408,355.0,Kevin Austin Jr.,WR,NO,165,,,,,,,,,,,,,,,Not modeled: fewer than 6 games (or too little usage) in 2025,2026-09-04,2026-10-07
409,355.2,Tommy Myers,TE,FA,57,,,,,,,,,,,,,,,Not modeled: fewer than 6 games (or too little usage) in 2025,2026-09-04,2026-10-07
410,355.95,Ben Sinnott,TE,WAS,58,00-0039912,3.18,2.638,0.001,,,,,,,,,,,Outside the tested group,2026-09-04,2026-10-07
411,356.25,Gardner Minshew II,QB,ARI,52,,,,,,,,,,,,,,,QBs aren't modeled,2026-09-04,2026-10-07
412,356.46,Jameis Winston,QB,NYG,53,,,,,,,,,,,,,,,QBs aren't modeled,2026-09-04,2026-10-07
413,356.5,Jack Strand,QB,ATL,54,,,,,,,,,,,,,,,QBs aren't modeled,2026-09-04,2026-10-07
414,356.5,Nate Boerkircher,TE,JAX,59,,,,,,,,,,,,,,,Rookie: no NFL track record yet,2026-09-04,2026-10-07
415,357.33,Will Kacmarek,TE,MIA,60,,,,,,,,,,,,,,,Rookie: no NFL track record yet,2026-09-04,2026-10-07
416,357.88,Tai Felton,WR,MIN,166,,,,,,,,,,,,,,,Not modeled: fewer than 6 games (or too little usage) in 2025,2026-09-04,2026-10-07
417,357.88,Greg Dortch,WR,BUF,167,00-0035500,2.077,5.703,0.002,,,,,,,,,,,Outside the tested group,2026-09-04,2026-10-07
418,357.93,Nick Westbrook-Ikhine,WR,FA,168,00-0036182,2.945,5.763,0.0,,,,,,,,,,,Outside the tested group,2026-09-04,2026-10-07
419,358.0,Lan Larison,RB,NE,137,,,,,,,,,,,,,,,Not modeled: fewer than 6 games (or too little usage) in 2025,2026-09-04,2026-10-07
420,358.18,Jonnu Smith,TE,GB,61,00-0033858,5.688,9.044,0.005,,,,,,,,,,,Outside the tested group,2026-09-04,2026-10-07
421,359.94,Luke Musgrave,TE,GB,62,00-0039144,2.245,3.035,0.002,,,,,,,,,,,Outside the tested group,2026-09-04,2026-10-07
422,360.2,Reggie Gilliam,RB,NE,138,,,,,,,,,,,,,,,Not modeled: fewer than 6 games (or too little usage) in 2025,2026-09-04,2026-10-07
423,360.44,Joe Milton III,QB,DAL,55,,,,,,,,,,,,,,,QBs aren't modeled,2026-09-04,2026-10-07
424,360.5,Juice Wells Jr.,WR,FA,169,,,,,,,,,,,,,,,Not modeled: fewer than 6 games (or too little usage) in 2025,2026-09-04,2026-10-07
425,361.0,Drew Sample,TE,CIN,63,00-0035631,3.609,2.974,0.003,,,,,,,,,,,Outside the tested group,2026-09-04,2026-10-07
426,361.13,Jordan Whittington,WR,LA,170,00-0039751,4.831,3.062,0.012,,,,,,,,,,,Outside the tested group,2026-09-04,2026-10-07
427,361.5,Cade Stover,TE,HOU,64,,,,,,,,,,,,,,,Not modeled: fewer than 6 games (or too little usage) in 2025,2026-09-04,2026-10-07
428,361.9,Dameon Pierce,RB,PHI,139,,,,,,,,,,,,,,,Not modeled: fewer than 6 games (or too little usage) in 2025,2026-09-04,2026-10-07
429,362.83,Austin Hooper,TE,ATL,65,00-0032392,3.757,5.597,0.003,,,,,,,,,,,Outside the tested group,2026-09-04,2026-10-07
430,363.0,Davis Mills,QB,HOU,56,,,,,,,,,,,,,,,QBs aren't modeled,2026-09-04,2026-10-07
431,363.4,Josh Oliver,TE,MIN,66,00-0035249,3.962,5.033,0.003,,,,,,,,,,,Outside the tested group,2026-09-04,2026-10-07
432,364.0,Brittain Brown,RB,CHI,140,,,,,,,,,,,,,,,Not modeled: fewer than 6 games (or too little usage) in 2025,2026-09-04,2026-10-07
433,364.0,Trey Lance,QB,LAC,57,,,,,,,,,,,,,,,QBs aren't modeled,2026-09-04,2026-10-07
434,365.0,Kendrick Law,WR,DET,171,,,,,,,,,,,,,,,Rookie: no NFL track record yet,2026-09-04,2026-10-07
435,365.15,Mitchell Evans,TE,CAR,67,00-0040187,4.757,3.443,0.023,,,,,,,,,,,Outside the tested group,2026-09-04,2026-10-07
436,366.33,Tyler Lockett,WR,LV,172,00-0032211,1.971,5.532,0.003,,,,,,,,,,,Outside the tested group,2026-09-04,2026-10-07
437,367.05,Daniel Bellinger,TE,TEN,68,00-0038115,4.033,3.444,0.026,,,,,,,,,,,Outside the tested group,2026-09-04,2026-10-07
438,367.33,Elijah Higgins,TE,ARI,69,00-0039041,3.892,3.353,0.012,,,,,,,,,,,Outside the tested group,2026-09-04,2026-10-07
439,367.56,Deion Burks,WR,IND,173,,,,,,,,,,,,,,,Rookie: no NFL track record yet,2026-09-04,2026-10-07
440,368.33,Antonio Gibson,RB,FA,141,,,,,,,,,,,,,,,Not modeled: fewer than 6 games (or too little usage) in 2025,2026-09-04,2026-10-07
441,369.18,Marlin Klein,TE,HOU,70,,,,,,,,,,,,,,,Rookie: no NFL track record yet,2026-09-04,2026-10-07
442,369.6,Adam Trautman,TE,DEN,71,00-0036422,3.806,3.435,0.007,,,,,,,,,,,Outside the tested group,2026-09-04,2026-10-07
443,370.17,Tanner Koziol,TE,JAX,72,,,,,,,,,,,,,,,Rookie: no NFL track record yet,2026-09-04,2026-10-07
444,371.33,Jackson Hawes,TE,BUF,73,00-0040194,5.027,4.054,0.009,,,,,,,,,,,Outside the tested group,2026-09-04,2026-10-07
445,371.5,Jelani Woods,TE,NYJ,74,,,,,,,,,,,,,,,Not modeled: fewer than 6 games (or too little usage) in 2025,2026-09-04,2026-10-07
446,372.5,Tyler Conklin,TE,DET,75,,,,,,,,,,,,,,,Not modeled: fewer than 6 games (or too little usage) in 2025,2026-09-04,2026-10-07
447,372.6,Zach Ertz,TE,FA,76,00-0030061,7.687,10.127,0.004,,,,,,,,,,,Outside the tested group,2026-09-04,2026-10-07
448,372.67,Jimmy Horn Jr.,WR,CAR,174,,,,,,,,,,,,,,,Not modeled: fewer than 6 games (or too little usage) in 2025,2026-09-04,2026-10-07
449,374.09,Dyami Brown,WR,WAS,175,00-0036626,4.551,4.504,0.005,,,,,,,,,,,Outside the tested group,2026-09-04,2026-10-07
450,374.17,Damien Martinez,RB,FA,142,,,,,,,,,,,,,,,Not modeled: fewer than 6 games (or too little usage) in 2025,2026-09-04,2026-10-07
451,374.6,Tyler Badie,RB,DEN,143,,,,,,,,,,,,,,,Not modeled: fewer than 6 games (or too little usage) in 2025,2026-09-04,2026-10-07
452,376.5,Tyrod Taylor,QB,GB,58,,,,,,,,,,,,,,,QBs aren't modeled,2026-09-04,2026-10-07
453,378.0,Sam Roush,TE,CHI,77,,,,,,,,,,,,,,,Rookie: no NFL track record yet,2026-09-04,2026-10-07
454,379.5,Tanner Hudson,TE,CIN,78,00-0034613,3.457,4.542,0.001,,,,,,,,,,,Outside the tested group,2026-09-04,2026-10-07
455,381.0,Luke Schoonmaker,TE,DAL,79,00-0038547,3.742,3.242,0.005,,,,,,,,,,,Outside the tested group,2026-09-04,2026-10-07
456,389.0,DeAndre Hopkins,WR,BAL,176,00-0030564,3.594,6.485,0.003,,,,,,,,,,,Outside the tested group,2026-09-04,2026-10-07
457,394.5,Lil'Jordan Humphrey,WR,DEN,177,00-0035406,4.303,4.71,0.004,,,,,,,,,,,Outside the tested group,2026-09-04,2026-10-07
458,412.5,Taysom Hill,TE,FA,80,,,,,,,,,,,,,,,Not modeled: fewer than 6 games (or too little usage) in 2025,2026-09-04,2026-10-07
459,413.0,Michael Trigg,TE,DAL,81,,,,,,,,,,,,,,,Not modeled: fewer than 6 games (or too little usage) in 2025,2026-09-04,2026-10-07
