player_id,name,position,team,next_preseason_team,age,ppr_per_game,baseline_ppg,pred_change_2026,pred_ppg_2026,leap_prob_2026,next_preseason_rank,position_rank_pred
00-0038542,Bijan Robinson,RB,ATL,ATL,23.6,21.812,20.956,-0.9,20.056,0.338,2.0,1
00-0039139,Jahmyr Gibbs,RB,DET,DET,23.5,21.582,21.465,-1.834,19.631,0.145,1.0,2
00-0039075,Puka Nacua,WR,LA,LA,24.3,23.438,21.541,-2.0,19.541,0.209,2.0,1
00-0036900,Ja'Marr Chase,WR,CIN,CIN,25.5,19.6,21.715,-2.573,19.142,0.137,1.0,2
00-0038543,Jaxon Smith-Njigba,WR,SEA,SEA,23.5,21.171,18.026,0.256,18.283,0.406,3.0,3
00-0039040,De'Von Achane,RB,MIA,MIA,23.9,20.175,18.87,-0.736,18.134,0.135,7.0,3
00-0036963,Amon-Ra St. Brown,WR,DET,DET,25.9,19.059,18.829,-1.264,17.565,0.075,4.0,4
00-0033280,Christian McCaffrey,RB,SF,SF,29.2,24.506,22.114,-5.202,16.913,0.049,3.0,4
00-0037248,James Cook,RB,BUF,BUF,25.9,17.776,17.239,-0.58,16.66,0.122,5.0,5
00-0036223,Jonathan Taylor,RB,IND,IND,26.6,21.312,19.581,-3.121,16.459,0.023,4.0,6
00-0039067,Rashee Rice,WR,KC,KC,25.4,18.762,17.917,-1.519,16.397,0.135,14.0,5
00-0037238,Drake London,WR,ATL,ATL,24.1,16.825,16.645,-0.947,15.698,0.147,7.0,6
00-0038597,Chase Brown,RB,CIN,CIN,25.4,16.624,16.291,-0.778,15.513,0.223,6.0,7
00-0036358,CeeDee Lamb,WR,DAL,DAL,26.4,15.454,16.582,-1.368,15.215,0.087,6.0,7
00-0036554,Nico Collins,WR,HOU,HOU,26.5,15.08,16.178,-1.506,14.671,0.081,9.0,8
00-0040122,Ashton Jeanty,RB,LV,LV,21.7,14.418,14.418,0.213,14.631,0.354,11.0,8
00-0037840,Kyren Williams,RB,LA,LA,25.0,15.488,16.224,-1.674,14.55,0.064,15.0,9
00-0040715,Cam Skattebo,RB,NYG,NYG,23.6,15.962,15.962,-1.46,14.502,0.017,20.0,10
00-0037744,Trey McBride,TE,ARI,ARI,25.8,18.582,16.961,-2.519,14.441,0.14,1.0,1
00-0037247,George Pickens,WR,DAL,DAL,24.5,17.171,14.719,-0.336,14.383,0.062,11.0,9
00-0036322,Justin Jefferson,WR,MIN,MIN,26.2,11.853,15.264,-1.132,14.132,0.126,5.0,10
00-0032764,Derrick Henry,RB,BAL,BAL,31.7,16.441,18.115,-4.055,14.06,0.02,12.0,11
00-0038120,Breece Hall,RB,NYJ,NYJ,24.3,12.979,14.018,-0.045,13.973,0.118,13.0,12
00-0037239,Chris Olave,WR,NO,NO,25.2,16.75,14.362,-0.438,13.925,0.125,10.0,11
00-0039064,Zay Flowers,WR,BAL,BAL,25.0,14.312,13.318,0.367,13.685,0.265,15.0,12
00-0040666,Omarion Hampton,RB,LAC,LAC,22.5,15.078,15.078,-1.402,13.675,0.128,9.0,13
00-0039893,Brian Thomas Jr.,WR,JAX,JAX,22.9,9.914,13.639,-0.085,13.554,0.122,35.0,13
00-0031381,Davante Adams,WR,LA,LA,32.7,15.921,16.579,-3.036,13.543,0.012,24.0,14
00-0036410,Tee Higgins,WR,CIN,CIN,26.6,14.107,16.063,-2.596,13.466,0.027,20.0,15
00-0040124,Tetairoa McMillan,WR,CAR,CAR,22.4,12.553,12.553,0.855,13.408,0.242,19.0,16
00-0035676,A.J. Brown,WR,PHI,NE,28.2,14.687,15.614,-2.238,13.377,0.07,8.0,17
00-0034844,Saquon Barkley,RB,PHI,PHI,28.6,14.519,18.362,-5.05,13.312,0.012,8.0,14
00-0036275,D'Andre Swift,RB,CHI,CHI,26.6,14.288,13.427,-0.252,13.175,0.086,18.0,15
00-0038134,Kenneth Walker III,RB,SEA,KC,24.9,11.288,13.325,-0.199,13.126,0.102,10.0,16
00-0037240,Jameson Williams,WR,DET,DET,24.4,12.935,13.503,-0.43,13.073,0.082,26.0,18
00-0040129,Emeka Egbuka,WR,TB,TB,22.9,11.512,11.512,1.544,13.056,0.16,21.0,19
00-0037740,Garrett Wilson,WR,NYJ,NYJ,25.1,14.214,14.642,-1.608,13.033,0.138,16.0,20
00-0036912,DeVonta Smith,WR,PHI,PHI,26.8,11.871,13.373,-0.427,12.946,0.071,12.0,21
00-0039915,Ladd McConkey,WR,LAC,LAC,23.8,11.306,13.181,-0.258,12.924,0.08,18.0,22
00-0040784,Quinshon Judkins,RB,CLE,CLE,21.8,12.129,12.129,0.568,12.697,0.128,22.0,17
00-0040734,TreVeyon Henderson,RB,NE,NE,22.9,12.129,12.129,0.51,12.64,0.153,25.0,18
00-0039338,Brock Bowers,TE,LV,LV,22.7,14.683,15.134,-2.598,12.537,0.093,2.0,2
00-0036997,Javonte Williams,RB,DAL,DAL,25.4,15.175,12.142,0.328,12.47,0.144,16.0,19
00-0036973,Travis Etienne,RB,JAX,NO,26.6,14.935,12.003,0.432,12.436,0.083,17.0,20
00-0036875,Rhamondre Stevenson,RB,NE,NE,27.5,12.771,12.231,0.15,12.381,0.128,26.0,21
00-0039361,Bucky Irving,RB,TB,TB,23.0,13.85,14.181,-2.083,12.098,0.012,19.0,22
00-0038117,Wan'Dale Robinson,WR,NYG,TEN,24.7,13.619,12.139,-0.048,12.091,0.146,37.0,23
00-0033288,George Kittle,TE,SF,SF,31.9,14.682,15.312,-3.245,12.066,0.007,10.0,3
00-0036158,J.K. Dobbins,RB,DEN,DEN,26.7,11.59,13.378,-1.358,12.021,0.058,34.0,23
00-0035640,DK Metcalf,WR,PIT,PIT,27.7,12.48,12.613,-0.608,12.005,0.058,34.0,24
00-0038544,Quentin Johnston,WR,LAC,LAC,24.0,13.169,12.354,-0.502,11.852,0.043,42.0,25
00-0034348,Courtland Sutton,WR,DEN,DEN,29.9,12.924,13.939,-2.14,11.8,0.021,38.0,26
00-0040128,Tyler Warren,TE,IND,IND,23.3,11.088,11.088,0.674,11.762,0.323,4.0,4
00-0035659,Terry McLaurin,WR,WAS,WAS,30.0,11.42,14.148,-2.458,11.69,0.064,23.0,27
00-0039919,Rome Odunze,WR,CHI,CHI,23.2,12.175,10.034,1.65,11.684,0.124,29.0,28
00-0038997,Josh Downs,WR,IND,IND,24.1,8.65,10.73,0.843,11.573,0.067,39.0,29
00-0031588,Stefon Diggs,WR,NE,WAS,31.8,12.371,13.289,-1.764,11.524,0.019,41.0,30
00-0037664,Alec Pierce,WR,IND,IND,25.3,12.22,11.119,0.383,11.502,0.061,43.0,31
00-0039849,Marvin Harrison Jr.,WR,ARI,ARI,23.1,10.65,11.183,0.206,11.388,0.089,32.0,32
00-0039894,Xavier Worthy,WR,KC,KC,22.3,7.85,9.903,1.384,11.287,0.089,54.0,33
00-0040126,Colston Loveland,TE,CHI,CHI,21.4,10.319,10.319,0.917,11.236,0.292,3.0,5
00-0034960,Jakobi Meyers,WR,JAX,JAX,28.8,10.988,12.703,-1.474,11.23,0.022,48.0,34
00-0038124,Christian Watson,WR,GB,GB,26.3,13.24,9.904,1.316,11.22,0.122,27.0,35
00-0037261,Khalil Shakir,WR,BUF,BUF,25.6,10.4,11.255,-0.05,11.205,0.049,50.0,36
00-0035261,Tony Pollard,RB,TEN,TEN,28.3,10.929,11.712,-0.528,11.185,0.035,28.0,24
00-0038606,Parker Washington,WR,JAX,JAX,23.4,11.544,9.39,1.76,11.15,0.095,28.0,37
00-0036555,Chuba Hubbard,RB,CAR,CAR,26.2,8.36,12.233,-1.132,11.102,0.048,33.0,25
00-0040730,RJ Harvey,RB,DEN,DEN,24.6,12.153,12.153,-1.067,11.086,0.082,31.0,26
00-0037228,Jaylen Warren,RB,PIT,PIT,26.8,13.569,11.006,0.077,11.084,0.061,27.0,27
00-0038994,Jordan Addison,WR,MIN,MIN,23.6,9.65,11.986,-0.982,11.004,0.048,47.0,38
00-0040735,Luther Burden III,WR,CHI,CHI,21.7,8.527,8.527,2.356,10.883,0.374,22.0,39
00-0031408,Mike Evans,WR,TB,SF,32.0,10.6,14.782,-3.937,10.845,0.034,30.0,40
00-0036252,Michael Pittman,WR,IND,PIT,27.9,11.906,11.158,-0.496,10.661,0.025,36.0,41
00-0037816,Romeo Doubs,WR,GB,NE,25.4,10.338,10.259,0.401,10.659,0.022,53.0,42
00-0038559,Michael Wilson,WR,ARI,ARI,25.5,12.976,10.458,0.152,10.61,0.09,40.0,43
00-0033921,Chris Godwin Jr.,WR,TB,TB,29.5,9.222,13.8,-3.378,10.422,0.032,33.0,44
00-0036613,Jaylen Waddle,WR,MIA,DEN,26.8,12.132,11.088,-0.746,10.341,0.064,17.0,45
00-0035685,David Montgomery,RB,DET,HOU,28.2,9.819,12.537,-2.2,10.337,0.033,21.0,28
00-0038933,Dalton Kincaid,TE,BUF,BUF,25.9,10.508,9.076,1.209,10.285,0.296,11.0,6
00-0039065,Sam LaPorta,TE,DET,DET,24.6,11.878,11.26,-1.039,10.221,0.023,8.0,7
00-0036259,Jauan Jennings,WR,SF,MIN,28.1,11.553,12.793,-2.609,10.184,0.011,64.0,46
00-0039901,Keon Coleman,WR,BUF,BUF,22.3,8.533,8.556,1.438,9.994,0.078,93.0,47
00-0040663,Harold Fannin Jr.,TE,CLE,CLE,21.1,11.65,11.65,-1.695,9.955,0.042,5.0,8
00-0036970,Kyle Pitts,TE,ATL,ATL,24.9,12.4,10.059,-0.255,9.804,0.22,7.0,9
00-0033090,Hunter Henry,TE,NE,NE,30.7,10.518,9.824,-0.051,9.773,0.149,20.0,10
00-0039868,Troy Franklin,WR,DEN,DEN,22.6,10.418,7.4,2.322,9.722,0.05,79.0,48
00-0034827,DJ Moore,WR,CHI,BUF,28.4,10.128,12.067,-2.388,9.679,0.01,25.0,49
00-0039384,Tyrone Tracy Jr.,RB,NYG,NYG,25.8,10.72,10.722,-1.069,9.653,0.041,54.0,29
00-0038996,Tucker Kraft,TE,GB,GB,24.8,14.65,11.22,-1.58,9.64,0.016,6.0,11
00-0035719,Deebo Samuel Sr.,WR,WAS,SF,29.6,11.763,11.09,-1.454,9.636,0.035,56.0,50
00-0036407,Jerry Jeudy,WR,CLE,CLE,26.4,7.1,10.635,-1.016,9.619,0.061,62.0,51
00-0038621,DeMario Douglas,WR,NE,NE,24.7,5.988,7.609,1.898,9.507,0.037,103.0,52
00-0036919,Kenny Gainwell,RB,PIT,TB,26.5,13.018,8.35,1.111,9.461,0.147,32.0,30
00-0036139,Rico Dowdle,RB,CAR,PIT,27.2,12.724,12.548,-3.087,9.461,0.014,29.0,31
00-0034351,Dallas Goedert,TE,PHI,PHI,30.7,12.34,11.548,-2.095,9.453,0.023,13.0,12
00-0033293,Aaron Jones,RB,MIN,MIN,30.7,9.892,12.424,-3.113,9.311,0.022,40.0,32
00-0030506,Travis Kelce,TE,KC,KC,35.9,11.365,11.776,-2.474,9.301,0.031,9.0,13
00-0037545,Rashid Shaheed,WR,SEA,SEA,27.0,8.7,9.933,-0.661,9.273,0.011,57.0,53
00-0038041,Jake Ferguson,TE,DAL,DAL,26.6,11.065,9.435,-0.238,9.197,0.162,14.0,14
00-0040242,Jacory Croskey-Merritt,RB,WAS,WAS,24.4,8.253,8.253,0.868,9.121,0.035,39.0,33
00-0034753,Mark Andrews,TE,BAL,BAL,30.0,7.706,9.406,-0.488,8.918,0.136,16.0,15
00-0030279,Keenan Allen,WR,LAC,IND,33.3,10.747,11.472,-2.567,8.905,0.009,71.0,54
00-0038563,Tre Tucker,WR,LV,LV,24.5,9.512,8.559,0.234,8.793,0.042,59.0,55
00-0040719,Bhayshul Tuten,RB,JAX,JAX,23.5,5.907,5.907,2.734,8.641,0.058,23.0,34
00-0038129,Cade Otton,TE,TB,TB,26.4,8.147,9.062,-0.555,8.507,0.034,29.0,16
00-0040667,Matthew Golden,WR,GB,GB,22.1,5.0,5.0,3.389,8.389,0.092,51.0,56
00-0036894,Pat Freiermuth,TE,PIT,PIT,26.9,7.573,8.872,-0.506,8.366,0.035,28.0,17
00-0033908,Cooper Kupp,WR,SEA,SEA,32.2,7.269,10.404,-2.065,8.339,0.012,82.0,57
00-0039491,Jalen Coker,WR,CAR,CAR,23.8,8.218,8.316,0.012,8.328,0.054,52.0,58
00-0040236,Kyle Monangai,RB,CHI,CHI,23.2,8.629,8.629,-0.317,8.312,0.033,41.0,35
00-0039032,Tyjae Spears,RB,TEN,TEN,24.2,8.592,9.012,-0.703,8.309,0.021,44.0,36
00-0038935,Brenton Strange,TE,JAX,JAX,24.7,9.833,8.042,0.191,8.233,0.023,18.0,18
00-0036040,Juwan Johnson,TE,NO,NO,29.0,10.582,9.459,-1.297,8.163,0.065,15.0,19
00-0035700,Josh Jacobs,RB,GB,GB,27.6,15.807,16.569,-8.414,8.155,0.002,47.0,37
00-0033906,Alvin Kamara,RB,NO,NO,30.1,9.155,14.64,-6.574,8.066,0.003,52.0,38
00-0039342,Xavier Legette,WR,CAR,CAR,24.6,5.953,7.147,0.846,7.992,0.055,99.0,59
00-0033923,Kareem Hunt,RB,KC,,30.1,8.553,10.027,-2.051,7.975,0.038,105.0,39
00-0039793,AJ Barner,TE,SEA,SEA,23.3,8.665,7.056,0.919,7.975,0.266,23.0,20
00-0040583,Woody Marks,RB,HOU,HOU,24.7,9.069,9.069,-1.103,7.966,0.034,42.0,40
00-0036244,Colby Parkinson,TE,LA,LA,26.7,9.271,6.507,1.442,7.949,0.043,32.0,21
00-0034383,Dalton Schultz,TE,HOU,HOU,29.1,10.453,8.703,-0.778,7.925,0.076,17.0,22
00-0039738,Blake Corum,RB,LA,LA,24.8,7.188,4.866,3.011,7.877,0.198,36.0,41
00-0039916,Ricky Pearsall,WR,SF,SF,25.0,9.844,9.105,-1.29,7.815,0.011,,60
00-0034837,Calvin Ridley,WR,TEN,TEN,30.7,6.757,10.271,-2.567,7.704,0.052,77.0,61
00-0040162,Dylan Sampson,RB,CLE,CLE,21.0,5.84,5.84,1.861,7.701,0.045,46.0,42
00-0036309,Darnell Mooney,WR,ATL,NYG,27.8,5.487,8.887,-1.193,7.694,0.015,84.0,62
00-0030061,Zach Ertz,TE,WAS,,34.8,9.723,10.127,-2.44,7.687,0.004,64.0,23
00-0040170,Elic Ayomanor,WR,TEN,TEN,22.2,7.281,7.281,0.398,7.679,0.025,95.0,63
00-0039410,Ryan Flournoy,WR,DAL,DAL,25.8,7.6,5.508,2.148,7.657,0.068,69.0,64
00-0038608,Kayshon Boutte,WR,NE,HOU,23.3,8.864,8.483,-0.867,7.615,0.003,61.0,65
00-0040189,Oronde Gadsden II,TE,LAC,LAC,22.2,8.76,8.76,-1.147,7.613,0.025,27.0,24
00-0036550,Rashod Bateman,WR,BAL,BAL,25.8,4.262,7.931,-0.322,7.609,0.019,85.0,66
00-0038393,Dontayvion Wicks,WR,GB,PHI,24.2,5.831,6.21,1.347,7.557,0.031,65.0,67
00-0039890,Adonai Mitchell,WR,NYJ,NYJ,22.9,5.494,4.293,3.255,7.548,0.153,60.0,68
00-0040705,Chimere Dike,WR,TEN,TEN,23.7,7.535,7.535,-0.077,7.458,0.019,94.0,69
00-0038104,Tyquan Thornton,WR,KC,KC,25.1,6.733,5.594,1.824,7.418,0.02,97.0,70
00-0039880,Malik Washington,WR,MIA,MIA,24.9,6.865,5.597,1.786,7.383,0.034,70.0,71
00-0034829,Mike Gesicki,TE,CIN,CIN,29.9,5.892,7.579,-0.213,7.366,0.012,35.0,25
00-0037256,Rachaad White,RB,TB,WAS,26.6,8.412,10.706,-3.355,7.352,0.007,37.0,43
00-0040130,Jayden Higgins,WR,HOU,HOU,22.7,7.618,7.618,-0.278,7.34,0.01,,72
00-0040736,Mason Taylor,TE,NYJ,NYJ,21.3,6.838,6.838,0.501,7.34,0.048,34.0,26
00-0040202,Devin Neal,RB,NO,,22.1,6.667,6.667,0.521,7.187,0.053,82.0,44
00-0039847,Theo Johnson,TE,NYG,NYG,24.5,8.52,7.535,-0.358,7.176,0.025,37.0,27
00-0033881,Evan Engram,TE,DEN,DEN,31.0,6.425,7.692,-0.516,7.176,0.043,30.0,28
00-0038976,Marvin Mims Jr.,WR,DEN,DEN,23.5,6.333,7.016,0.017,7.032,0.014,101.0,73
00-0035662,Marquise Brown,WR,KC,PHI,28.2,8.606,8.656,-1.656,7.0,0.004,113.0,74
00-0037838,Isaiah Likely,TE,BAL,NYG,25.4,5.142,6.867,0.129,6.996,0.019,12.0,29
00-0035229,T.J. Hockenson,TE,MIN,MIN,28.2,7.52,7.972,-1.108,6.864,0.025,21.0,30
00-0040584,Gunnar Helm,TE,TEN,TEN,23.0,5.731,5.731,1.093,6.825,0.043,25.0,31
00-0038619,Andrei Iosivas,WR,CIN,CIN,25.9,5.993,6.556,0.219,6.775,0.013,105.0,75
00-0040138,Jaylin Noel,WR,HOU,HOU,23.0,4.024,4.024,2.751,6.775,0.051,74.0,76
00-0040727,Tre Harris,WR,LAC,LAC,23.5,4.338,4.338,2.353,6.69,0.063,67.0,77
00-0040669,Isaac TeSlaa,WR,DET,DET,23.5,5.421,5.421,1.253,6.675,0.016,78.0,78
00-0039875,Ray Davis,RB,BUF,BUF,25.8,3.771,5.3,1.374,6.674,0.044,58.0,45
00-0040134,Pat Bryant,WR,DEN,DEN,22.7,5.754,5.754,0.873,6.627,0.028,68.0,79
00-0037252,Greg Dulcich,TE,MIA,MIA,25.4,6.978,5.431,1.163,6.594,0.069,24.0,32
00-0034791,Nick Chubb,RB,HOU,,29.7,5.887,6.591,-0.083,6.509,0.069,,46
00-0039424,Devaughn Vele,WR,NO,NO,27.7,7.367,7.855,-1.361,6.493,0.024,92.0,80
00-0037525,Jordan Mason,RB,MIN,MIN,26.3,8.056,8.711,-2.277,6.434,0.007,38.0,47
00-0037666,Jalen Tolbert,WR,DAL,MIA,26.5,3.858,6.838,-0.407,6.431,0.012,114.0,81
00-0035689,Dawson Knox,TE,BUF,BUF,28.8,6.481,5.427,0.956,6.383,0.056,47.0,33
00-0036290,Cole Kmet,TE,CHI,CHI,26.5,4.919,6.222,0.158,6.379,0.035,46.0,34
00-0033555,Mack Hollins,WR,NE,NE,32.0,8.1,6.845,-0.483,6.362,0.006,106.0,82
00-0037746,Brian Robinson,RB,SF,ATL,26.4,3.676,7.171,-0.82,6.351,0.018,57.0,48
00-0040237,Tez Johnson,WR,TB,TB,23.3,6.16,6.16,0.16,6.32,0.008,120.0,83
00-0037263,Tyler Allgeier,RB,ATL,ARI,25.4,7.235,6.741,-0.482,6.259,0.017,43.0,49
00-0037809,Chig Okonkwo,TE,TEN,WAS,26.0,7.294,7.2,-0.981,6.219,0.028,19.0,35
00-0035208,Olamide Zaccheaus,WR,CHI,ATL,28.1,6.057,6.64,-0.517,6.123,0.005,121.0,84
00-0039165,Zach Charbonnet,RB,SEA,SEA,24.6,11.338,11.161,-5.068,6.092,0.005,51.0,50
00-0038618,Xavier Hutchinson,WR,HOU,HOU,25.3,6.125,4.057,1.92,5.976,0.016,112.0,85
00-0039391,Kimani Vidal,RB,LAC,LAC,24.0,9.069,6.845,-0.962,5.883,0.011,60.0,51
00-0033885,David Njoku,TE,CLE,LAC,29.1,7.845,10.673,-4.801,5.871,0.003,31.0,36
00-0037005,Tommy Tremble,TE,CAR,CAR,25.2,4.26,4.812,1.029,5.841,0.052,53.0,37
00-0036988,Josh Palmer,WR,BUF,BUF,25.9,4.358,5.915,-0.106,5.809,0.009,118.0,86
00-0037112,Jake Tonges,TE,SF,SF,26.2,9.33,7.775,-1.987,5.788,0.001,40.0,38
00-0038558,Darnell Washington,TE,PIT,PIT,24.0,5.646,4.554,1.216,5.77,0.013,38.0,39
00-0040131,Kyle Williams,WR,NE,NE,22.8,3.514,3.514,2.227,5.741,0.013,104.0,87
00-0033110,Tyler Higbee,TE,LA,LA,32.7,7.11,7.515,-1.777,5.738,0.003,48.0,40
00-0033858,Jonnu Smith,TE,PIT,GB,30.0,5.012,9.044,-3.356,5.688,0.005,54.0,41
00-0033307,Kendrick Bourne,WR,SF,ARI,30.1,6.579,6.046,-0.395,5.651,0.006,116.0,88
00-0038555,Tank Bigsby,RB,PHI,PHI,23.0,3.587,5.897,-0.272,5.625,0.005,53.0,52
00-0039739,Roman Wilson,WR,PIT,PIT,24.2,4.289,4.289,1.321,5.61,0.039,,89
00-0037837,Calvin Austin III,WR,PIT,NYG,26.4,6.157,6.677,-1.176,5.501,0.007,,90
00-0037291,Jalen Nailor,WR,MIN,LV,26.5,5.924,6.428,-0.992,5.436,0.013,72.0,91
00-0040078,Brashard Smith,RB,KC,KC,22.4,3.724,3.724,1.644,5.367,0.05,86.0,53
00-0040648,Tory Horton,WR,SEA,SEA,22.8,8.137,8.137,-2.77,5.367,0.001,96.0,92
00-0040737,Terrance Ferguson,TE,LA,LA,22.5,4.736,4.736,0.47,5.207,0.009,22.0,42
00-0038611,Chris Rodriguez Jr.,RB,WAS,JAX,25.9,7.667,6.5,-1.362,5.138,0.009,45.0,54
00-0038046,Charlie Kolar,TE,BAL,LAC,26.6,2.785,2.804,2.295,5.099,0.042,36.0,43
00-0040729,Jack Bech,WR,LV,LV,22.7,3.029,3.029,2.037,5.065,0.079,91.0,93
00-0033526,Samaje Perine,RB,CIN,CIN,30.0,5.193,4.978,0.079,5.057,0.009,77.0,55
00-0036924,Michael Carter,RB,ARI,TEN,26.3,7.615,8.425,-3.373,5.052,0.002,111.0,56
00-0040194,Jackson Hawes,TE,BUF,BUF,24.7,4.054,4.054,0.973,5.027,0.009,67.0,44
00-0039066,Michael Mayer,TE,LV,LV,24.2,5.677,4.6,0.399,4.999,0.02,41.0,45
00-0031610,Darren Waller,TE,MIA,CAR,33.0,9.856,9.856,-4.928,4.927,0.002,33.0,46
00-0035535,Darius Slayton,WR,NYG,NYG,28.6,7.057,6.96,-2.06,4.9,0.005,100.0,94
00-0039751,Jordan Whittington,WR,LA,LA,24.9,2.42,3.062,1.769,4.831,0.012,144.0,95
00-0035644,Noah Fant,TE,CIN,NO,27.8,5.754,6.622,-1.8,4.822,0.009,52.0,47
00-0040187,Mitchell Evans,TE,CAR,CAR,22.5,3.443,3.443,1.314,4.757,0.023,59.0,48
00-0036849,Tutu Atwell,WR,LA,LA,25.9,3.9,5.657,-0.931,4.725,0.003,138.0,96
00-0037801,KaVontae Turpin,WR,DAL,DAL,29.1,5.633,5.897,-1.2,4.696,0.002,128.0,97
00-0038454,Keaton Mitchell,RB,BAL,LAC,23.6,4.262,3.659,1.035,4.694,0.01,50.0,57
00-0036980,Elijah Moore,WR,BUF,PHI,25.4,3.178,5.75,-1.07,4.68,0.007,153.0,98
00-0037614,John Metchie III,WR,NYJ,CAR,25.1,5.531,5.535,-0.862,4.673,0.022,137.0,99
00-0039874,Jaylen Wright,RB,MIA,MIA,22.4,5.356,3.405,1.267,4.672,0.016,67.0,58
00-0036626,Dyami Brown,WR,JAX,WAS,25.8,4.518,4.504,0.047,4.551,0.005,152.0,100
00-0032775,Demarcus Robinson,WR,SF,SF,30.9,4.157,5.861,-1.404,4.457,0.002,134.0,101
00-0035406,Lil'Jordan Humphrey,WR,DEN,DEN,27.4,4.943,4.71,-0.407,4.303,0.004,171.0,102
00-0035537,Ty Johnson,RB,BUF,BUF,28.0,5.9,5.647,-1.388,4.259,0.006,80.0,59
00-0038679,Tyrell Shavers,WR,BUF,BUF,26.0,4.136,4.95,-0.721,4.229,0.005,191.0,103
00-0040164,Jaylin Lane,WR,WAS,WAS,23.3,3.413,3.413,0.807,4.22,0.006,143.0,104
00-0040782,Isaiah Bond,WR,CLE,CLE,21.5,3.647,3.647,0.564,4.211,0.007,115.0,105
00-0036637,Noah Gray,TE,KC,KC,26.3,2.771,5.07,-0.868,4.202,0.002,49.0,49
00-0037741,Jahan Dotson,WR,PHI,ATL,25.4,3.347,3.176,1.02,4.196,0.011,107.0,106
00-0037742,Treylon Burks,WR,WAS,WAS,25.4,3.625,2.808,1.35,4.158,0.017,125.0,107
00-0039451,Isaiah Williams,WR,NYJ,NYJ,24.6,4.047,2.752,1.318,4.07,0.021,135.0,108
00-0034775,Christian Kirk,WR,HOU,SF,28.8,5.264,6.779,-2.737,4.042,0.002,102.0,109
00-0038551,Kendre Miller,RB,NO,NO,23.2,4.757,4.8,-0.759,4.041,0.001,84.0,60
00-0038115,Daniel Bellinger,TE,NYG,TEN,24.9,4.585,3.444,0.589,4.033,0.026,60.0,50
00-0033857,JuJu Smith-Schuster,WR,KC,,28.8,4.324,4.521,-0.537,3.985,0.0,201.0,110
00-0039798,Isaiah Davis,RB,NYJ,NYJ,23.5,4.45,4.038,-0.069,3.969,0.006,76.0,61
00-0035249,Josh Oliver,TE,MIN,MIN,28.4,4.583,5.033,-1.071,3.962,0.003,70.0,51
00-0037157,Bam Knight,RB,ARI,ARI,24.4,7.742,7.742,-3.822,3.919,0.002,101.0,62
00-0040739,Elijah Arroyo,TE,SEA,SEA,22.4,2.838,2.838,1.07,3.908,0.017,42.0,52
00-0039041,Elijah Higgins,TE,ARI,ARI,24.8,3.418,3.353,0.539,3.892,0.012,55.0,53
00-0037563,Malik Davis,RB,DAL,DAL,26.8,4.06,4.06,-0.254,3.806,0.003,70.0,63
00-0036422,Adam Trautman,TE,DEN,DEN,28.6,3.5,3.435,0.371,3.806,0.007,68.0,54
00-0032392,Austin Hooper,TE,NE,ATL,30.8,4.562,5.597,-1.839,3.757,0.003,61.0,55
00-0038547,Luke Schoonmaker,TE,DAL,DAL,26.9,1.943,3.242,0.5,3.742,0.005,73.0,56
00-0040590,Konata Mumpfield,WR,LA,LA,22.9,2.52,2.52,1.192,3.712,0.004,123.0,111
00-0034159,Will Dissly,TE,LAC,,29.1,2.588,5.687,-2.058,3.629,0.0,132.0,57
00-0035631,Drew Sample,TE,CIN,CIN,29.4,2.658,2.974,0.635,3.609,0.003,75.0,58
00-0032385,Sterling Shepard,WR,TB,,32.6,6.308,6.242,-2.638,3.604,0.0,240.0,112
00-0030564,DeAndre Hopkins,WR,BAL,BAL,33.2,3.941,6.485,-2.89,3.594,0.003,183.0,113
00-0034613,Tanner Hudson,TE,CIN,CIN,30.8,4.78,4.542,-1.086,3.457,0.001,80.0,59
00-0039530,Brevyn Spann-Ford,TE,DAL,DAL,25.7,1.5,1.548,1.908,3.457,0.009,103.0,60
00-0032464,Kalif Raymond,WR,DET,CHI,31.1,4.453,4.567,-1.197,3.369,0.004,127.0,114
00-0037267,Jerome Ford,RB,CLE,WAS,26.0,3.354,6.578,-3.269,3.309,0.001,92.0,64
00-0035250,Devin Singletary,RB,NYG,NYG,28.0,6.4,6.419,-3.126,3.292,0.004,88.0,65
00-0039912,Ben Sinnott,TE,WAS,WAS,23.2,3.156,2.638,0.543,3.18,0.001,56.0,61
00-0040581,Dont'e Thornton Jr.,WR,LV,LV,22.8,2.136,2.136,1.02,3.156,0.014,141.0,115
00-0039355,Luke McCaffrey,WR,WAS,WAS,24.4,5.7,3.914,-0.766,3.148,0.002,130.0,116
00-0038951,Sean Tucker,RB,TB,TB,23.9,5.376,4.709,-1.642,3.067,0.003,61.0,66
00-0038797,Emanuel Wilson,RB,GB,SEA,26.3,5.559,5.603,-2.56,3.043,0.004,69.0,67
00-0031236,Brandin Cooks,WR,BUF,,31.9,3.992,5.283,-2.281,3.002,0.0,182.0,117
00-0038979,Cedric Tillman,WR,CLE,NO,25.4,5.0,6.686,-3.715,2.971,0.004,126.0,118
00-0036182,Nick Westbrook-Ikhine,WR,MIA,,28.4,1.531,5.763,-2.818,2.945,0.0,146.0,119
00-0036415,Van Jefferson,WR,TEN,,29.1,5.0,4.607,-1.67,2.937,0.0,215.0,120
00-0038359,Xavier Smith,WR,LA,LA,27.9,3.019,1.817,1.112,2.929,0.005,168.0,121
00-0040198,Ollie Gordon II,RB,MIA,MIA,21.6,3.182,3.182,-0.303,2.879,0.003,75.0,68
00-0030035,Adam Thielen,WR,PIT,,35.0,2.829,7.462,-4.607,2.855,0.0,,122
00-0039356,Ja'Tavion Sanders,TE,CAR,CAR,22.4,4.5,4.711,-1.868,2.843,0.004,50.0,62
00-0036427,Tyler Johnson,WR,NYJ,,27.0,4.189,4.94,-2.202,2.738,0.0,255.0,123
00-0037306,John FitzPatrick,TE,GB,,25.5,2.291,2.2,0.534,2.734,0.001,,63
00-0034521,Allen Lazard,WR,NYJ,,29.7,2.556,7.095,-4.371,2.725,0.0,,124
00-0036196,Gabe Davis,WR,BUF,,26.5,5.15,5.3,-2.662,2.638,0.0,238.0,125
00-0036754,Brock Wright,TE,DET,DET,26.8,4.6,3.779,-1.152,2.627,0.001,74.0,64
00-0038465,Malik Heath,WR,GB,,25.4,2.086,3.858,-1.259,2.599,0.0,,126
00-0036628,John Bates,TE,WAS,WAS,27.8,2.73,1.813,0.77,2.583,0.001,66.0,65
00-0037805,Jeremy Ruckert,TE,NYJ,NYJ,25.1,3.35,2.693,-0.118,2.575,0.007,78.0,66
00-0039050,Payne Durham,TE,TB,TB,25.2,0.262,2.288,0.252,2.539,0.0,109.0,67
00-0034272,Marquez Valdes-Scantling,WR,PIT,,30.9,3.556,5.295,-2.848,2.447,0.0,151.0,127
00-0038840,Brycen Tremayne,WR,CAR,CAR,25.8,2.0,1.812,0.604,2.416,0.006,184.0,128
00-0033217,Mo Alie-Cox,TE,IND,IND,32.0,2.791,2.757,-0.452,2.304,0.001,76.0,68
00-0039144,Luke Musgrave,TE,GB,GB,25.0,3.785,3.035,-0.79,2.245,0.002,63.0,69
00-0033375,Tim Patrick,WR,JAX,NYJ,31.8,3.977,5.146,-2.913,2.233,0.001,161.0,129
00-0035500,Greg Dortch,WR,ARI,BUF,27.3,6.258,5.703,-3.626,2.077,0.002,155.0,130
00-0039074,Davis Allen,TE,LA,LA,24.6,4.187,3.305,-1.252,2.052,0.002,106.0,70
00-0034407,Ray-Ray McCloud,WR,NYG,CHI,28.9,2.317,6.8,-4.79,2.01,0.002,264.0,131
00-0036887,Luke Farrell,TE,SF,SF,27.9,2.269,1.928,0.049,1.977,0.002,89.0,71
00-0032211,Tyler Lockett,WR,LV,LV,32.9,3.947,5.532,-3.561,1.971,0.003,198.0,132
00-0039623,Mason Tipton,WR,NO,NO,24.9,2.55,2.606,-0.7,1.906,0.003,199.0,133
00-0038839,Mitchell Tinsley,WR,CIN,HOU,26.0,3.95,3.95,-2.158,1.792,0.002,194.0,134
00-0040582,Arian Smith,WR,NYJ,NYJ,23.9,1.038,1.038,0.684,1.723,0.006,219.0,135
00-0034365,Ian Thomas,TE,LV,LV,29.2,2.711,2.342,-0.633,1.708,0.001,111.0,72
00-0033891,Zay Jones,WR,ARI,,30.4,5.05,3.892,-2.247,1.644,0.0,,136
00-0034983,Hunter Renfrow,WR,CAR,,29.7,5.983,5.983,-4.384,1.599,0.0,,137
00-0040024,Darius Cooper,WR,PHI,PHI,23.8,3.033,3.033,-1.523,1.51,0.0,205.0,138
00-0036429,Charlie Woerner,TE,ATL,ATL,27.9,1.829,1.284,0.123,1.407,0.0,92.0,73
00-0037348,Tanner Conner,TE,MIA,,27.5,2.262,1.892,-0.495,1.396,0.0,160.0,74
00-0038938,Jalin Hyatt,WR,NYG,NYG,23.9,1.417,1.419,-0.058,1.36,0.005,249.0,139
00-0034798,Durham Smythe,TE,CHI,BAL,30.1,0.929,0.99,0.315,1.305,0.001,83.0,75
00-0032398,Chris Moore,WR,WAS,,32.2,3.86,3.86,-2.583,1.277,0.0,,140
00-0038705,Emari Demercado,RB,ARI,DAL,26.6,4.858,4.52,-3.317,1.203,0.001,90.0,69
00-0033955,Jeremy McNichols,RB,WAS,WAS,29.7,4.544,4.403,-3.225,1.178,0.001,113.0,70
00-0037197,Isiah Pacheco,RB,KC,DET,26.5,6.715,7.21,-6.043,1.167,0.001,59.0,71
00-0033246,Johnny Mundt,TE,JAX,PHI,30.8,1.675,2.512,-1.417,1.094,0.0,102.0,76
00-0039521,Xavier Weaver,WR,ARI,,24.9,1.957,1.522,-0.733,0.789,0.0,236.0,141
00-0040259,Gage Larvadain,WR,CLE,,22.7,1.108,1.108,-0.373,0.735,0.0,,142
00-0038710,Blake Whiteheart,TE,CLE,CLE,25.4,0.267,1.219,-0.505,0.714,0.0,104.0,77
00-0035359,David Sills,WR,ATL,TB,30.3,4.092,4.092,-3.433,0.659,0.0,214.0,143
00-0036165,Isaiah Hodgins,WR,NYG,,26.9,4.583,3.838,-3.201,0.636,0.0,202.0,144
00-0037004,Hunter Long,TE,JAX,ARI,27.0,4.643,2.861,-2.334,0.527,0.0,114.0,78
00-0037086,Grant Calcaterra,TE,PHI,PHI,26.7,2.511,3.433,-3.173,0.261,0.0,107.0,79
00-0039379,Jamari Thrash,WR,CLE,CLE,24.7,2.588,1.85,-1.988,-0.138,0.002,,145
00-0038720,Julian Hill,TE,MIA,NE,25.1,2.818,2.12,-2.953,-0.833,0.0,134.0,80
00-0036133,James Proche,WR,TEN,,28.9,2.083,1.173,-3.513,-2.339,0.0,,146
