player_id,name,position,team,next_preseason_team,age,ppr_per_game,baseline_ppg,pred_change_2026,pred_ppg_2026,leap_prob_2026,next_preseason_rank,position_rank_pred,games_2026,ppr_2026,team_2026,ppg_2026,actual_change,model_miss,naive_miss,through_week
00-0038542,Bijan Robinson,RB,ATL,ATL,23.6,21.812,20.956,-0.9,20.056,0.338,2.0,1,4.0,105.4,ATL,26.35,5.394,6.294,5.394,4
00-0039139,Jahmyr Gibbs,RB,DET,DET,23.5,21.582,21.465,-1.834,19.631,0.145,1.0,2,4.0,116.0,DET,29.0,7.535,9.369,7.535,4
00-0039075,Puka Nacua,WR,LA,LA,24.3,23.438,21.541,-2.0,19.541,0.209,2.0,1,2.0,40.1,LA,20.05,-1.491,0.509,1.491,4
00-0036900,Ja'Marr Chase,WR,CIN,CIN,25.5,19.6,21.715,-2.573,19.142,0.137,1.0,2,4.0,60.2,CIN,15.05,-6.665,4.092,6.665,4
00-0038543,Jaxon Smith-Njigba,WR,SEA,SEA,23.5,21.171,18.026,0.256,18.283,0.406,3.0,3,4.0,116.66,SEA,29.165,11.139,10.882,11.139,4
00-0039040,De'Von Achane,RB,MIA,MIA,23.9,20.175,18.87,-0.736,18.134,0.135,7.0,3,3.0,24.6,MIA,8.2,-10.67,9.934,10.67,4
00-0036963,Amon-Ra St. Brown,WR,DET,DET,25.9,19.059,18.829,-1.264,17.565,0.075,4.0,4,4.0,91.3,DET,22.825,3.996,5.26,3.996,4
00-0033280,Christian McCaffrey,RB,SF,SF,29.2,24.506,22.114,-5.202,16.913,0.049,3.0,4,4.0,74.0,SF,18.5,-3.614,1.587,3.614,4
00-0037248,James Cook,RB,BUF,BUF,25.9,17.776,17.239,-0.58,16.66,0.122,5.0,5,4.0,66.5,BUF,16.625,-0.614,0.035,0.614,4
00-0036223,Jonathan Taylor,RB,IND,IND,26.6,21.312,19.581,-3.121,16.459,0.023,4.0,6,4.0,86.2,IND,21.55,1.969,5.091,1.969,4
00-0039067,Rashee Rice,WR,KC,KC,25.4,18.762,17.917,-1.519,16.397,0.135,14.0,5,3.0,38.0,KC,12.667,-5.25,3.73,5.25,4
00-0037238,Drake London,WR,ATL,ATL,24.1,16.825,16.645,-0.947,15.698,0.147,7.0,6,4.0,57.4,ATL,14.35,-2.295,1.348,2.295,4
00-0038597,Chase Brown,RB,CIN,CIN,25.4,16.624,16.291,-0.778,15.513,0.223,6.0,7,4.0,58.0,CIN,14.5,-1.791,1.013,1.791,4
00-0036358,CeeDee Lamb,WR,DAL,DAL,26.4,15.454,16.582,-1.368,15.215,0.087,6.0,7,4.0,112.2,DAL,28.05,11.468,12.835,11.468,4
00-0036554,Nico Collins,WR,HOU,HOU,26.5,15.08,16.178,-1.506,14.671,0.081,9.0,8,2.0,52.0,HOU,26.0,9.822,11.329,9.822,4
00-0040122,Ashton Jeanty,RB,LV,LV,21.7,14.418,14.418,0.213,14.631,0.354,11.0,8,4.0,73.9,LV,18.475,4.057,3.844,4.057,4
00-0037840,Kyren Williams,RB,LA,LA,25.0,15.488,16.224,-1.674,14.55,0.064,15.0,9,4.0,89.7,LA,22.425,6.201,7.875,6.201,4
00-0040715,Cam Skattebo,RB,NYG,NYG,23.6,15.962,15.962,-1.46,14.502,0.017,20.0,10,4.0,44.2,NYG,11.05,-4.912,3.452,4.912,4
00-0037744,Trey McBride,TE,ARI,ARI,25.8,18.582,16.961,-2.519,14.441,0.14,1.0,1,4.0,69.2,ARI,17.3,0.339,2.859,0.339,4
00-0037247,George Pickens,WR,DAL,DAL,24.5,17.171,14.719,-0.336,14.383,0.062,11.0,9,4.0,40.5,DAL,10.125,-4.594,4.258,4.594,4
00-0036322,Justin Jefferson,WR,MIN,MIN,26.2,11.853,15.264,-1.132,14.132,0.126,5.0,10,3.0,44.9,MIN,14.967,-0.297,0.835,0.297,4
00-0032764,Derrick Henry,RB,BAL,BAL,31.7,16.441,18.115,-4.055,14.06,0.02,12.0,11,4.0,90.8,BAL,22.7,4.585,8.64,4.585,4
00-0038120,Breece Hall,RB,NYJ,NYJ,24.3,12.979,14.018,-0.045,13.973,0.118,13.0,12,3.0,42.5,NYJ,14.167,0.149,0.194,0.149,4
00-0037239,Chris Olave,WR,NO,NO,25.2,16.75,14.362,-0.438,13.925,0.125,10.0,11,4.0,90.1,NO,22.525,8.163,8.6,8.163,4
00-0039064,Zay Flowers,WR,BAL,BAL,25.0,14.312,13.318,0.367,13.685,0.265,15.0,12,3.0,67.2,BAL,22.4,9.082,8.715,9.082,4
00-0040666,Omarion Hampton,RB,LAC,LAC,22.5,15.078,15.078,-1.402,13.675,0.128,9.0,13,4.0,44.7,LAC,11.175,-3.903,2.5,3.903,4
00-0039893,Brian Thomas Jr.,WR,JAX,JAX,22.9,9.914,13.639,-0.085,13.554,0.122,35.0,13,4.0,25.5,JAX,6.375,-7.264,7.179,7.264,4
00-0031381,Davante Adams,WR,LA,LA,32.7,15.921,16.579,-3.036,13.543,0.012,24.0,14,4.0,73.0,LA,18.25,1.671,4.707,1.671,4
00-0036410,Tee Higgins,WR,CIN,CIN,26.6,14.107,16.063,-2.596,13.466,0.027,20.0,15,4.0,71.1,CIN,17.775,1.712,4.309,1.712,4
00-0040124,Tetairoa McMillan,WR,CAR,CAR,22.4,12.553,12.553,0.855,13.408,0.242,19.0,16,4.0,74.5,CAR,18.625,6.072,5.217,6.072,4
00-0035676,A.J. Brown,WR,PHI,NE,28.2,14.687,15.614,-2.238,13.377,0.07,8.0,17,1.0,5.6,NE,5.6,-10.014,7.777,10.014,4
00-0034844,Saquon Barkley,RB,PHI,PHI,28.6,14.519,18.362,-5.05,13.312,0.012,8.0,14,4.0,23.0,PHI,5.75,-12.612,7.562,12.612,4
00-0036275,D'Andre Swift,RB,CHI,CHI,26.6,14.288,13.427,-0.252,13.175,0.086,18.0,15,4.0,63.5,CHI,15.875,2.448,2.7,2.448,4
00-0038134,Kenneth Walker III,RB,SEA,KC,24.9,11.288,13.325,-0.199,13.126,0.102,10.0,16,4.0,110.1,KC,27.525,14.2,14.399,14.2,4
00-0037240,Jameson Williams,WR,DET,DET,24.4,12.935,13.503,-0.43,13.073,0.082,26.0,18,4.0,38.9,DET,9.725,-3.778,3.348,3.778,4
00-0040129,Emeka Egbuka,WR,TB,TB,22.9,11.512,11.512,1.544,13.056,0.16,21.0,19,4.0,36.1,TB,9.025,-2.487,4.031,2.487,4
00-0037740,Garrett Wilson,WR,NYJ,NYJ,25.1,14.214,14.642,-1.608,13.033,0.138,16.0,20,4.0,63.0,NYJ,15.75,1.108,2.717,1.108,4
00-0036912,DeVonta Smith,WR,PHI,PHI,26.8,11.871,13.373,-0.427,12.946,0.071,12.0,21,3.0,48.5,PHI,16.167,2.794,3.221,2.794,4
00-0039915,Ladd McConkey,WR,LAC,LAC,23.8,11.306,13.181,-0.258,12.924,0.08,18.0,22,4.0,36.3,LAC,9.075,-4.106,3.849,4.106,4
00-0040784,Quinshon Judkins,RB,CLE,CLE,21.8,12.129,12.129,0.568,12.697,0.128,22.0,17,4.0,48.3,CLE,12.075,-0.054,0.622,0.054,4
00-0040734,TreVeyon Henderson,RB,NE,NE,22.9,12.129,12.129,0.51,12.64,0.153,25.0,18,3.0,21.7,NE,7.233,-4.896,5.407,4.896,4
00-0039338,Brock Bowers,TE,LV,LV,22.7,14.683,15.134,-2.598,12.537,0.093,2.0,2,2.0,48.2,LV,24.1,8.966,11.563,8.966,4
00-0036997,Javonte Williams,RB,DAL,DAL,25.4,15.175,12.142,0.328,12.47,0.144,16.0,19,4.0,81.8,DAL,20.45,8.308,7.98,8.308,4
00-0036973,Travis Etienne,RB,JAX,NO,26.6,14.935,12.003,0.432,12.436,0.083,17.0,20,3.0,30.9,NO,10.3,-1.703,2.136,1.703,4
00-0036875,Rhamondre Stevenson,RB,NE,NE,27.5,12.771,12.231,0.15,12.381,0.128,26.0,21,4.0,43.3,NE,10.825,-1.406,1.556,1.406,4
00-0039361,Bucky Irving,RB,TB,TB,23.0,13.85,14.181,-2.083,12.098,0.012,19.0,22,4.0,47.2,TB,11.8,-2.381,0.298,2.381,4
00-0038117,Wan'Dale Robinson,WR,NYG,TEN,24.7,13.619,12.139,-0.048,12.091,0.146,37.0,23,4.0,40.4,TEN,10.1,-2.039,1.991,2.039,4
00-0033288,George Kittle,TE,SF,SF,31.9,14.682,15.312,-3.245,12.066,0.007,10.0,3,4.0,64.4,SF,16.1,0.788,4.034,0.788,4
00-0036158,J.K. Dobbins,RB,DEN,DEN,26.7,11.59,13.378,-1.358,12.021,0.058,34.0,23,4.0,20.7,DEN,5.175,-8.203,6.846,8.203,4
00-0035640,DK Metcalf,WR,PIT,PIT,27.7,12.48,12.613,-0.608,12.005,0.058,34.0,24,4.0,43.3,PIT,10.825,-1.788,1.18,1.788,4
00-0038544,Quentin Johnston,WR,LAC,LAC,24.0,13.169,12.354,-0.502,11.852,0.043,42.0,25,4.0,18.1,LAC,4.525,-7.829,7.327,7.829,4
00-0034348,Courtland Sutton,WR,DEN,DEN,29.9,12.924,13.939,-2.14,11.8,0.021,38.0,26,4.0,17.6,DEN,4.4,-9.539,7.4,9.539,4
00-0040128,Tyler Warren,TE,IND,IND,23.3,11.088,11.088,0.674,11.762,0.323,4.0,4,4.0,48.5,IND,12.125,1.037,0.363,1.037,4
00-0035659,Terry McLaurin,WR,WAS,WAS,30.0,11.42,14.148,-2.458,11.69,0.064,23.0,27,3.0,30.1,WAS,10.033,-4.115,1.657,4.115,4
00-0039919,Rome Odunze,WR,CHI,CHI,23.2,12.175,10.034,1.65,11.684,0.124,29.0,28,4.0,37.3,CHI,9.325,-0.709,2.359,0.709,4
00-0038997,Josh Downs,WR,IND,IND,24.1,8.65,10.73,0.843,11.573,0.067,39.0,29,4.0,37.2,IND,9.3,-1.43,2.273,1.43,4
00-0031588,Stefon Diggs,WR,NE,WAS,31.8,12.371,13.289,-1.764,11.524,0.019,41.0,30,4.0,53.0,WAS,13.25,-0.039,1.726,0.039,4
00-0037664,Alec Pierce,WR,IND,IND,25.3,12.22,11.119,0.383,11.502,0.061,43.0,31,2.0,12.2,IND,6.1,-5.019,5.402,5.019,4
00-0039849,Marvin Harrison Jr.,WR,ARI,ARI,23.1,10.65,11.183,0.206,11.388,0.089,32.0,32,4.0,19.5,ARI,4.875,-6.308,6.513,6.308,4
00-0039894,Xavier Worthy,WR,KC,KC,22.3,7.85,9.903,1.384,11.287,0.089,54.0,33,4.0,33.3,KC,8.325,-1.578,2.962,1.578,4
00-0040126,Colston Loveland,TE,CHI,CHI,21.4,10.319,10.319,0.917,11.236,0.292,3.0,5,4.0,20.1,CHI,5.025,-5.294,6.211,5.294,4
00-0034960,Jakobi Meyers,WR,JAX,JAX,28.8,10.988,12.703,-1.474,11.23,0.022,48.0,34,4.0,41.7,JAX,10.425,-2.278,0.805,2.278,4
00-0038124,Christian Watson,WR,GB,GB,26.3,13.24,9.904,1.316,11.22,0.122,27.0,35,4.0,77.1,GB,19.275,9.371,8.055,9.371,4
00-0037261,Khalil Shakir,WR,BUF,BUF,25.6,10.4,11.255,-0.05,11.205,0.049,50.0,36,4.0,30.6,BUF,7.65,-3.605,3.555,3.605,4
00-0035261,Tony Pollard,RB,TEN,TEN,28.3,10.929,11.712,-0.528,11.185,0.035,28.0,24,4.0,38.5,TEN,9.625,-2.087,1.56,2.087,4
00-0038606,Parker Washington,WR,JAX,JAX,23.4,11.544,9.39,1.76,11.15,0.095,28.0,37,4.0,51.1,JAX,12.775,3.385,1.625,3.385,4
00-0036555,Chuba Hubbard,RB,CAR,CAR,26.2,8.36,12.233,-1.132,11.102,0.048,33.0,25,4.0,79.0,CAR,19.75,7.517,8.648,7.517,4
00-0040730,RJ Harvey,RB,DEN,DEN,24.6,12.153,12.153,-1.067,11.086,0.082,31.0,26,3.0,38.1,DEN,12.7,0.547,1.614,0.547,4
00-0037228,Jaylen Warren,RB,PIT,PIT,26.8,13.569,11.006,0.077,11.084,0.061,27.0,27,4.0,56.2,PIT,14.05,3.044,2.966,3.044,4
00-0038994,Jordan Addison,WR,MIN,MIN,23.6,9.65,11.986,-0.982,11.004,0.048,47.0,38,4.0,33.2,MIN,8.3,-3.686,2.704,3.686,4
00-0040735,Luther Burden III,WR,CHI,CHI,21.7,8.527,8.527,2.356,10.883,0.374,22.0,39,4.0,46.9,CHI,11.725,3.198,0.842,3.198,4
00-0031408,Mike Evans,WR,TB,SF,32.0,10.6,14.782,-3.937,10.845,0.034,30.0,40,4.0,50.3,SF,12.575,-2.207,1.73,2.207,4
00-0036252,Michael Pittman,WR,IND,PIT,27.9,11.906,11.158,-0.496,10.661,0.025,36.0,41,3.0,15.9,PIT,5.3,-5.858,5.361,5.858,4
00-0037816,Romeo Doubs,WR,GB,NE,25.4,10.338,10.259,0.401,10.659,0.022,53.0,42,4.0,44.3,NE,11.075,0.816,0.416,0.816,4
00-0038559,Michael Wilson,WR,ARI,ARI,25.5,12.976,10.458,0.152,10.61,0.09,40.0,43,4.0,56.8,ARI,14.2,3.742,3.59,3.742,4
00-0033921,Chris Godwin Jr.,WR,TB,TB,29.5,9.222,13.8,-3.378,10.422,0.032,33.0,44,4.0,31.7,TB,7.925,-5.875,2.497,5.875,4
00-0036613,Jaylen Waddle,WR,MIA,DEN,26.8,12.132,11.088,-0.746,10.341,0.064,17.0,45,4.0,43.9,DEN,10.975,-0.113,0.634,0.113,4
00-0035685,David Montgomery,RB,DET,HOU,28.2,9.819,12.537,-2.2,10.337,0.033,21.0,28,4.0,44.4,HOU,11.1,-1.437,0.763,1.437,4
00-0038933,Dalton Kincaid,TE,BUF,BUF,25.9,10.508,9.076,1.209,10.285,0.296,11.0,6,4.0,46.0,BUF,11.5,2.424,1.215,2.424,4
00-0039065,Sam LaPorta,TE,DET,DET,24.6,11.878,11.26,-1.039,10.221,0.023,8.0,7,4.0,56.8,DET,14.2,2.94,3.979,2.94,4
00-0036259,Jauan Jennings,WR,SF,MIN,28.1,11.553,12.793,-2.609,10.184,0.011,64.0,46,3.0,2.9,MIN,0.967,-11.826,9.217,11.826,4
00-0039901,Keon Coleman,WR,BUF,BUF,22.3,8.533,8.556,1.438,9.994,0.078,93.0,47,4.0,41.7,BUF,10.425,1.869,0.431,1.869,4
00-0040663,Harold Fannin Jr.,TE,CLE,CLE,21.1,11.65,11.65,-1.695,9.955,0.042,5.0,8,4.0,50.3,CLE,12.575,0.925,2.62,0.925,4
00-0036970,Kyle Pitts,TE,ATL,ATL,24.9,12.4,10.059,-0.255,9.804,0.22,7.0,9,4.0,11.7,ATL,2.925,-7.134,6.879,7.134,4
00-0033090,Hunter Henry,TE,NE,NE,30.7,10.518,9.824,-0.051,9.773,0.149,20.0,10,4.0,25.3,NE,6.325,-3.499,3.448,3.499,4
00-0039868,Troy Franklin,WR,DEN,DEN,22.6,10.418,7.4,2.322,9.722,0.05,79.0,48,3.0,7.3,DEN,2.433,-4.967,7.289,4.967,4
00-0034827,DJ Moore,WR,CHI,BUF,28.4,10.128,12.067,-2.388,9.679,0.01,25.0,49,4.0,36.3,BUF,9.075,-2.992,0.604,2.992,4
00-0039384,Tyrone Tracy Jr.,RB,NYG,NYG,25.8,10.72,10.722,-1.069,9.653,0.041,54.0,29,4.0,-0.4,NYG,-0.1,-10.822,9.753,10.822,4
00-0038996,Tucker Kraft,TE,GB,GB,24.8,14.65,11.22,-1.58,9.64,0.016,6.0,11,4.0,36.1,GB,9.025,-2.195,0.615,2.195,4
00-0035719,Deebo Samuel Sr.,WR,WAS,SF,29.6,11.763,11.09,-1.454,9.636,0.035,56.0,50,4.0,57.9,SF,14.475,3.385,4.839,3.385,4
00-0036407,Jerry Jeudy,WR,CLE,CLE,26.4,7.1,10.635,-1.016,9.619,0.061,62.0,51,3.0,11.2,CLE,3.733,-6.902,5.886,6.902,4
00-0038621,DeMario Douglas,WR,NE,NE,24.7,5.988,7.609,1.898,9.507,0.037,103.0,52,4.0,17.2,NE,4.3,-3.309,5.207,3.309,4
00-0036919,Kenny Gainwell,RB,PIT,TB,26.5,13.018,8.35,1.111,9.461,0.147,32.0,30,4.0,21.0,TB,5.25,-3.1,4.211,3.1,4
00-0036139,Rico Dowdle,RB,CAR,PIT,27.2,12.724,12.548,-3.087,9.461,0.014,29.0,31,2.0,10.5,PIT,5.25,-7.298,4.211,7.298,4
00-0034351,Dallas Goedert,TE,PHI,PHI,30.7,12.34,11.548,-2.095,9.453,0.023,13.0,12,2.0,25.1,PHI,12.55,1.002,3.097,1.002,4
00-0033293,Aaron Jones,RB,MIN,MIN,30.7,9.892,12.424,-3.113,9.311,0.022,40.0,32,4.0,51.5,MIN,12.875,0.451,3.564,0.451,4
00-0030506,Travis Kelce,TE,KC,KC,35.9,11.365,11.776,-2.474,9.301,0.031,9.0,13,4.0,52.6,KC,13.15,1.374,3.849,1.374,4
00-0037545,Rashid Shaheed,WR,SEA,SEA,27.0,8.7,9.933,-0.661,9.273,0.011,57.0,53,4.0,24.0,SEA,6.0,-3.933,3.273,3.933,4
00-0038041,Jake Ferguson,TE,DAL,DAL,26.6,11.065,9.435,-0.238,9.197,0.162,14.0,14,4.0,36.3,DAL,9.075,-0.36,0.122,0.36,4
00-0040242,Jacory Croskey-Merritt,RB,WAS,WAS,24.4,8.253,8.253,0.868,9.121,0.035,39.0,33,4.0,30.7,WAS,7.675,-0.578,1.446,0.578,4
00-0034753,Mark Andrews,TE,BAL,BAL,30.0,7.706,9.406,-0.488,8.918,0.136,16.0,15,4.0,38.9,BAL,9.725,0.319,0.807,0.319,4
00-0030279,Keenan Allen,WR,LAC,IND,33.3,10.747,11.472,-2.567,8.905,0.009,71.0,54,3.0,29.0,IND,9.667,-1.805,0.762,1.805,4
00-0038563,Tre Tucker,WR,LV,LV,24.5,9.512,8.559,0.234,8.793,0.042,59.0,55,4.0,44.3,LV,11.075,2.516,2.282,2.516,4
00-0040719,Bhayshul Tuten,RB,JAX,JAX,23.5,5.907,5.907,2.734,8.641,0.058,23.0,34,4.0,52.1,JAX,13.025,7.118,4.384,7.118,4
00-0038129,Cade Otton,TE,TB,TB,26.4,8.147,9.062,-0.555,8.507,0.034,29.0,16,4.0,30.7,TB,7.675,-1.387,0.832,1.387,4
00-0040667,Matthew Golden,WR,GB,GB,22.1,5.0,5.0,3.389,8.389,0.092,51.0,56,4.0,58.0,GB,14.5,9.5,6.111,9.5,4
00-0036894,Pat Freiermuth,TE,PIT,PIT,26.9,7.573,8.872,-0.506,8.366,0.035,28.0,17,4.0,38.8,PIT,9.7,0.828,1.334,0.828,4
00-0033908,Cooper Kupp,WR,SEA,SEA,32.2,7.269,10.404,-2.065,8.339,0.012,82.0,57,4.0,26.4,SEA,6.6,-3.804,1.739,3.804,4
00-0039491,Jalen Coker,WR,CAR,CAR,23.8,8.218,8.316,0.012,8.328,0.054,52.0,58,3.0,52.2,CAR,17.4,9.084,9.072,9.084,4
00-0040236,Kyle Monangai,RB,CHI,CHI,23.2,8.629,8.629,-0.317,8.312,0.033,41.0,35,4.0,59.3,CHI,14.825,6.196,6.513,6.196,4
00-0039032,Tyjae Spears,RB,TEN,TEN,24.2,8.592,9.012,-0.703,8.309,0.021,44.0,36,4.0,15.5,TEN,3.875,-5.137,4.434,5.137,4
00-0038935,Brenton Strange,TE,JAX,JAX,24.7,9.833,8.042,0.191,8.233,0.023,18.0,18,4.0,36.7,JAX,9.175,1.133,0.942,1.133,4
00-0036040,Juwan Johnson,TE,NO,NO,29.0,10.582,9.459,-1.297,8.163,0.065,15.0,19,4.0,60.2,NO,15.05,5.591,6.887,5.591,4
00-0035700,Josh Jacobs,RB,GB,GB,27.6,15.807,16.569,-8.414,8.155,0.002,47.0,37,,,,,,,,4
00-0033906,Alvin Kamara,RB,NO,NO,30.1,9.155,14.64,-6.574,8.066,0.003,52.0,38,3.0,35.1,NO,11.7,-2.94,3.634,2.94,4
00-0039342,Xavier Legette,WR,CAR,CAR,24.6,5.953,7.147,0.846,7.992,0.055,99.0,59,2.0,8.4,CAR,4.2,-2.947,3.792,2.947,4
00-0033923,Kareem Hunt,RB,KC,,30.1,8.553,10.027,-2.051,7.975,0.038,105.0,39,,,,,,,,4
00-0039793,AJ Barner,TE,SEA,SEA,23.3,8.665,7.056,0.919,7.975,0.266,23.0,20,4.0,25.3,SEA,6.325,-0.731,1.65,0.731,4
00-0040583,Woody Marks,RB,HOU,HOU,24.7,9.069,9.069,-1.103,7.966,0.034,42.0,40,4.0,30.8,HOU,7.7,-1.369,0.266,1.369,4
00-0036244,Colby Parkinson,TE,LA,LA,26.7,9.271,6.507,1.442,7.949,0.043,32.0,21,3.0,5.1,LA,1.7,-4.807,6.249,4.807,4
00-0034383,Dalton Schultz,TE,HOU,HOU,29.1,10.453,8.703,-0.778,7.925,0.076,17.0,22,4.0,42.4,HOU,10.6,1.897,2.675,1.897,4
00-0039738,Blake Corum,RB,LA,LA,24.8,7.188,4.866,3.011,7.877,0.198,36.0,41,4.0,22.2,LA,5.55,0.684,2.327,0.684,4
00-0039916,Ricky Pearsall,WR,SF,SF,25.0,9.844,9.105,-1.29,7.815,0.011,,60,,,,,,,,4
00-0034837,Calvin Ridley,WR,TEN,TEN,30.7,6.757,10.271,-2.567,7.704,0.052,77.0,61,3.0,7.8,TEN,2.6,-7.671,5.104,7.671,4
00-0040162,Dylan Sampson,RB,CLE,CLE,21.0,5.84,5.84,1.861,7.701,0.045,46.0,42,1.0,0.0,CLE,0.0,-5.84,7.701,5.84,4
00-0036309,Darnell Mooney,WR,ATL,NYG,27.8,5.487,8.887,-1.193,7.694,0.015,84.0,62,4.0,16.4,NYG,4.1,-4.787,3.594,4.787,4
00-0030061,Zach Ertz,TE,WAS,,34.8,9.723,10.127,-2.44,7.687,0.004,64.0,23,2.0,5.2,PHI,2.6,-7.527,5.087,7.527,4
00-0040170,Elic Ayomanor,WR,TEN,TEN,22.2,7.281,7.281,0.398,7.679,0.025,95.0,63,4.0,22.3,TEN,5.575,-1.706,2.104,1.706,4
00-0039410,Ryan Flournoy,WR,DAL,DAL,25.8,7.6,5.508,2.148,7.657,0.068,69.0,64,4.0,23.4,DAL,5.85,0.342,1.807,0.342,4
00-0038608,Kayshon Boutte,WR,NE,HOU,23.3,8.864,8.483,-0.867,7.615,0.003,61.0,65,4.0,20.5,HOU,5.125,-3.358,2.49,3.358,4
00-0040189,Oronde Gadsden II,TE,LAC,LAC,22.2,8.76,8.76,-1.147,7.613,0.025,27.0,24,4.0,23.8,LAC,5.95,-2.81,1.663,2.81,4
00-0036550,Rashod Bateman,WR,BAL,BAL,25.8,4.262,7.931,-0.322,7.609,0.019,85.0,66,4.0,34.1,BAL,8.525,0.594,0.916,0.594,4
00-0038393,Dontayvion Wicks,WR,GB,PHI,24.2,5.831,6.21,1.347,7.557,0.031,65.0,67,4.0,37.7,PHI,9.425,3.215,1.868,3.215,4
00-0039890,Adonai Mitchell,WR,NYJ,NYJ,22.9,5.494,4.293,3.255,7.548,0.153,60.0,68,2.0,21.3,NYJ,10.65,6.357,3.102,6.357,4
00-0040705,Chimere Dike,WR,TEN,TEN,23.7,7.535,7.535,-0.077,7.458,0.019,94.0,69,4.0,5.5,TEN,1.375,-6.16,6.083,6.16,4
00-0038104,Tyquan Thornton,WR,KC,KC,25.1,6.733,5.594,1.824,7.418,0.02,97.0,70,4.0,44.9,KC,11.225,5.631,3.807,5.631,4
00-0039880,Malik Washington,WR,MIA,MIA,24.9,6.865,5.597,1.786,7.383,0.034,70.0,71,4.0,38.1,MIA,9.525,3.928,2.142,3.928,4
00-0034829,Mike Gesicki,TE,CIN,CIN,29.9,5.892,7.579,-0.213,7.366,0.012,35.0,25,3.0,44.5,CIN,14.833,7.254,7.467,7.254,4
00-0037256,Rachaad White,RB,TB,WAS,26.6,8.412,10.706,-3.355,7.352,0.007,37.0,43,3.0,30.1,WAS,10.033,-0.673,2.681,0.673,4
00-0040130,Jayden Higgins,WR,HOU,HOU,22.7,7.618,7.618,-0.278,7.34,0.01,,72,,,,,,,,4
00-0040736,Mason Taylor,TE,NYJ,NYJ,21.3,6.838,6.838,0.501,7.34,0.048,34.0,26,1.0,1.8,NYJ,1.8,-5.038,5.54,5.038,4
00-0040202,Devin Neal,RB,NO,,22.1,6.667,6.667,0.521,7.187,0.053,82.0,44,,,,,,,,4
00-0039847,Theo Johnson,TE,NYG,NYG,24.5,8.52,7.535,-0.358,7.176,0.025,37.0,27,3.0,10.0,NYG,3.333,-4.202,3.843,4.202,4
00-0033881,Evan Engram,TE,DEN,DEN,31.0,6.425,7.692,-0.516,7.176,0.043,30.0,28,4.0,18.6,DEN,4.65,-3.042,2.526,3.042,4
00-0038976,Marvin Mims Jr.,WR,DEN,DEN,23.5,6.333,7.016,0.017,7.032,0.014,101.0,73,2.0,2.0,DEN,1.0,-6.016,6.032,6.016,4
00-0035662,Marquise Brown,WR,KC,PHI,28.2,8.606,8.656,-1.656,7.0,0.004,113.0,74,1.0,1.2,PHI,1.2,-7.456,5.8,7.456,4
00-0037838,Isaiah Likely,TE,BAL,NYG,25.4,5.142,6.867,0.129,6.996,0.019,12.0,29,4.0,53.0,NYG,13.25,6.383,6.254,6.383,4
00-0035229,T.J. Hockenson,TE,MIN,MIN,28.2,7.52,7.972,-1.108,6.864,0.025,21.0,30,4.0,47.5,MIN,11.875,3.903,5.011,3.903,4
00-0040584,Gunnar Helm,TE,TEN,TEN,23.0,5.731,5.731,1.093,6.825,0.043,25.0,31,4.0,17.0,TEN,4.25,-1.481,2.575,1.481,4
00-0038619,Andrei Iosivas,WR,CIN,CIN,25.9,5.993,6.556,0.219,6.775,0.013,105.0,75,2.0,4.9,CIN,2.45,-4.106,4.325,4.106,4
00-0040138,Jaylin Noel,WR,HOU,HOU,23.0,4.024,4.024,2.751,6.775,0.051,74.0,76,4.0,29.1,HOU,7.275,3.251,0.5,3.251,4
00-0040727,Tre Harris,WR,LAC,LAC,23.5,4.338,4.338,2.353,6.69,0.063,67.0,77,4.0,33.9,LAC,8.475,4.137,1.785,4.137,4
00-0040669,Isaac TeSlaa,WR,DET,DET,23.5,5.421,5.421,1.253,6.675,0.016,78.0,78,4.0,27.7,DET,6.925,1.504,0.25,1.504,4
00-0039875,Ray Davis,RB,BUF,BUF,25.8,3.771,5.3,1.374,6.674,0.044,58.0,45,3.0,2.0,BUF,0.667,-4.633,6.007,4.633,4
00-0040134,Pat Bryant,WR,DEN,DEN,22.7,5.754,5.754,0.873,6.627,0.028,68.0,79,4.0,31.9,DEN,7.975,2.221,1.348,2.221,4
00-0037252,Greg Dulcich,TE,MIA,MIA,25.4,6.978,5.431,1.163,6.594,0.069,24.0,32,3.0,18.0,MIA,6.0,0.569,0.594,0.569,4
00-0034791,Nick Chubb,RB,HOU,,29.7,5.887,6.591,-0.083,6.509,0.069,,46,,,,,,,,4
00-0039424,Devaughn Vele,WR,NO,NO,27.7,7.367,7.855,-1.361,6.493,0.024,92.0,80,4.0,55.6,NO,13.9,6.045,7.407,6.045,4
00-0037525,Jordan Mason,RB,MIN,MIN,26.3,8.056,8.711,-2.277,6.434,0.007,38.0,47,1.0,11.9,MIN,11.9,3.189,5.466,3.189,4
00-0037666,Jalen Tolbert,WR,DAL,MIA,26.5,3.858,6.838,-0.407,6.431,0.012,114.0,81,1.0,0.0,MIA,0.0,-6.838,6.431,6.838,4
00-0035689,Dawson Knox,TE,BUF,BUF,28.8,6.481,5.427,0.956,6.383,0.056,47.0,33,4.0,15.0,BUF,3.75,-1.677,2.633,1.677,4
00-0036290,Cole Kmet,TE,CHI,CHI,26.5,4.919,6.222,0.158,6.379,0.035,46.0,34,4.0,14.8,CHI,3.7,-2.522,2.679,2.522,4
00-0033555,Mack Hollins,WR,NE,NE,32.0,8.1,6.845,-0.483,6.362,0.006,106.0,82,4.0,35.9,NE,8.975,2.13,2.613,2.13,4
00-0037746,Brian Robinson,RB,SF,ATL,26.4,3.676,7.171,-0.82,6.351,0.018,57.0,48,4.0,48.5,ATL,12.125,4.954,5.774,4.954,4
00-0040237,Tez Johnson,WR,TB,TB,23.3,6.16,6.16,0.16,6.32,0.008,120.0,83,4.0,12.0,TB,3.0,-3.16,3.32,3.16,4
00-0037263,Tyler Allgeier,RB,ATL,ARI,25.4,7.235,6.741,-0.482,6.259,0.017,43.0,49,4.0,30.7,ARI,7.675,0.934,1.416,0.934,4
00-0037809,Chig Okonkwo,TE,TEN,WAS,26.0,7.294,7.2,-0.981,6.219,0.028,19.0,35,2.0,6.1,WAS,3.05,-4.15,3.169,4.15,4
00-0035208,Olamide Zaccheaus,WR,CHI,ATL,28.1,6.057,6.64,-0.517,6.123,0.005,121.0,84,4.0,5.7,ATL,1.425,-5.215,4.698,5.215,4
00-0039165,Zach Charbonnet,RB,SEA,SEA,24.6,11.338,11.161,-5.068,6.092,0.005,51.0,50,,,,,,,,4
00-0038618,Xavier Hutchinson,WR,HOU,HOU,25.3,6.125,4.057,1.92,5.976,0.016,112.0,85,4.0,29.0,HOU,7.25,3.193,1.274,3.193,4
00-0039391,Kimani Vidal,RB,LAC,LAC,24.0,9.069,6.845,-0.962,5.883,0.011,60.0,51,3.0,14.6,LAC,4.867,-1.978,1.016,1.978,4
00-0033885,David Njoku,TE,CLE,LAC,29.1,7.845,10.673,-4.801,5.871,0.003,31.0,36,2.0,12.7,LAC,6.35,-4.323,0.479,4.323,4
00-0037005,Tommy Tremble,TE,CAR,CAR,25.2,4.26,4.812,1.029,5.841,0.052,53.0,37,4.0,19.2,CAR,4.8,-0.012,1.041,0.012,4
00-0036988,Josh Palmer,WR,BUF,BUF,25.9,4.358,5.915,-0.106,5.809,0.009,118.0,86,3.0,23.0,BUF,7.667,1.752,1.858,1.752,4
00-0037112,Jake Tonges,TE,SF,SF,26.2,9.33,7.775,-1.987,5.788,0.001,40.0,38,,,,,,,,4
00-0038558,Darnell Washington,TE,PIT,PIT,24.0,5.646,4.554,1.216,5.77,0.013,38.0,39,4.0,26.9,PIT,6.725,2.171,0.955,2.171,4
00-0040131,Kyle Williams,WR,NE,NE,22.8,3.514,3.514,2.227,5.741,0.013,104.0,87,4.0,6.4,NE,1.6,-1.914,4.141,1.914,4
00-0033110,Tyler Higbee,TE,LA,LA,32.7,7.11,7.515,-1.777,5.738,0.003,48.0,40,3.0,33.1,LA,11.033,3.518,5.295,3.518,4
00-0033858,Jonnu Smith,TE,PIT,GB,30.0,5.012,9.044,-3.356,5.688,0.005,54.0,41,3.0,13.5,GB,4.5,-4.544,1.188,4.544,4
00-0033307,Kendrick Bourne,WR,SF,ARI,30.1,6.579,6.046,-0.395,5.651,0.006,116.0,88,3.0,22.8,ARI,7.6,1.554,1.949,1.554,4
00-0038555,Tank Bigsby,RB,PHI,PHI,23.0,3.587,5.897,-0.272,5.625,0.005,53.0,52,4.0,17.1,PHI,4.275,-1.622,1.35,1.622,4
00-0039739,Roman Wilson,WR,PIT,PIT,24.2,4.289,4.289,1.321,5.61,0.039,,89,4.0,44.8,PIT,11.2,6.911,5.59,6.911,4
00-0037837,Calvin Austin III,WR,PIT,NYG,26.4,6.157,6.677,-1.176,5.501,0.007,,90,,,,,,,,4
00-0037291,Jalen Nailor,WR,MIN,LV,26.5,5.924,6.428,-0.992,5.436,0.013,72.0,91,3.0,10.2,LV,3.4,-3.028,2.036,3.028,4
00-0040078,Brashard Smith,RB,KC,KC,22.4,3.724,3.724,1.644,5.367,0.05,86.0,53,2.0,1.4,KC,0.7,-3.024,4.667,3.024,4
00-0040648,Tory Horton,WR,SEA,SEA,22.8,8.137,8.137,-2.77,5.367,0.001,96.0,92,2.0,15.4,SEA,7.7,-0.437,2.333,0.437,4
00-0040737,Terrance Ferguson,TE,LA,LA,22.5,4.736,4.736,0.47,5.207,0.009,22.0,42,3.0,19.3,LA,6.433,1.697,1.226,1.697,4
00-0038611,Chris Rodriguez Jr.,RB,WAS,JAX,25.9,7.667,6.5,-1.362,5.138,0.009,45.0,54,4.0,22.8,JAX,5.7,-0.8,0.562,0.8,4
00-0038046,Charlie Kolar,TE,BAL,LAC,26.6,2.785,2.804,2.295,5.099,0.042,36.0,43,2.0,5.1,LAC,2.55,-0.254,2.549,0.254,4
00-0040729,Jack Bech,WR,LV,LV,22.7,3.029,3.029,2.037,5.065,0.079,91.0,93,2.0,15.8,LV,7.9,4.871,2.835,4.871,4
00-0033526,Samaje Perine,RB,CIN,CIN,30.0,5.193,4.978,0.079,5.057,0.009,77.0,55,4.0,14.3,CIN,3.575,-1.403,1.482,1.403,4
00-0036924,Michael Carter,RB,ARI,TEN,26.3,7.615,8.425,-3.373,5.052,0.002,111.0,56,,,,,,,,4
00-0040194,Jackson Hawes,TE,BUF,BUF,24.7,4.054,4.054,0.973,5.027,0.009,67.0,44,1.0,0.0,BUF,0.0,-4.054,5.027,4.054,4
00-0039066,Michael Mayer,TE,LV,LV,24.2,5.677,4.6,0.399,4.999,0.02,41.0,45,4.0,42.9,LV,10.725,6.125,5.726,6.125,4
00-0031610,Darren Waller,TE,MIA,CAR,33.0,9.856,9.856,-4.928,4.927,0.002,33.0,46,4.0,39.8,CAR,9.95,0.094,5.023,0.094,4
00-0035535,Darius Slayton,WR,NYG,NYG,28.6,7.057,6.96,-2.06,4.9,0.005,100.0,94,,,,,,,,4
00-0039751,Jordan Whittington,WR,LA,LA,24.9,2.42,3.062,1.769,4.831,0.012,144.0,95,2.0,3.2,LA,1.6,-1.462,3.231,1.462,4
00-0035644,Noah Fant,TE,CIN,NO,27.8,5.754,6.622,-1.8,4.822,0.009,52.0,47,3.0,32.6,NO,10.867,4.245,6.045,4.245,4
00-0040187,Mitchell Evans,TE,CAR,CAR,22.5,3.443,3.443,1.314,4.757,0.023,59.0,48,4.0,12.6,CAR,3.15,-0.293,1.607,0.293,4
00-0036849,Tutu Atwell,WR,LA,LA,25.9,3.9,5.657,-0.931,4.725,0.003,138.0,96,2.0,4.7,LA,2.35,-3.307,2.375,3.307,4
00-0037801,KaVontae Turpin,WR,DAL,DAL,29.1,5.633,5.897,-1.2,4.696,0.002,128.0,97,4.0,10.7,DAL,2.675,-3.222,2.021,3.222,4
00-0038454,Keaton Mitchell,RB,BAL,LAC,23.6,4.262,3.659,1.035,4.694,0.01,50.0,57,4.0,30.8,LAC,7.7,4.041,3.006,4.041,4
00-0036980,Elijah Moore,WR,BUF,PHI,25.4,3.178,5.75,-1.07,4.68,0.007,153.0,98,,,,,,,,4
00-0037614,John Metchie III,WR,NYJ,CAR,25.1,5.531,5.535,-0.862,4.673,0.022,137.0,99,3.0,16.6,CAR,5.533,-0.002,0.86,0.002,4
00-0039874,Jaylen Wright,RB,MIA,MIA,22.4,5.356,3.405,1.267,4.672,0.016,67.0,58,3.0,1.7,MIA,0.567,-2.838,4.105,2.838,4
00-0036626,Dyami Brown,WR,JAX,WAS,25.8,4.518,4.504,0.047,4.551,0.005,152.0,100,4.0,13.6,WAS,3.4,-1.104,1.151,1.104,4
00-0032775,Demarcus Robinson,WR,SF,SF,30.9,4.157,5.861,-1.404,4.457,0.002,134.0,101,2.0,19.4,SF,9.7,3.839,5.243,3.839,4
00-0035406,Lil'Jordan Humphrey,WR,DEN,DEN,27.4,4.943,4.71,-0.407,4.303,0.004,171.0,102,1.0,0.0,DEN,0.0,-4.71,4.303,4.71,4
00-0035537,Ty Johnson,RB,BUF,BUF,28.0,5.9,5.647,-1.388,4.259,0.006,80.0,59,2.0,12.2,BUF,6.1,0.453,1.841,0.453,4
00-0038679,Tyrell Shavers,WR,BUF,BUF,26.0,4.136,4.95,-0.721,4.229,0.005,191.0,103,,,,,,,,4
00-0040164,Jaylin Lane,WR,WAS,WAS,23.3,3.413,3.413,0.807,4.22,0.006,143.0,104,4.0,4.5,WAS,1.125,-2.288,3.095,2.288,4
00-0040782,Isaiah Bond,WR,CLE,CLE,21.5,3.647,3.647,0.564,4.211,0.007,115.0,105,2.0,3.2,CLE,1.6,-2.047,2.611,2.047,4
00-0036637,Noah Gray,TE,KC,KC,26.3,2.771,5.07,-0.868,4.202,0.002,49.0,49,4.0,12.1,KC,3.025,-2.045,1.177,2.045,4
00-0037741,Jahan Dotson,WR,PHI,ATL,25.4,3.347,3.176,1.02,4.196,0.011,107.0,106,4.0,21.5,ATL,5.375,2.199,1.179,2.199,4
00-0037742,Treylon Burks,WR,WAS,WAS,25.4,3.625,2.808,1.35,4.158,0.017,125.0,107,3.0,21.0,WAS,7.0,4.192,2.842,4.192,4
00-0039451,Isaiah Williams,WR,NYJ,NYJ,24.6,4.047,2.752,1.318,4.07,0.021,135.0,108,4.0,30.9,NYJ,7.725,4.973,3.655,4.973,4
00-0034775,Christian Kirk,WR,HOU,SF,28.8,5.264,6.779,-2.737,4.042,0.002,102.0,109,,,,,,,,4
00-0038551,Kendre Miller,RB,NO,NO,23.2,4.757,4.8,-0.759,4.041,0.001,84.0,60,3.0,14.8,NO,4.933,0.133,0.892,0.133,4
00-0038115,Daniel Bellinger,TE,NYG,TEN,24.9,4.585,3.444,0.589,4.033,0.026,60.0,50,4.0,6.5,TEN,1.625,-1.819,2.408,1.819,4
00-0033857,JuJu Smith-Schuster,WR,KC,,28.8,4.324,4.521,-0.537,3.985,0.0,201.0,110,,,,,,,,4
00-0039798,Isaiah Davis,RB,NYJ,NYJ,23.5,4.45,4.038,-0.069,3.969,0.006,76.0,61,3.0,0.0,NYJ,0.0,-4.038,3.969,4.038,4
00-0035249,Josh Oliver,TE,MIN,MIN,28.4,4.583,5.033,-1.071,3.962,0.003,70.0,51,3.0,7.6,MIN,2.533,-2.5,1.429,2.5,4
00-0037157,Bam Knight,RB,ARI,ARI,24.4,7.742,7.742,-3.822,3.919,0.002,101.0,62,1.0,2.4,ARI,2.4,-5.342,1.519,5.342,4
00-0040739,Elijah Arroyo,TE,SEA,SEA,22.4,2.838,2.838,1.07,3.908,0.017,42.0,52,1.0,2.7,SEA,2.7,-0.138,1.208,0.138,4
00-0039041,Elijah Higgins,TE,ARI,ARI,24.8,3.418,3.353,0.539,3.892,0.012,55.0,53,3.0,14.9,ARI,4.967,1.614,1.075,1.614,4
00-0037563,Malik Davis,RB,DAL,DAL,26.8,4.06,4.06,-0.254,3.806,0.003,70.0,63,,,,,,,,4
00-0036422,Adam Trautman,TE,DEN,DEN,28.6,3.5,3.435,0.371,3.806,0.007,68.0,54,2.0,3.0,DEN,1.5,-1.935,2.306,1.935,4
00-0032392,Austin Hooper,TE,NE,ATL,30.8,4.562,5.597,-1.839,3.757,0.003,61.0,55,3.0,15.0,ATL,5.0,-0.597,1.243,0.597,4
00-0038547,Luke Schoonmaker,TE,DAL,DAL,26.9,1.943,3.242,0.5,3.742,0.005,73.0,56,2.0,4.1,DAL,2.05,-1.192,1.692,1.192,4
00-0040590,Konata Mumpfield,WR,LA,LA,22.9,2.52,2.52,1.192,3.712,0.004,123.0,111,4.0,23.2,LA,5.8,3.28,2.088,3.28,4
00-0034159,Will Dissly,TE,LAC,,29.1,2.588,5.687,-2.058,3.629,0.0,132.0,57,,,,,,,,4
00-0035631,Drew Sample,TE,CIN,CIN,29.4,2.658,2.974,0.635,3.609,0.003,75.0,58,2.0,5.9,CIN,2.95,-0.024,0.659,0.024,4
00-0032385,Sterling Shepard,WR,TB,,32.6,6.308,6.242,-2.638,3.604,0.0,240.0,112,2.0,3.3,NYJ,1.65,-4.592,1.954,4.592,4
00-0030564,DeAndre Hopkins,WR,BAL,BAL,33.2,3.941,6.485,-2.89,3.594,0.003,183.0,113,,,,,,,,4
00-0034613,Tanner Hudson,TE,CIN,CIN,30.8,4.78,4.542,-1.086,3.457,0.001,80.0,59,3.0,5.9,CIN,1.967,-2.575,1.49,2.575,4
00-0039530,Brevyn Spann-Ford,TE,DAL,DAL,25.7,1.5,1.548,1.908,3.457,0.009,103.0,60,4.0,6.3,DAL,1.575,0.027,1.882,0.027,4
00-0032464,Kalif Raymond,WR,DET,CHI,31.1,4.453,4.567,-1.197,3.369,0.004,127.0,114,4.0,49.0,CHI,12.25,7.683,8.881,7.683,4
00-0037267,Jerome Ford,RB,CLE,WAS,26.0,3.354,6.578,-3.269,3.309,0.001,92.0,64,,,,,,,,4
00-0035250,Devin Singletary,RB,NYG,NYG,28.0,6.4,6.419,-3.126,3.292,0.004,88.0,65,2.0,14.7,NYG,7.35,0.931,4.058,0.931,4
00-0039912,Ben Sinnott,TE,WAS,WAS,23.2,3.156,2.638,0.543,3.18,0.001,56.0,61,2.0,1.6,WAS,0.8,-1.838,2.38,1.838,4
00-0040581,Dont'e Thornton Jr.,WR,LV,LV,22.8,2.136,2.136,1.02,3.156,0.014,141.0,115,,,,,,,,4
00-0039355,Luke McCaffrey,WR,WAS,WAS,24.4,5.7,3.914,-0.766,3.148,0.002,130.0,116,1.0,0.0,WAS,0.0,-3.914,3.148,3.914,4
00-0038951,Sean Tucker,RB,TB,TB,23.9,5.376,4.709,-1.642,3.067,0.003,61.0,66,1.0,7.0,TB,7.0,2.291,3.933,2.291,4
00-0038797,Emanuel Wilson,RB,GB,SEA,26.3,5.559,5.603,-2.56,3.043,0.004,69.0,67,4.0,37.9,SEA,9.475,3.872,6.432,3.872,4
00-0031236,Brandin Cooks,WR,BUF,,31.9,3.992,5.283,-2.281,3.002,0.0,182.0,117,1.0,0.0,SF,0.0,-5.283,3.002,5.283,4
00-0038979,Cedric Tillman,WR,CLE,NO,25.4,5.0,6.686,-3.715,2.971,0.004,126.0,118,,,,,,,,4
00-0036182,Nick Westbrook-Ikhine,WR,MIA,,28.4,1.531,5.763,-2.818,2.945,0.0,146.0,119,1.0,0.0,IND,0.0,-5.763,2.945,5.763,4
00-0036415,Van Jefferson,WR,TEN,,29.1,5.0,4.607,-1.67,2.937,0.0,215.0,120,,,,,,,,4
00-0038359,Xavier Smith,WR,LA,LA,27.9,3.019,1.817,1.112,2.929,0.005,168.0,121,3.0,0.0,LA,0.0,-1.817,2.929,1.817,4
00-0040198,Ollie Gordon II,RB,MIA,MIA,21.6,3.182,3.182,-0.303,2.879,0.003,75.0,68,3.0,33.2,MIA,11.067,7.885,8.188,7.885,4
00-0030035,Adam Thielen,WR,PIT,,35.0,2.829,7.462,-4.607,2.855,0.0,,122,,,,,,,,4
00-0039356,Ja'Tavion Sanders,TE,CAR,CAR,22.4,4.5,4.711,-1.868,2.843,0.004,50.0,62,,,,,,,,4
00-0036427,Tyler Johnson,WR,NYJ,,27.0,4.189,4.94,-2.202,2.738,0.0,255.0,123,,,,,,,,4
00-0037306,John FitzPatrick,TE,GB,,25.5,2.291,2.2,0.534,2.734,0.001,,63,,,,,,,,4
00-0034521,Allen Lazard,WR,NYJ,,29.7,2.556,7.095,-4.371,2.725,0.0,,124,,,,,,,,4
00-0036196,Gabe Davis,WR,BUF,,26.5,5.15,5.3,-2.662,2.638,0.0,238.0,125,,,,,,,,4
00-0036754,Brock Wright,TE,DET,DET,26.8,4.6,3.779,-1.152,2.627,0.001,74.0,64,4.0,6.0,DET,1.5,-2.279,1.127,2.279,4
00-0038465,Malik Heath,WR,GB,,25.4,2.086,3.858,-1.259,2.599,0.0,,126,,,,,,,,4
00-0036628,John Bates,TE,WAS,WAS,27.8,2.73,1.813,0.77,2.583,0.001,66.0,65,2.0,5.2,WAS,2.6,0.787,0.017,0.787,4
00-0037805,Jeremy Ruckert,TE,NYJ,NYJ,25.1,3.35,2.693,-0.118,2.575,0.007,78.0,66,3.0,18.8,NYJ,6.267,3.574,3.692,3.574,4
00-0039050,Payne Durham,TE,TB,TB,25.2,0.262,2.288,0.252,2.539,0.0,109.0,67,1.0,0.0,TB,0.0,-2.288,2.539,2.288,4
00-0034272,Marquez Valdes-Scantling,WR,PIT,,30.9,3.556,5.295,-2.848,2.447,0.0,151.0,127,2.0,0.0,LAC,0.0,-5.295,2.447,5.295,4
00-0038840,Brycen Tremayne,WR,CAR,CAR,25.8,2.0,1.812,0.604,2.416,0.006,184.0,128,4.0,17.5,CAR,4.375,2.563,1.959,2.563,4
00-0033217,Mo Alie-Cox,TE,IND,IND,32.0,2.791,2.757,-0.452,2.304,0.001,76.0,68,1.0,2.6,IND,2.6,-0.157,0.296,0.157,4
00-0039144,Luke Musgrave,TE,GB,GB,25.0,3.785,3.035,-0.79,2.245,0.002,63.0,69,,,,,,,,4
00-0033375,Tim Patrick,WR,JAX,NYJ,31.8,3.977,5.146,-2.913,2.233,0.001,161.0,129,,,,,,,,4
00-0035500,Greg Dortch,WR,ARI,BUF,27.3,6.258,5.703,-3.626,2.077,0.002,155.0,130,4.0,0.0,BUF,0.0,-5.703,2.077,5.703,4
00-0039074,Davis Allen,TE,LA,LA,24.6,4.187,3.305,-1.252,2.052,0.002,106.0,70,4.0,7.9,LA,1.975,-1.33,0.077,1.33,4
00-0034407,Ray-Ray McCloud,WR,NYG,CHI,28.9,2.317,6.8,-4.79,2.01,0.002,264.0,131,,,,,,,,4
00-0036887,Luke Farrell,TE,SF,SF,27.9,2.269,1.928,0.049,1.977,0.002,89.0,71,4.0,3.9,SF,0.975,-0.953,1.002,0.953,4
00-0032211,Tyler Lockett,WR,LV,LV,32.9,3.947,5.532,-3.561,1.971,0.003,198.0,132,,,,,,,,4
00-0039623,Mason Tipton,WR,NO,NO,24.9,2.55,2.606,-0.7,1.906,0.003,199.0,133,,,,,,,,4
00-0038839,Mitchell Tinsley,WR,CIN,HOU,26.0,3.95,3.95,-2.158,1.792,0.002,194.0,134,1.0,7.9,CIN,7.9,3.95,6.108,3.95,4
00-0040582,Arian Smith,WR,NYJ,NYJ,23.9,1.038,1.038,0.684,1.723,0.006,219.0,135,2.0,0.0,NYJ,0.0,-1.038,1.723,1.038,4
00-0034365,Ian Thomas,TE,LV,LV,29.2,2.711,2.342,-0.633,1.708,0.001,111.0,72,2.0,13.3,LV,6.65,4.308,4.942,4.308,4
00-0033891,Zay Jones,WR,ARI,,30.4,5.05,3.892,-2.247,1.644,0.0,,136,,,,,,,,4
00-0034983,Hunter Renfrow,WR,CAR,,29.7,5.983,5.983,-4.384,1.599,0.0,,137,,,,,,,,4
00-0040024,Darius Cooper,WR,PHI,PHI,23.8,3.033,3.033,-1.523,1.51,0.0,205.0,138,4.0,28.9,PHI,7.225,4.192,5.715,4.192,4
00-0036429,Charlie Woerner,TE,ATL,ATL,27.9,1.829,1.284,0.123,1.407,0.0,92.0,73,2.0,0.0,ATL,0.0,-1.284,1.407,1.284,4
00-0037348,Tanner Conner,TE,MIA,,27.5,2.262,1.892,-0.495,1.396,0.0,160.0,74,,,,,,,,4
00-0038938,Jalin Hyatt,WR,NYG,NYG,23.9,1.417,1.419,-0.058,1.36,0.005,249.0,139,,,,,,,,4
00-0034798,Durham Smythe,TE,CHI,BAL,30.1,0.929,0.99,0.315,1.305,0.001,83.0,75,3.0,1.4,BAL,0.467,-0.523,0.838,0.523,4
00-0032398,Chris Moore,WR,WAS,,32.2,3.86,3.86,-2.583,1.277,0.0,,140,3.0,15.3,BAL,5.1,1.24,3.823,1.24,4
00-0038705,Emari Demercado,RB,ARI,DAL,26.6,4.858,4.52,-3.317,1.203,0.001,90.0,69,2.0,1.5,DAL,0.75,-3.77,0.453,3.77,4
00-0033955,Jeremy McNichols,RB,WAS,WAS,29.7,4.544,4.403,-3.225,1.178,0.001,113.0,70,,,,,,,,4
00-0037197,Isiah Pacheco,RB,KC,DET,26.5,6.715,7.21,-6.043,1.167,0.001,59.0,71,,,,,,,,4
00-0033246,Johnny Mundt,TE,JAX,PHI,30.8,1.675,2.512,-1.417,1.094,0.0,102.0,76,3.0,4.2,PHI,1.4,-1.112,0.306,1.112,4
00-0039521,Xavier Weaver,WR,ARI,,24.9,1.957,1.522,-0.733,0.789,0.0,236.0,141,,,,,,,,4
00-0040259,Gage Larvadain,WR,CLE,,22.7,1.108,1.108,-0.373,0.735,0.0,,142,,,,,,,,4
00-0038710,Blake Whiteheart,TE,CLE,CLE,25.4,0.267,1.219,-0.505,0.714,0.0,104.0,77,3.0,11.1,CLE,3.7,2.481,2.986,2.481,4
00-0035359,David Sills,WR,ATL,TB,30.3,4.092,4.092,-3.433,0.659,0.0,214.0,143,,,,,,,,4
00-0036165,Isaiah Hodgins,WR,NYG,,26.9,4.583,3.838,-3.201,0.636,0.0,202.0,144,,,,,,,,4
00-0037004,Hunter Long,TE,JAX,ARI,27.0,4.643,2.861,-2.334,0.527,0.0,114.0,78,4.0,3.5,ARI,0.875,-1.986,0.348,1.986,4
00-0037086,Grant Calcaterra,TE,PHI,PHI,26.7,2.511,3.433,-3.173,0.261,0.0,107.0,79,,,,,,,,4
00-0039379,Jamari Thrash,WR,CLE,CLE,24.7,2.588,1.85,-1.988,-0.138,0.002,,145,,,,,,,,4
00-0038720,Julian Hill,TE,MIA,NE,25.1,2.818,2.12,-2.953,-0.833,0.0,134.0,80,,,,,,,,4
00-0036133,James Proche,WR,TEN,,28.9,2.083,1.173,-3.513,-2.339,0.0,,146,,,,,,,,4
