market_tier,model_view,players,avg_market_rank,avg_actual_rank,share_beat_market,position
early picks,model likes less,107,7.29,13.729,0.262,ALL
early picks,model likes more,99,6.939,13.838,0.313,ALL
middle picks,model likes less,102,20.784,24.912,0.333,ALL
middle picks,model likes more,107,20.224,18.692,0.542,ALL
late picks,model likes less,101,33.594,26.99,0.723,ALL
late picks,model likes more,115,34.522,26.157,0.8,ALL
early picks,model likes less,35,6.229,11.371,0.314,RB
early picks,model likes more,33,6.182,11.697,0.303,RB
middle picks,model likes less,34,18.794,23.265,0.265,RB
middle picks,model likes more,35,16.571,14.971,0.514,RB
late picks,model likes less,32,28.719,24.0,0.75,RB
late picks,model likes more,39,29.872,22.0,0.795,RB
early picks,model likes less,17,3.824,8.941,0.118,TE
early picks,model likes more,19,3.211,5.947,0.263,TE
middle picks,model likes less,17,9.294,10.412,0.412,TE
middle picks,model likes more,19,9.684,9.368,0.474,TE
late picks,model likes less,18,16.111,12.0,0.778,TE
late picks,model likes more,20,15.3,11.4,0.7,TE
early picks,model likes less,55,9.036,16.709,0.273,WR
early picks,model likes more,47,8.979,18.532,0.34,WR
middle picks,model likes less,51,25.941,30.843,0.353,WR
middle picks,model likes more,53,26.415,24.491,0.585,WR
late picks,model likes less,51,42.824,34.157,0.686,WR
late picks,model likes more,56,44.625,34.321,0.839,WR
