outcome_season,position,name,next_preseason_team,market_tier,market_rank,model_rank,actual_rank,disagreement,beat_market,model_view,pred_ppg,next_ppr,next_games
2020,WR,Michael Thomas,NO,early picks,1.0,1.0,47.0,0.0,-46.0,model likes more,19.3,83.9,7.0
2020,WR,Chris Godwin Jr.,TB,early picks,6.0,10.0,25.0,-4.0,-19.0,model likes less,15.09,191.0,12.0
2020,WR,Julio Jones,ATL,early picks,3.0,5.0,38.0,-2.0,-35.0,model likes more,16.18,146.1,9.0
2020,WR,Cooper Kupp,LA,early picks,16.0,7.0,23.0,9.0,-7.0,model likes more,15.61,210.7,15.0
2020,WR,DeAndre Hopkins,ARI,early picks,5.0,3.0,4.0,2.0,1.0,model likes more,16.97,287.8,16.0
2020,WR,Keenan Allen,LAC,middle picks,22.0,12.0,12.0,10.0,10.0,model likes more,14.99,245.1,14.0
2020,WR,Julian Edelman,NE,middle picks,32.0,31.0,51.0,1.0,-19.0,model likes less,12.53,56.22,6.0
2020,WR,Allen Robinson,CHI,early picks,7.0,22.0,8.0,-15.0,-1.0,model likes less,13.57,262.9,16.0
2020,WR,Kenny Golladay,DET,early picks,8.0,14.0,50.0,-6.0,-42.0,model likes less,14.51,65.8,5.0
2020,WR,Amari Cooper,DAL,early picks,15.0,21.0,14.0,-6.0,1.0,model likes less,13.62,236.8,16.0
2020,WR,DeVante Parker,MIA,middle picks,25.0,35.0,31.0,-10.0,-6.0,model likes less,12.21,166.3,14.0
2020,WR,Jarvis Landry,CLE,middle picks,29.0,15.0,27.0,14.0,2.0,model likes more,14.49,187.96,15.0
2020,WR,Tyler Lockett,SEA,middle picks,21.0,28.0,7.0,-7.0,14.0,model likes less,12.71,265.4,16.0
2020,WR,Robert Woods,LA,early picks,14.0,11.0,13.0,3.0,1.0,model likes more,15.03,245.1,16.0
2020,WR,Mike Evans,TB,early picks,11.0,9.0,10.0,2.0,1.0,model likes more,15.26,248.6,16.0
2020,WR,DJ Moore,CAR,early picks,9.0,23.0,22.0,-14.0,-13.0,model likes less,13.57,211.5,15.0
2020,WR,DJ Chark,JAX,middle picks,19.0,41.0,36.0,-22.0,-17.0,model likes less,11.35,153.6,13.0
2020,WR,Tyler Boyd,CIN,middle picks,28.0,13.0,24.0,15.0,4.0,model likes more,14.71,192.64,15.0
2020,WR,Courtland Sutton,DEN,middle picks,23.0,20.0,52.0,3.0,-29.0,model likes more,13.69,9.6,1.0
2020,WR,John Brown,BUF,late picks,40.0,44.0,44.0,-4.0,-4.0,model likes less,11.11,96.8,9.0
2020,WR,A.J. Brown,TEN,middle picks,18.0,4.0,11.0,14.0,7.0,model likes more,16.6,247.5,14.0
2020,WR,Stefon Diggs,BUF,middle picks,27.0,17.0,3.0,10.0,24.0,model likes more,14.42,328.6,16.0
2020,WR,Davante Adams,GB,early picks,2.0,2.0,1.0,0.0,1.0,model likes more,17.64,358.4,14.0
2020,WR,Michael Gallup,DAL,middle picks,30.0,33.0,29.0,-3.0,1.0,model likes less,12.45,173.3,16.0
2020,WR,Odell Beckham Jr.,CLE,early picks,13.0,8.0,45.0,5.0,-32.0,model likes more,15.29,86.82,7.0
2020,WR,Jamison Crowder,NYJ,late picks,36.0,29.0,30.0,7.0,6.0,model likes more,12.6,172.02,12.0
2020,WR,Calvin Ridley,ATL,early picks,17.0,37.0,5.0,-20.0,12.0,model likes less,12.15,281.5,15.0
2020,WR,Marvin Jones,DET,middle picks,33.0,43.0,17.0,-10.0,16.0,model likes less,11.25,227.8,16.0
2020,WR,Terry McLaurin,WAS,middle picks,20.0,19.0,19.0,1.0,1.0,model likes less,13.99,223.8,15.0
2020,WR,Emmanuel Sanders,NO,late picks,43.0,45.0,32.0,-2.0,11.0,model likes less,10.58,164.8,14.0
2020,WR,Deebo Samuel Sr.,SF,late picks,41.0,24.0,48.0,17.0,-7.0,model likes more,13.44,80.7,7.0
2020,WR,Tyreek Hill,KC,early picks,4.0,6.0,2.0,-2.0,2.0,model likes more,16.11,328.9,15.0
2020,WR,DK Metcalf,SEA,middle picks,24.0,18.0,6.0,6.0,18.0,model likes more,14.25,271.3,16.0
2020,WR,Curtis Samuel,CAR,late picks,49.0,47.0,21.0,2.0,28.0,model likes more,10.09,212.1,15.0
2020,WR,Darius Slayton,NYG,late picks,44.0,38.0,39.0,6.0,5.0,model likes more,12.07,141.0,16.0
2020,WR,Christian Kirk,ARI,late picks,38.0,27.0,37.0,11.0,1.0,model likes more,12.9,146.4,14.0
2020,WR,Diontae Johnson,PIT,late picks,37.0,40.0,20.0,-3.0,17.0,model likes less,11.67,223.8,15.0
2020,WR,Robbie Chosen,CAR,late picks,50.0,48.0,18.0,2.0,32.0,model likes more,9.9,224.1,16.0
2020,WR,Mike Williams,LAC,late picks,47.0,36.0,35.0,11.0,12.0,model likes more,12.18,153.7,14.0
2020,WR,Golden Tate,NYG,late picks,46.0,25.0,46.0,21.0,0.0,model likes more,13.21,86.52,12.0
2020,WR,Marquise Brown,BAL,middle picks,31.0,32.0,28.0,-1.0,3.0,model likes less,12.52,183.0,16.0
2020,WR,Sterling Shepard,NYG,late picks,39.0,42.0,34.0,-3.0,5.0,model likes less,11.31,162.5,12.0
2020,WR,Breshad Perriman,NYJ,late picks,52.0,52.0,42.0,0.0,10.0,model likes more,8.05,99.1,12.0
2020,WR,Will Fuller,HOU,middle picks,34.0,26.0,26.0,8.0,8.0,model likes more,13.02,188.9,11.0
2020,WR,Anthony Miller,CHI,late picks,42.0,50.0,41.0,-8.0,1.0,model likes less,8.91,108.7,16.0
2020,WR,T.Y. Hilton,IND,middle picks,26.0,30.0,33.0,-4.0,-7.0,model likes less,12.54,164.2,15.0
2020,WR,Mecole Hardman,KC,late picks,48.0,49.0,40.0,-1.0,8.0,model likes less,9.01,130.1,16.0
2020,WR,Brandin Cooks,HOU,late picks,35.0,39.0,16.0,-4.0,19.0,model likes less,11.83,232.0,15.0
2020,WR,Adam Thielen,MIN,early picks,12.0,34.0,9.0,-22.0,3.0,model likes less,12.32,254.0,15.0
2020,WR,JuJu Smith-Schuster,PIT,early picks,10.0,16.0,15.0,-6.0,-5.0,model likes less,14.48,234.1,16.0
2020,WR,Allen Lazard,GB,late picks,51.0,51.0,43.0,0.0,8.0,model likes more,8.18,97.8,10.0
2020,WR,Preston Williams,MIA,late picks,45.0,46.0,49.0,-1.0,-4.0,model likes less,10.41,74.8,8.0
2021,WR,Davante Adams,GB,early picks,1.0,1.0,2.0,0.0,-1.0,model likes more,18.28,344.3,16.0
2021,WR,Tyreek Hill,KC,early picks,2.0,4.0,5.0,-2.0,-3.0,model likes more,16.23,296.5,17.0
2021,WR,Stefon Diggs,BUF,early picks,3.0,9.0,6.0,-6.0,-3.0,model likes less,15.78,285.5,17.0
2021,WR,DeAndre Hopkins,ARI,early picks,4.0,8.0,33.0,-4.0,-29.0,model likes less,15.88,147.2,10.0
2021,WR,Calvin Ridley,ATL,early picks,5.0,10.0,49.0,-5.0,-44.0,model likes less,15.34,71.1,5.0
2021,WR,Justin Jefferson,MIN,early picks,6.0,2.0,4.0,4.0,2.0,model likes more,17.98,330.4,17.0
2021,WR,DK Metcalf,SEA,early picks,7.0,7.0,11.0,0.0,-4.0,model likes more,15.89,244.3,17.0
2021,WR,Tyler Lockett,SEA,middle picks,19.0,21.0,13.0,-2.0,6.0,model likes more,13.82,241.4,16.0
2021,WR,Allen Robinson,CHI,early picks,10.0,16.0,44.0,-6.0,-34.0,model likes less,14.24,87.0,12.0
2021,WR,Adam Thielen,MIN,middle picks,23.0,38.0,23.0,-15.0,0.0,model likes less,11.68,199.8,13.0
2021,WR,Mike Evans,TB,early picks,16.0,11.0,8.0,5.0,8.0,model likes more,14.78,262.5,16.0
2021,WR,A.J. Brown,TEN,early picks,8.0,5.0,26.0,3.0,-18.0,model likes more,16.11,180.9,13.0
2021,WR,Keenan Allen,LAC,early picks,9.0,19.0,9.0,-10.0,0.0,model likes less,13.9,257.8,16.0
2021,WR,Robert Woods,LA,early picks,13.0,30.0,36.0,-17.0,-23.0,model likes less,12.66,137.2,9.0
2021,WR,Amari Cooper,DAL,early picks,14.0,18.0,22.0,-4.0,-8.0,model likes less,14.02,202.5,15.0
2021,WR,JuJu Smith-Schuster,PIT,middle picks,27.0,35.0,50.0,-8.0,-23.0,model likes less,11.88,34.8,5.0
2021,WR,Brandin Cooks,HOU,middle picks,31.0,37.0,17.0,-6.0,14.0,model likes more,11.72,231.8,16.0
2021,WR,Marvin Jones,JAX,late picks,42.0,39.0,27.0,3.0,15.0,model likes less,11.5,180.2,17.0
2021,WR,Robbie Chosen,CAR,middle picks,29.0,36.0,35.0,-7.0,-6.0,model likes less,11.78,138.5,17.0
2021,WR,Diontae Johnson,PIT,middle picks,20.0,33.0,7.0,-13.0,13.0,model likes less,12.14,274.4,16.0
2021,WR,Terry McLaurin,WAS,early picks,11.0,13.0,21.0,-2.0,-10.0,model likes more,14.53,213.5,17.0
2021,WR,CeeDee Lamb,DAL,early picks,12.0,22.0,16.0,-10.0,-4.0,model likes less,13.59,232.8,16.0
2021,WR,Chase Claypool,PIT,middle picks,25.0,17.0,29.0,8.0,-4.0,model likes more,14.21,166.6,15.0
2021,WR,Curtis Samuel,WAS,late picks,39.0,48.0,52.0,-9.0,-13.0,model likes less,9.64,9.8,5.0
2021,WR,DJ Moore,CAR,early picks,18.0,6.0,15.0,12.0,3.0,model likes more,15.93,237.5,17.0
2021,WR,Cooper Kupp,LA,early picks,17.0,20.0,1.0,-3.0,16.0,model likes less,13.83,439.5,17.0
2021,WR,Cole Beasley,BUF,late picks,51.0,46.0,31.0,5.0,20.0,model likes more,10.07,159.3,16.0
2021,WR,Tee Higgins,CIN,middle picks,22.0,14.0,20.0,8.0,2.0,model likes more,14.47,219.1,14.0
2021,WR,Tyler Boyd,CIN,middle picks,30.0,28.0,25.0,2.0,5.0,model likes more,12.97,183.84,16.0
2021,WR,Corey Davis,NYJ,middle picks,33.0,42.0,41.0,-9.0,-8.0,model likes less,10.87,105.2,9.0
2021,WR,Chris Godwin Jr.,TB,early picks,15.0,3.0,12.0,12.0,3.0,model likes more,16.25,242.4,14.0
2021,WR,Will Fuller,MIA,middle picks,36.0,43.0,53.0,-7.0,-17.0,model likes less,10.67,8.6,2.0
2021,WR,Jarvis Landry,CLE,late picks,38.0,29.0,37.0,9.0,1.0,model likes more,12.76,133.0,12.0
2021,WR,Brandon Aiyuk,SF,middle picks,24.0,15.0,28.0,9.0,-4.0,model likes more,14.28,170.3,17.0
2021,WR,Marquise Brown,BAL,late picks,48.0,24.0,18.0,24.0,30.0,model likes more,13.3,228.3,16.0
2021,WR,Russell Gage,ATL,late picks,49.0,49.0,30.0,0.0,19.0,model likes less,9.6,163.0,13.0
2021,WR,Michael Gallup,DAL,late picks,41.0,25.0,43.0,16.0,-2.0,model likes more,13.2,91.5,9.0
2021,WR,DeVante Parker,MIA,late picks,47.0,31.0,42.0,16.0,5.0,model likes more,12.36,103.5,9.0
2021,WR,Sterling Shepard,NYG,late picks,54.0,34.0,48.0,20.0,6.0,model likes more,12.01,77.7,7.0
2021,WR,Jerry Jeudy,DEN,middle picks,28.0,32.0,45.0,-4.0,-17.0,model likes more,12.3,85.0,10.0
2021,WR,Laviska Shenault Jr.,JAX,middle picks,34.0,40.0,39.0,-6.0,-5.0,model likes more,11.46,127.0,16.0
2021,WR,Mike Williams,LAC,late picks,40.0,41.0,10.0,-1.0,30.0,model likes less,10.9,246.6,16.0
2021,WR,DJ Chark,JAX,late picks,37.0,26.0,51.0,11.0,-14.0,model likes more,13.11,34.4,3.0
2021,WR,Darnell Mooney,CHI,late picks,45.0,44.0,19.0,1.0,26.0,model likes less,10.47,219.7,17.0
2021,WR,Julio Jones,TEN,middle picks,21.0,23.0,47.0,-2.0,-26.0,model likes more,13.33,80.4,10.0
2021,WR,Jakobi Meyers,NE,late picks,50.0,50.0,24.0,0.0,26.0,model likes less,9.46,186.3,16.0
2021,WR,Mecole Hardman,KC,late picks,52.0,47.0,34.0,5.0,18.0,model likes more,9.95,140.9,17.0
2021,WR,Antonio Brown,TB,middle picks,35.0,45.0,40.0,-10.0,-5.0,model likes less,10.18,121.1,7.0
2021,WR,Michael Pittman,IND,late picks,43.0,51.0,14.0,-8.0,29.0,model likes less,9.24,238.6,17.0
2021,WR,Odell Beckham Jr.,CLE,middle picks,26.0,53.0,38.0,-27.0,-12.0,model likes less,8.64,129.1,14.0
2021,WR,Henry Ruggs III,LV,late picks,53.0,52.0,46.0,1.0,7.0,model likes less,8.97,84.5,7.0
2021,WR,Michael Thomas,NO,late picks,44.0,12.0,54.0,32.0,-10.0,model likes more,14.58,0.0,
2021,WR,Deebo Samuel Sr.,SF,middle picks,32.0,27.0,3.0,5.0,29.0,model likes more,13.11,338.96,16.0
2021,WR,Marquez Callaway,NO,late picks,46.0,54.0,32.0,-8.0,14.0,model likes less,7.14,151.8,17.0
2022,WR,Cooper Kupp,LA,early picks,2.0,4.0,22.0,-2.0,-20.0,model likes less,18.74,201.4,9.0
2022,WR,Davante Adams,LV,early picks,5.0,1.0,3.0,4.0,2.0,model likes more,19.97,335.5,17.0
2022,WR,Deebo Samuel Sr.,SF,early picks,11.0,3.0,30.0,8.0,-19.0,model likes more,19.21,168.4,13.0
2022,WR,Justin Jefferson,MIN,early picks,1.0,5.0,1.0,-4.0,0.0,model likes less,18.52,368.66,17.0
2022,WR,Ja'Marr Chase,CIN,early picks,3.0,2.0,11.0,1.0,-8.0,model likes more,19.53,242.4,12.0
2022,WR,Tyreek Hill,MIA,early picks,7.0,6.0,2.0,1.0,5.0,model likes more,16.61,341.2,17.0
2022,WR,Stefon Diggs,BUF,early picks,4.0,7.0,4.0,-3.0,0.0,model likes less,16.2,316.6,16.0
2022,WR,Diontae Johnson,PIT,early picks,15.0,13.0,25.0,2.0,-10.0,model likes more,15.34,180.7,17.0
2022,WR,Mike Evans,TB,early picks,8.0,21.0,17.0,-13.0,-9.0,model likes less,13.68,225.4,15.0
2022,WR,Hunter Renfrow,LV,middle picks,33.0,34.0,47.0,-1.0,-14.0,model likes more,11.84,79.0,10.0
2022,WR,Keenan Allen,LAC,early picks,9.0,18.0,32.0,-9.0,-23.0,model likes less,14.31,164.0,10.0
2022,WR,Jaylen Waddle,MIA,early picks,16.0,9.0,8.0,7.0,8.0,model likes more,15.89,259.2,17.0
2022,WR,Mike Williams,LAC,middle picks,18.0,25.0,27.0,-7.0,-9.0,model likes less,13.24,176.5,13.0
2022,WR,DK Metcalf,SEA,middle picks,22.0,8.0,16.0,14.0,6.0,model likes more,16.14,226.8,17.0
2022,WR,Chris Godwin Jr.,TB,middle picks,28.0,10.0,18.0,18.0,10.0,model likes more,15.58,222.8,15.0
2022,WR,Tyler Lockett,SEA,late picks,38.0,20.0,13.0,18.0,25.0,model likes more,13.86,239.3,16.0
2022,WR,Michael Pittman,IND,early picks,10.0,28.0,20.0,-18.0,-10.0,model likes less,12.76,216.5,16.0
2022,WR,DJ Moore,CAR,early picks,14.0,16.0,23.0,-2.0,-9.0,model likes less,14.49,199.1,17.0
2022,WR,CeeDee Lamb,DAL,early picks,6.0,12.0,5.0,-6.0,1.0,model likes less,15.36,301.6,17.0
2022,WR,Brandin Cooks,HOU,middle picks,20.0,22.0,36.0,-2.0,-16.0,model likes less,13.58,145.6,13.0
2022,WR,Marquise Brown,ARI,middle picks,23.0,24.0,34.0,-1.0,-11.0,model likes more,13.25,156.0,12.0
2022,WR,Amon-Ra St. Brown,DET,middle picks,25.0,15.0,7.0,10.0,18.0,model likes more,14.91,267.6,16.0
2022,WR,Darnell Mooney,CHI,middle picks,24.0,30.0,43.0,-6.0,-19.0,model likes less,12.56,101.5,11.0
2022,WR,Tee Higgins,CIN,early picks,13.0,14.0,19.0,-1.0,-6.0,model likes more,15.26,220.9,14.0
2022,WR,Terry McLaurin,WAS,middle picks,19.0,19.0,14.0,0.0,5.0,model likes more,13.95,229.0,17.0
2022,WR,Christian Kirk,JAX,late picks,36.0,42.0,12.0,-6.0,24.0,model likes less,10.76,241.9,17.0
2022,WR,Amari Cooper,CLE,middle picks,29.0,29.0,10.0,0.0,19.0,model likes more,12.75,246.0,17.0
2022,WR,Adam Thielen,MIN,middle picks,32.0,32.0,26.0,0.0,6.0,model likes more,12.49,180.0,17.0
2022,WR,Jakobi Meyers,NE,late picks,44.0,33.0,24.0,11.0,20.0,model likes more,12.35,182.3,14.0
2022,WR,DeVonta Smith,PHI,late picks,35.0,26.0,9.0,9.0,26.0,model likes more,12.96,256.6,17.0
2022,WR,Tyler Boyd,CIN,late picks,43.0,31.0,31.0,12.0,12.0,model likes more,12.54,167.12,16.0
2022,WR,A.J. Brown,PHI,early picks,12.0,11.0,6.0,1.0,6.0,model likes more,15.37,299.6,17.0
2022,WR,Brandon Aiyuk,SF,late picks,34.0,17.0,15.0,17.0,19.0,model likes more,14.47,227.8,17.0
2022,WR,Chase Claypool,PIT,late picks,42.0,23.0,41.0,19.0,1.0,model likes more,13.25,105.04,15.0
2022,WR,Russell Gage,TB,late picks,45.0,36.0,37.0,9.0,8.0,model likes more,11.54,123.6,13.0
2022,WR,Courtland Sutton,DEN,middle picks,17.0,47.0,33.0,-30.0,-16.0,model likes less,9.81,159.4,15.0
2022,WR,DeAndre Hopkins,ARI,late picks,40.0,41.0,35.0,-1.0,5.0,model likes less,11.01,151.7,9.0
2022,WR,Allen Lazard,GB,late picks,37.0,45.0,28.0,-8.0,9.0,model likes less,10.29,174.8,15.0
2022,WR,Elijah Moore,NYJ,middle picks,31.0,27.0,44.0,4.0,-13.0,model likes more,12.76,88.1,14.0
2022,WR,Robert Woods,TEN,late picks,39.0,46.0,39.0,-7.0,0.0,model likes less,10.25,117.7,17.0
2022,WR,Jarvis Landry,NO,late picks,48.0,40.0,48.0,8.0,0.0,model likes more,11.07,60.2,9.0
2022,WR,Gabe Davis,BUF,middle picks,30.0,48.0,29.0,-18.0,1.0,model likes less,9.65,171.6,15.0
2022,WR,Rondale Moore,ARI,late picks,47.0,38.0,45.0,9.0,2.0,model likes more,11.38,87.9,8.0
2022,WR,DeVante Parker,NE,late picks,46.0,50.0,42.0,-4.0,4.0,model likes less,9.47,102.9,12.0
2022,WR,Rashod Bateman,BAL,middle picks,26.0,35.0,50.0,-9.0,-24.0,model likes less,11.58,53.5,6.0
2022,WR,Michael Gallup,DAL,late picks,50.0,43.0,40.0,7.0,10.0,model likes less,10.72,105.4,14.0
2022,WR,Allen Robinson,LA,middle picks,21.0,44.0,46.0,-23.0,-25.0,model likes less,10.47,84.9,10.0
2022,WR,Marquez Valdes-Scantling,KC,late picks,49.0,49.0,38.0,0.0,11.0,model likes less,9.53,122.4,17.0
2022,WR,Jerry Jeudy,DEN,middle picks,27.0,39.0,21.0,-12.0,6.0,model likes less,11.26,204.2,15.0
2022,WR,Kadarius Toney,NYG,late picks,41.0,37.0,49.0,4.0,-8.0,model likes less,11.46,59.3,9.0
2023,WR,Justin Jefferson,MIN,early picks,1.0,1.0,27.0,0.0,-26.0,model likes more,19.23,202.2,10.0
2023,WR,Tyreek Hill,MIA,early picks,3.0,4.0,2.0,-1.0,1.0,model likes less,17.81,376.4,16.0
2023,WR,Davante Adams,LV,early picks,9.0,3.0,9.0,6.0,0.0,model likes more,18.09,265.4,17.0
2023,WR,Stefon Diggs,BUF,early picks,5.0,10.0,8.0,-5.0,-3.0,model likes less,16.73,273.8,17.0
2023,WR,CeeDee Lamb,DAL,early picks,6.0,6.0,1.0,0.0,5.0,model likes more,17.37,403.2,17.0
2023,WR,A.J. Brown,PHI,early picks,8.0,9.0,4.0,-1.0,4.0,model likes less,16.78,289.6,17.0
2023,WR,Amon-Ra St. Brown,DET,early picks,7.0,11.0,3.0,-4.0,4.0,model likes less,16.11,330.9,16.0
2023,WR,Jaylen Waddle,MIA,early picks,11.0,7.0,28.0,4.0,-17.0,model likes more,17.14,198.6,14.0
2023,WR,DeVonta Smith,PHI,early picks,13.0,14.0,17.0,-1.0,-4.0,model likes less,14.71,227.6,16.0
2023,WR,Amari Cooper,CLE,early picks,17.0,20.0,18.0,-3.0,-1.0,model likes less,13.8,227.0,15.0
2023,WR,Ja'Marr Chase,CIN,early picks,2.0,2.0,10.0,0.0,-8.0,model likes more,18.47,262.72,16.0
2023,WR,Christian Kirk,JAX,middle picks,29.0,24.0,36.0,5.0,-7.0,model likes more,13.63,150.26,12.0
2023,WR,Tyler Lockett,SEA,middle picks,25.0,29.0,26.0,-4.0,-1.0,model likes less,12.76,202.4,17.0
2023,WR,Terry McLaurin,WAS,middle picks,26.0,27.0,25.0,-1.0,1.0,model likes less,12.87,203.2,17.0
2023,WR,Brandon Aiyuk,SF,middle picks,27.0,25.0,13.0,2.0,14.0,model likes more,13.53,249.2,16.0
2023,WR,DK Metcalf,SEA,early picks,16.0,17.0,19.0,-1.0,-3.0,model likes less,14.12,225.4,16.0
2023,WR,Mike Evans,TB,middle picks,32.0,23.0,6.0,9.0,26.0,model likes more,13.65,282.5,17.0
2023,WR,Chris Godwin Jr.,TB,middle picks,19.0,15.0,23.0,4.0,-4.0,model likes more,14.69,209.2,17.0
2023,WR,Tee Higgins,CIN,early picks,15.0,12.0,39.0,3.0,-24.0,model likes more,15.35,137.6,12.0
2023,WR,Michael Pittman,IND,middle picks,31.0,22.0,12.0,9.0,19.0,model likes more,13.69,252.2,16.0
2023,WR,Garrett Wilson,NYJ,early picks,10.0,16.0,22.0,-6.0,-12.0,model likes less,14.69,213.2,17.0
2023,WR,Jerry Jeudy,DEN,middle picks,34.0,33.0,38.0,1.0,-4.0,model likes less,12.13,141.8,16.0
2023,WR,Cooper Kupp,LA,early picks,4.0,5.0,33.0,-1.0,-29.0,model likes less,17.74,164.4,12.0
2023,WR,DJ Moore,CHI,middle picks,20.0,28.0,5.0,-8.0,15.0,model likes less,12.8,286.5,17.0
2023,WR,Chris Olave,NO,early picks,12.0,13.0,15.0,-1.0,-3.0,model likes less,14.92,231.3,16.0
2023,WR,Zay Jones,JAX,late picks,48.0,39.0,46.0,9.0,2.0,model likes more,10.86,78.1,9.0
2023,WR,JuJu Smith-Schuster,NE,late picks,40.0,34.0,48.0,6.0,-8.0,model likes more,12.13,61.0,11.0
2023,WR,Jakobi Meyers,LV,late picks,43.0,41.0,21.0,2.0,22.0,model likes more,10.6,218.58,16.0
2023,WR,Diontae Johnson,PIT,middle picks,23.0,19.0,35.0,4.0,-12.0,model likes more,14.05,152.7,13.0
2023,WR,Adam Thielen,CAR,late picks,52.0,47.0,16.0,5.0,36.0,model likes more,9.13,231.0,17.0
2023,WR,Drake London,ATL,middle picks,22.0,18.0,31.0,4.0,-9.0,model likes more,14.1,174.38,16.0
2023,WR,Mike Williams,LAC,middle picks,28.0,30.0,51.0,-2.0,-23.0,model likes less,12.72,50.2,3.0
2023,WR,Allen Lazard,NYJ,late picks,46.0,45.0,49.0,1.0,-3.0,model likes more,10.17,60.1,14.0
2023,WR,Gabe Davis,BUF,late picks,38.0,35.0,34.0,3.0,4.0,model likes more,12.0,161.4,16.0
2023,WR,Deebo Samuel Sr.,SF,middle picks,18.0,8.0,14.0,10.0,4.0,model likes more,16.85,243.7,15.0
2023,WR,Tyler Boyd,CIN,late picks,49.0,37.0,37.0,12.0,12.0,model likes more,10.98,144.8,17.0
2023,WR,George Pickens,PIT,late picks,35.0,36.0,24.0,-1.0,11.0,model likes less,11.54,208.8,17.0
2023,WR,Christian Watson,GB,middle picks,24.0,31.0,44.0,-7.0,-20.0,model likes less,12.51,101.3,9.0
2023,WR,Keenan Allen,LAC,early picks,14.0,32.0,7.0,-18.0,7.0,model likes less,12.14,278.86,13.0
2023,WR,Courtland Sutton,DEN,late picks,36.0,46.0,29.0,-10.0,7.0,model likes less,9.9,190.2,16.0
2023,WR,Marquise Brown,ARI,middle picks,30.0,26.0,40.0,4.0,-10.0,model likes more,13.05,134.7,13.0
2023,WR,DeAndre Hopkins,TEN,middle picks,21.0,21.0,20.0,0.0,1.0,model likes less,13.74,223.6,17.0
2023,WR,Brandin Cooks,DAL,late picks,37.0,40.0,32.0,-3.0,5.0,model likes less,10.79,173.2,16.0
2023,WR,Jahan Dotson,WAS,middle picks,33.0,38.0,42.0,-5.0,-9.0,model likes less,10.89,124.8,17.0
2023,WR,Romeo Doubs,GB,late picks,47.0,48.0,30.0,-1.0,17.0,model likes less,9.11,174.4,17.0
2023,WR,Darnell Mooney,CHI,late picks,51.0,42.0,45.0,9.0,6.0,model likes more,10.53,78.9,14.0
2023,WR,Nico Collins,HOU,late picks,45.0,52.0,11.0,-7.0,34.0,model likes less,8.42,260.4,15.0
2023,WR,Elijah Moore,CLE,late picks,41.0,50.0,41.0,-9.0,0.0,model likes less,9.02,132.1,16.0
2023,WR,Treylon Burks,TEN,late picks,39.0,43.0,52.0,-4.0,-13.0,model likes less,10.38,39.9,9.0
2023,WR,Rondale Moore,ARI,late picks,50.0,44.0,43.0,6.0,7.0,model likes more,10.26,105.0,17.0
2023,WR,Rashod Bateman,BAL,late picks,44.0,49.0,47.0,-5.0,-3.0,model likes less,9.03,76.5,15.0
2023,WR,Skyy Moore,KC,late picks,42.0,51.0,50.0,-9.0,-8.0,model likes less,8.62,53.7,13.0
2024,WR,CeeDee Lamb,DAL,early picks,1.0,1.0,6.0,0.0,-5.0,model likes more,19.8,263.4,15.0
2024,WR,Tyreek Hill,MIA,early picks,2.0,2.0,15.0,0.0,-13.0,model likes more,19.38,218.2,17.0
2024,WR,Amon-Ra St. Brown,DET,early picks,3.0,5.0,3.0,-2.0,0.0,model likes less,17.74,316.18,17.0
2024,WR,Puka Nacua,LA,early picks,8.0,4.0,22.0,4.0,-14.0,model likes more,18.19,206.6,11.0
2024,WR,A.J. Brown,PHI,early picks,6.0,7.0,17.0,-1.0,-11.0,model likes less,16.96,216.9,13.0
2024,WR,DJ Moore,CHI,middle picks,21.0,21.0,13.0,0.0,8.0,model likes more,14.07,238.1,17.0
2024,WR,Mike Evans,TB,early picks,14.0,19.0,11.0,-5.0,3.0,model likes less,14.35,240.4,14.0
2024,WR,Keenan Allen,CHI,middle picks,33.0,11.0,27.0,22.0,6.0,model likes more,15.33,184.4,15.0
2024,WR,Stefon Diggs,HOU,middle picks,22.0,9.0,40.0,13.0,-18.0,model likes more,15.52,121.92,8.0
2024,WR,Davante Adams,LV,early picks,9.0,8.0,9.0,1.0,0.0,model likes more,15.92,241.3,14.0
2024,WR,Ja'Marr Chase,CIN,early picks,4.0,6.0,1.0,-2.0,3.0,model likes less,17.37,403.0,17.0
2024,WR,Nico Collins,HOU,early picks,16.0,15.0,20.0,1.0,-4.0,model likes more,14.58,210.6,12.0
2024,WR,Michael Pittman,IND,early picks,15.0,18.0,31.0,-3.0,-16.0,model likes less,14.4,165.8,16.0
2024,WR,Brandon Aiyuk,SF,early picks,17.0,10.0,51.0,7.0,-34.0,model likes more,15.4,62.4,7.0
2024,WR,Deebo Samuel Sr.,SF,middle picks,18.0,16.0,33.0,2.0,-15.0,model likes more,14.52,155.6,15.0
2024,WR,Chris Olave,NO,early picks,11.0,17.0,46.0,-6.0,-35.0,model likes less,14.5,76.7,8.0
2024,WR,Calvin Ridley,TEN,middle picks,34.0,33.0,24.0,1.0,10.0,model likes more,12.18,199.2,17.0
2024,WR,DeVonta Smith,PHI,middle picks,19.0,20.0,23.0,-1.0,-4.0,model likes less,14.21,199.4,13.0
2024,WR,Amari Cooper,CLE,middle picks,23.0,27.0,39.0,-4.0,-16.0,model likes less,13.39,122.7,13.0
2024,WR,DK Metcalf,SEA,middle picks,20.0,25.0,26.0,-5.0,-6.0,model likes less,13.61,191.2,15.0
2024,WR,DeAndre Hopkins,TEN,late picks,37.0,32.0,35.0,5.0,2.0,model likes more,12.7,147.0,16.0
2024,WR,Jordan Addison,MIN,late picks,41.0,23.0,18.0,18.0,23.0,model likes more,13.94,212.5,15.0
2024,WR,Jakobi Meyers,LV,late picks,43.0,38.0,16.0,5.0,27.0,model likes more,11.32,218.0,15.0
2024,WR,Jayden Reed,GB,late picks,35.0,28.0,25.0,7.0,10.0,model likes more,13.26,197.0,17.0
2024,WR,Garrett Wilson,NYJ,early picks,7.0,26.0,8.0,-19.0,-1.0,model likes less,13.41,251.9,17.0
2024,WR,Rashee Rice,KC,middle picks,24.0,24.0,49.0,0.0,-25.0,model likes more,13.77,64.9,4.0
2024,WR,Chris Godwin Jr.,TB,middle picks,31.0,29.0,37.0,2.0,-6.0,model likes more,13.13,137.8,7.0
2024,WR,George Pickens,PIT,middle picks,28.0,31.0,32.0,-3.0,-4.0,model likes less,12.94,164.4,14.0
2024,WR,Zay Flowers,BAL,middle picks,26.0,22.0,21.0,4.0,5.0,model likes more,13.99,209.5,17.0
2024,WR,Terry McLaurin,WAS,middle picks,25.0,34.0,5.0,-9.0,20.0,model likes less,12.05,267.8,17.0
2024,WR,Tyler Lockett,SEA,late picks,42.0,37.0,41.0,5.0,1.0,model likes more,11.76,121.0,17.0
2024,WR,Justin Jefferson,MIN,early picks,5.0,3.0,2.0,2.0,3.0,model likes more,18.28,317.48,17.0
2024,WR,Jaylen Waddle,MIA,early picks,12.0,12.0,34.0,0.0,-22.0,model likes more,15.23,149.6,15.0
2024,WR,Courtland Sutton,DEN,late picks,38.0,46.0,12.0,-8.0,26.0,model likes less,10.12,240.3,16.0
2024,WR,Romeo Doubs,GB,late picks,46.0,45.0,38.0,1.0,8.0,model likes less,10.28,132.1,13.0
2024,WR,Drake London,ATL,early picks,10.0,36.0,4.0,-26.0,6.0,model likes less,11.91,280.8,17.0
2024,WR,Brandin Cooks,DAL,late picks,50.0,47.0,48.0,3.0,2.0,model likes more,9.96,69.6,10.0
2024,WR,Tank Dell,HOU,middle picks,30.0,13.0,36.0,17.0,-6.0,model likes more,15.2,140.0,14.0
2024,WR,Cooper Kupp,LA,early picks,13.0,14.0,30.0,-1.0,-17.0,model likes less,14.8,175.0,12.0
2024,WR,Rashid Shaheed,NO,late picks,49.0,51.0,45.0,-2.0,4.0,model likes less,8.91,81.8,6.0
2024,WR,Curtis Samuel,BUF,late picks,48.0,50.0,50.0,-2.0,-2.0,model likes less,8.97,63.7,14.0
2024,WR,Josh Downs,IND,late picks,52.0,44.0,28.0,8.0,24.0,model likes more,10.56,183.5,14.0
2024,WR,Diontae Johnson,CAR,middle picks,32.0,48.0,44.0,-16.0,-12.0,model likes less,9.84,89.1,11.0
2024,WR,Christian Kirk,JAX,middle picks,29.0,35.0,47.0,-6.0,-18.0,model likes less,11.99,70.9,8.0
2024,WR,Jaxon Smith-Njigba,SEA,late picks,36.0,40.0,7.0,-4.0,29.0,model likes less,11.01,253.0,17.0
2024,WR,Jerry Jeudy,CLE,late picks,51.0,41.0,10.0,10.0,41.0,model likes more,10.91,240.9,17.0
2024,WR,Tee Higgins,CIN,middle picks,27.0,30.0,14.0,-3.0,13.0,model likes less,12.96,222.1,12.0
2024,WR,Marquise Brown,KC,late picks,40.0,42.0,52.0,-2.0,-12.0,model likes less,10.81,18.1,2.0
2024,WR,Khalil Shakir,BUF,late picks,47.0,52.0,29.0,-5.0,18.0,model likes less,8.26,182.5,15.0
2024,WR,Josh Palmer,LAC,late picks,45.0,43.0,42.0,2.0,3.0,model likes more,10.77,107.4,15.0
2024,WR,Christian Watson,GB,late picks,39.0,39.0,43.0,0.0,-4.0,model likes less,11.15,105.3,14.0
2024,WR,Jameson Williams,DET,late picks,44.0,49.0,19.0,-5.0,25.0,model likes less,9.19,212.2,15.0
2025,WR,Ja'Marr Chase,CIN,early picks,1.0,1.0,4.0,0.0,-3.0,model likes less,18.71,313.6,16.0
2025,WR,Justin Jefferson,MIN,early picks,3.0,4.0,18.0,-1.0,-15.0,model likes less,17.95,201.5,17.0
2025,WR,Amon-Ra St. Brown,DET,early picks,5.0,5.0,3.0,0.0,2.0,model likes less,17.83,324.0,17.0
2025,WR,Brian Thomas Jr.,JAX,early picks,9.0,7.0,31.0,2.0,-22.0,model likes more,16.74,138.8,14.0
2025,WR,Drake London,ATL,early picks,8.0,13.0,16.0,-5.0,-8.0,model likes less,14.66,201.9,12.0
2025,WR,Malik Nabers,NYG,early picks,4.0,3.0,48.0,1.0,-44.0,model likes more,18.15,57.1,4.0
2025,WR,Terry McLaurin,WAS,middle picks,19.0,24.0,37.0,-5.0,-18.0,model likes less,12.69,114.2,10.0
2025,WR,CeeDee Lamb,DAL,early picks,2.0,2.0,19.0,0.0,-17.0,model likes less,18.48,200.9,13.0
2025,WR,Jaxon Smith-Njigba,SEA,early picks,12.0,20.0,2.0,-8.0,10.0,model likes less,13.35,359.9,17.0
2025,WR,Garrett Wilson,NYJ,early picks,14.0,14.0,40.0,0.0,-26.0,model likes less,14.39,99.5,7.0
2025,WR,Davante Adams,LA,early picks,16.0,21.0,9.0,-5.0,7.0,model likes less,13.2,222.9,14.0
2025,WR,Jerry Jeudy,CLE,middle picks,31.0,34.0,35.0,-3.0,-4.0,model likes more,11.71,120.7,17.0
2025,WR,Ladd McConkey,LAC,early picks,11.0,9.0,24.0,2.0,-13.0,model likes more,15.68,180.9,16.0
2025,WR,Mike Evans,TB,early picks,17.0,16.0,43.0,1.0,-26.0,model likes more,14.02,84.8,8.0
2025,WR,Courtland Sutton,DEN,middle picks,21.0,26.0,12.0,-5.0,9.0,model likes less,12.4,219.7,17.0
2025,WR,DJ Moore,CHI,middle picks,20.0,15.0,27.0,5.0,-7.0,model likes more,14.07,172.18,17.0
2025,WR,Tee Higgins,CIN,early picks,13.0,17.0,13.0,-4.0,0.0,model likes less,13.97,211.6,15.0
2025,WR,Tyreek Hill,MIA,early picks,15.0,12.0,50.0,3.0,-35.0,model likes more,14.74,53.5,4.0
2025,WR,Jakobi Meyers,LV,middle picks,35.0,32.0,25.0,3.0,10.0,model likes more,11.77,175.8,16.0
2025,WR,A.J. Brown,PHI,early picks,10.0,8.0,10.0,2.0,0.0,model likes more,15.92,220.3,15.0
2025,WR,Jordan Addison,MIN,late picks,37.0,18.0,33.0,19.0,4.0,model likes more,13.55,135.1,14.0
2025,WR,Jameson Williams,DET,middle picks,28.0,25.0,11.0,3.0,17.0,model likes more,12.42,219.9,17.0
2025,WR,Nico Collins,HOU,early picks,6.0,10.0,8.0,-4.0,-2.0,model likes less,15.04,226.2,15.0
2025,WR,Jauan Jennings,SF,late picks,39.0,42.0,26.0,-3.0,13.0,model likes less,10.66,173.3,15.0
2025,WR,Zay Flowers,BAL,middle picks,29.0,11.0,7.0,18.0,22.0,model likes more,14.91,243.3,17.0
2025,WR,Puka Nacua,LA,early picks,7.0,6.0,1.0,1.0,6.0,model likes more,17.43,375.0,16.0
2025,WR,DeVonta Smith,PHI,middle picks,23.0,19.0,17.0,4.0,6.0,model likes more,13.43,201.8,17.0
2025,WR,Calvin Ridley,TEN,middle picks,26.0,40.0,52.0,-14.0,-26.0,model likes less,11.21,47.3,7.0
2025,WR,Jayden Reed,GB,late picks,44.0,31.0,51.0,13.0,-7.0,model likes more,12.11,48.5,5.0
2025,WR,Marvin Harrison Jr.,ARI,middle picks,18.0,23.0,34.0,-5.0,-16.0,model likes less,12.89,127.8,12.0
2025,WR,Darnell Mooney,ATL,late picks,45.0,46.0,45.0,-1.0,0.0,model likes less,9.23,82.3,15.0
2025,WR,DK Metcalf,PIT,middle picks,22.0,30.0,22.0,-8.0,0.0,model likes less,12.12,187.2,15.0
2025,WR,Xavier Worthy,KC,middle picks,24.0,22.0,38.0,2.0,-14.0,model likes more,13.06,109.9,14.0
2025,WR,Keenan Allen,LAC,late picks,53.0,28.0,23.0,25.0,30.0,model likes more,12.18,182.7,17.0
2025,WR,Josh Downs,IND,late picks,40.0,37.0,32.0,3.0,8.0,model likes more,11.52,138.4,16.0
2025,WR,Khalil Shakir,BUF,late picks,36.0,36.0,28.0,0.0,8.0,model likes less,11.68,166.4,16.0
2025,WR,Cooper Kupp,SEA,late picks,42.0,39.0,36.0,3.0,6.0,model likes more,11.27,116.3,16.0
2025,WR,Rashod Bateman,BAL,late picks,52.0,45.0,49.0,7.0,3.0,model likes more,9.75,55.4,13.0
2025,WR,Michael Pittman,IND,late picks,41.0,29.0,15.0,12.0,26.0,model likes more,12.17,202.4,17.0
2025,WR,George Pickens,DAL,middle picks,27.0,27.0,5.0,0.0,22.0,model likes more,12.18,291.9,17.0
2025,WR,Deebo Samuel Sr.,WAS,late picks,38.0,33.0,21.0,5.0,17.0,model likes more,11.74,188.2,16.0
2025,WR,Jaylen Waddle,MIA,middle picks,25.0,38.0,20.0,-13.0,5.0,model likes less,11.48,194.12,16.0
2025,WR,Rome Odunze,CHI,middle picks,32.0,43.0,30.0,-11.0,2.0,model likes less,10.6,146.1,12.0
2025,WR,Chris Godwin Jr.,TB,late picks,43.0,44.0,44.0,-1.0,-1.0,model likes less,10.27,83.0,9.0
2025,WR,Marvin Mims Jr.,DEN,late picks,51.0,48.0,41.0,3.0,10.0,model likes more,9.14,95.0,15.0
2025,WR,Stefon Diggs,NE,middle picks,33.0,50.0,14.0,-17.0,19.0,model likes less,8.56,210.3,17.0
2025,WR,Keon Coleman,BUF,late picks,46.0,35.0,39.0,11.0,7.0,model likes more,11.69,102.4,12.0
2025,WR,Ricky Pearsall,SF,middle picks,34.0,49.0,42.0,-15.0,-8.0,model likes less,8.98,88.6,9.0
2025,WR,Rashid Shaheed,NO,late picks,48.0,47.0,29.0,1.0,19.0,model likes less,9.17,156.6,18.0
2025,WR,Cedric Tillman,CLE,late picks,50.0,52.0,46.0,-2.0,4.0,model likes less,6.54,60.0,12.0
2025,WR,Chris Olave,NO,middle picks,30.0,41.0,6.0,-11.0,24.0,model likes less,10.98,268.0,16.0
2025,WR,Christian Kirk,HOU,late picks,47.0,53.0,47.0,-6.0,0.0,model likes less,6.45,57.9,11.0
2025,WR,Brandon Aiyuk,SF,late picks,49.0,51.0,53.0,-2.0,-4.0,model likes less,7.38,0.0,
2020,TE,Travis Kelce,KC,early picks,1.0,2.0,1.0,-1.0,0.0,model likes less,14.95,312.76,15.0
2020,TE,George Kittle,SF,early picks,2.0,1.0,13.0,1.0,-11.0,model likes more,15.08,125.1,8.0
2020,TE,Darren Waller,LV,early picks,5.0,6.0,2.0,-1.0,3.0,model likes less,11.0,278.6,16.0
2020,TE,Zach Ertz,PHI,early picks,4.0,3.0,16.0,1.0,-12.0,model likes more,13.07,77.5,11.0
2020,TE,Mark Andrews,BAL,early picks,3.0,4.0,4.0,-1.0,-1.0,model likes less,12.53,170.1,14.0
2020,TE,Austin Hooper,CLE,middle picks,10.0,11.0,15.0,-1.0,-5.0,model likes less,8.92,113.5,13.0
2020,TE,Jared Cook,NO,middle picks,12.0,5.0,12.0,7.0,0.0,model likes more,11.69,127.4,15.0
2020,TE,Tyler Higbee,LA,middle picks,8.0,8.0,11.0,0.0,-3.0,model likes more,9.63,128.2,15.0
2020,TE,Hunter Henry,LAC,middle picks,7.0,7.0,8.0,0.0,-1.0,model likes more,10.91,145.3,14.0
2020,TE,Dallas Goedert,PHI,late picks,16.0,14.0,14.0,2.0,2.0,model likes more,8.38,116.4,11.0
2020,TE,Mike Gesicki,MIA,middle picks,11.0,17.0,5.0,-6.0,6.0,model likes less,6.61,159.3,15.0
2020,TE,Jack Doyle,IND,late picks,18.0,18.0,17.0,0.0,1.0,model likes less,6.19,64.1,13.0
2020,TE,Noah Fant,DEN,late picks,14.0,10.0,6.0,4.0,8.0,model likes more,9.22,149.3,14.0
2020,TE,Evan Engram,NYG,early picks,6.0,12.0,9.0,-6.0,-3.0,model likes less,8.72,141.0,16.0
2020,TE,Jonnu Smith,TEN,late picks,15.0,9.0,10.0,6.0,5.0,model likes more,9.26,140.2,14.0
2020,TE,Blake Jarwin,DAL,late picks,17.0,16.0,18.0,1.0,-1.0,model likes less,6.88,2.2,1.0
2020,TE,T.J. Hockenson,DET,late picks,13.0,15.0,3.0,-2.0,10.0,model likes less,8.03,175.3,16.0
2020,TE,Hayden Hurst,ATL,middle picks,9.0,13.0,7.0,-4.0,2.0,model likes less,8.66,149.1,16.0
2021,TE,Travis Kelce,KC,early picks,1.0,1.0,2.0,0.0,-1.0,model likes more,14.68,262.8,16.0
2021,TE,Darren Waller,LV,early picks,2.0,3.0,11.0,-1.0,-9.0,model likes less,13.02,133.5,11.0
2021,TE,Logan Thomas,WAS,middle picks,7.0,17.0,17.0,-10.0,-10.0,model likes less,5.99,53.6,5.0
2021,TE,Robert Tonyan,GB,middle picks,9.0,13.0,18.0,-4.0,-9.0,model likes more,8.06,50.4,8.0
2021,TE,T.J. Hockenson,DET,early picks,4.0,5.0,10.0,-1.0,-6.0,model likes less,10.3,145.3,12.0
2021,TE,Mark Andrews,BAL,early picks,5.0,2.0,1.0,3.0,4.0,model likes more,13.02,301.1,17.0
2021,TE,Mike Gesicki,MIA,middle picks,11.0,8.0,5.0,3.0,6.0,model likes more,9.39,165.0,17.0
2021,TE,Rob Gronkowski,TB,late picks,17.0,12.0,4.0,5.0,13.0,model likes more,8.24,171.2,12.0
2021,TE,Noah Fant,DEN,early picks,6.0,11.0,8.0,-5.0,-2.0,model likes less,8.48,159.0,16.0
2021,TE,Hunter Henry,NE,late picks,14.0,9.0,7.0,5.0,7.0,model likes more,8.88,164.3,16.0
2021,TE,Evan Engram,NYG,late picks,13.0,6.0,14.0,7.0,-1.0,model likes more,10.21,102.5,15.0
2021,TE,Jonnu Smith,NE,middle picks,12.0,16.0,16.0,-4.0,-4.0,model likes more,6.99,67.4,16.0
2021,TE,Tyler Higbee,LA,middle picks,10.0,10.0,9.0,0.0,1.0,model likes more,8.48,147.0,15.0
2021,TE,George Kittle,SF,early picks,3.0,4.0,3.0,-1.0,0.0,model likes less,11.77,198.0,14.0
2021,TE,Dallas Goedert,PHI,middle picks,8.0,15.0,6.0,-7.0,2.0,model likes less,7.42,165.0,15.0
2021,TE,Austin Hooper,CLE,late picks,18.0,7.0,15.0,11.0,3.0,model likes more,10.0,92.5,15.0
2021,TE,Gerald Everett,SEA,late picks,15.0,14.0,13.0,1.0,2.0,model likes less,7.51,117.8,15.0
2021,TE,Cole Kmet,CHI,late picks,16.0,18.0,12.0,-2.0,4.0,model likes less,5.57,121.2,17.0
2022,TE,Mark Andrews,BAL,early picks,2.0,2.0,4.0,0.0,-2.0,model likes more,14.39,190.5,15.0
2022,TE,Travis Kelce,KC,early picks,1.0,1.0,1.0,0.0,0.0,model likes more,14.86,316.3,17.0
2022,TE,Dalton Schultz,DAL,early picks,6.0,11.0,8.0,-5.0,-2.0,model likes less,9.83,142.7,15.0
2022,TE,George Kittle,SF,early picks,4.0,3.0,3.0,1.0,1.0,model likes more,13.49,200.5,15.0
2022,TE,Zach Ertz,ARI,middle picks,9.0,12.0,14.0,-3.0,-5.0,model likes less,9.38,115.6,10.0
2022,TE,Kyle Pitts,ATL,early picks,3.0,5.0,18.0,-2.0,-15.0,model likes less,11.54,75.6,10.0
2022,TE,Dallas Goedert,PHI,middle picks,7.0,4.0,10.0,3.0,-3.0,model likes more,12.02,141.2,12.0
2022,TE,Mike Gesicki,MIA,late picks,14.0,9.0,16.0,5.0,-2.0,model likes more,9.87,98.2,17.0
2022,TE,Hunter Henry,NE,late picks,13.0,10.0,15.0,3.0,-2.0,model likes more,9.85,103.9,16.0
2022,TE,Dawson Knox,BUF,middle picks,12.0,15.0,12.0,-3.0,0.0,model likes less,8.24,135.7,15.0
2022,TE,Noah Fant,SEA,late picks,17.0,14.0,13.0,3.0,4.0,model likes more,8.5,122.6,17.0
2022,TE,Pat Freiermuth,PIT,middle picks,11.0,8.0,6.0,3.0,5.0,model likes more,10.08,148.2,15.0
2022,TE,Tyler Higbee,LA,late picks,19.0,13.0,5.0,6.0,14.0,model likes more,9.04,152.0,16.0
2022,TE,T.J. Hockenson,DET,middle picks,8.0,7.0,2.0,1.0,6.0,model likes more,10.36,217.4,17.0
2022,TE,Darren Waller,LV,early picks,5.0,6.0,17.0,-1.0,-12.0,model likes less,11.27,84.8,8.0
2022,TE,Cole Kmet,CHI,middle picks,10.0,19.0,7.0,-9.0,3.0,model likes less,6.97,147.3,17.0
2022,TE,Gerald Everett,LAC,late picks,18.0,18.0,11.0,0.0,7.0,model likes less,7.17,139.5,15.0
2022,TE,David Njoku,CLE,late picks,16.0,17.0,9.0,-1.0,7.0,model likes less,7.35,142.0,14.0
2022,TE,Albert Okwuegbunam,DEN,late picks,15.0,16.0,19.0,-1.0,-4.0,model likes less,8.03,25.5,6.0
2023,TE,Travis Kelce,KC,early picks,1.0,1.0,2.0,0.0,-1.0,model likes more,14.85,219.4,15.0
2023,TE,T.J. Hockenson,MIN,early picks,3.0,3.0,3.0,0.0,0.0,model likes more,11.63,219.0,15.0
2023,TE,George Kittle,SF,early picks,5.0,2.0,4.0,3.0,1.0,model likes more,12.64,203.2,16.0
2023,TE,Mark Andrews,BAL,early picks,2.0,5.0,10.0,-3.0,-8.0,model likes less,10.55,135.4,10.0
2023,TE,Evan Engram,JAX,middle picks,8.0,7.0,1.0,1.0,7.0,model likes more,9.77,230.3,17.0
2023,TE,Tyler Higbee,LA,middle picks,11.0,12.0,14.0,-1.0,-3.0,model likes less,9.17,108.5,15.0
2023,TE,Pat Freiermuth,PIT,middle picks,9.0,6.0,16.0,3.0,-7.0,model likes more,10.33,76.8,11.0
2023,TE,Cole Kmet,CHI,late picks,14.0,15.0,6.0,-1.0,8.0,model likes less,8.32,181.1,16.0
2023,TE,Dalton Schultz,HOU,middle picks,12.0,9.0,7.0,3.0,5.0,model likes more,9.47,150.5,15.0
2023,TE,David Njoku,CLE,middle picks,10.0,13.0,5.0,-3.0,5.0,model likes less,8.58,201.2,16.0
2023,TE,Dallas Goedert,PHI,early picks,6.0,4.0,9.0,2.0,-3.0,model likes more,11.26,136.3,14.0
2023,TE,Gerald Everett,LAC,late picks,15.0,14.0,13.0,1.0,2.0,model likes more,8.47,111.1,15.0
2023,TE,Juwan Johnson,NO,late picks,17.0,17.0,15.0,0.0,2.0,model likes less,7.02,97.8,13.0
2023,TE,Chig Okonkwo,TEN,late picks,13.0,8.0,11.0,5.0,2.0,model likes more,9.51,113.4,17.0
2023,TE,Greg Dulcich,DEN,late picks,16.0,16.0,18.0,0.0,-2.0,model likes less,7.6,5.5,2.0
2023,TE,Darren Waller,NYG,early picks,4.0,11.0,12.0,-7.0,-8.0,model likes less,9.3,113.2,12.0
2023,TE,Kyle Pitts,ATL,middle picks,7.0,10.0,8.0,-3.0,-1.0,model likes less,9.39,137.3,17.0
2023,TE,Irv Smith,CIN,late picks,18.0,18.0,17.0,0.0,1.0,model likes less,6.05,33.5,10.0
2024,TE,Sam LaPorta,DET,early picks,1.0,1.0,5.0,0.0,-4.0,model likes more,13.95,174.6,16.0
2024,TE,Evan Engram,JAX,early picks,6.0,7.0,17.0,-1.0,-11.0,model likes more,11.08,89.5,9.0
2024,TE,Travis Kelce,KC,early picks,2.0,2.0,3.0,0.0,-1.0,model likes more,13.13,195.4,16.0
2024,TE,T.J. Hockenson,MIN,late picks,14.0,3.0,18.0,11.0,-4.0,model likes more,12.76,86.5,10.0
2024,TE,George Kittle,SF,middle picks,8.0,4.0,2.0,4.0,6.0,model likes more,12.58,236.6,15.0
2024,TE,David Njoku,CLE,middle picks,10.0,6.0,7.0,4.0,3.0,model likes more,11.17,148.5,11.0
2024,TE,Trey McBride,ARI,early picks,3.0,9.0,1.0,-6.0,2.0,model likes less,10.5,243.8,16.0
2024,TE,Cole Kmet,CHI,late picks,16.0,12.0,12.0,4.0,4.0,model likes more,9.35,120.4,16.0
2024,TE,Jake Ferguson,DAL,middle picks,9.0,11.0,14.0,-2.0,-5.0,model likes less,9.36,104.4,14.0
2024,TE,Dalton Schultz,HOU,late picks,13.0,13.0,13.0,0.0,0.0,model likes more,8.92,118.2,17.0
2024,TE,Dalton Kincaid,BUF,early picks,5.0,8.0,16.0,-3.0,-11.0,model likes less,10.88,100.8,13.0
2024,TE,Kyle Pitts,ATL,middle picks,7.0,15.0,10.0,-8.0,-3.0,model likes less,8.5,131.2,17.0
2024,TE,Dallas Goedert,PHI,middle picks,11.0,10.0,15.0,1.0,-4.0,model likes more,10.24,103.6,10.0
2024,TE,Mark Andrews,BAL,early picks,4.0,5.0,4.0,-1.0,0.0,model likes more,11.84,188.8,17.0
2024,TE,Tyler Conklin,NYJ,late picks,18.0,19.0,11.0,-1.0,7.0,model likes less,6.76,121.9,16.0
2024,TE,Hunter Henry,NE,late picks,17.0,18.0,8.0,-1.0,9.0,model likes less,6.92,145.4,16.0
2024,TE,Cade Otton,TB,late picks,19.0,17.0,9.0,2.0,10.0,model likes more,7.24,140.6,14.0
2024,TE,Pat Freiermuth,PIT,middle picks,12.0,14.0,6.0,-2.0,6.0,model likes less,8.6,170.3,17.0
2024,TE,Luke Musgrave,GB,late picks,15.0,16.0,19.0,-1.0,-4.0,model likes less,7.94,11.5,7.0
2025,TE,Brock Bowers,LV,early picks,1.0,1.0,7.0,0.0,-6.0,model likes more,13.85,176.2,12.0
2025,TE,Trey McBride,ARI,early picks,2.0,2.0,1.0,0.0,1.0,model likes more,13.08,315.9,17.0
2025,TE,George Kittle,SF,early picks,3.0,4.0,8.0,-1.0,-5.0,model likes less,12.17,161.5,11.0
2025,TE,Jonnu Smith,PIT,late picks,17.0,12.0,18.0,5.0,-1.0,model likes more,9.12,85.2,17.0
2025,TE,Travis Kelce,KC,early picks,6.0,6.0,3.0,0.0,3.0,model likes more,10.94,193.2,17.0
2025,TE,Mark Andrews,BAL,middle picks,9.0,5.0,9.0,4.0,0.0,model likes more,12.07,131.0,17.0
2025,TE,Zach Ertz,WAS,late picks,16.0,13.0,10.0,3.0,6.0,model likes more,9.03,126.4,13.0
2025,TE,Sam LaPorta,DET,early picks,5.0,3.0,15.0,2.0,-10.0,model likes more,12.89,106.9,9.0
2025,TE,Tucker Kraft,GB,middle picks,10.0,10.0,13.0,0.0,-3.0,model likes more,9.69,117.2,8.0
2025,TE,David Njoku,CLE,middle picks,7.0,8.0,17.0,-1.0,-10.0,model likes less,10.33,86.3,11.0
2025,TE,Hunter Henry,NE,late picks,15.0,16.0,6.0,-1.0,9.0,model likes less,7.95,178.8,17.0
2025,TE,Kyle Pitts,ATL,late picks,14.0,15.0,2.0,-1.0,12.0,model likes less,8.15,210.8,17.0
2025,TE,Jake Ferguson,DAL,middle picks,11.0,17.0,4.0,-6.0,7.0,model likes less,7.76,188.1,17.0
2025,TE,Dallas Goedert,PHI,late picks,13.0,9.0,5.0,4.0,8.0,model likes more,9.84,185.1,15.0
2025,TE,Dalton Kincaid,BUF,middle picks,12.0,11.0,11.0,1.0,1.0,model likes more,9.15,126.1,12.0
2025,TE,Brenton Strange,JAX,late picks,18.0,18.0,12.0,0.0,6.0,model likes less,6.31,118.0,12.0
2025,TE,Evan Engram,DEN,middle picks,8.0,14.0,16.0,-6.0,-8.0,model likes less,8.54,102.8,16.0
2025,TE,T.J. Hockenson,MIN,early picks,4.0,7.0,14.0,-3.0,-10.0,model likes less,10.41,112.8,15.0
2020,RB,Christian McCaffrey,CAR,early picks,1.0,1.0,25.0,0.0,-24.0,model likes more,23.91,90.4,3.0
2020,RB,Aaron Jones,GB,middle picks,12.0,7.0,5.0,5.0,7.0,model likes more,16.58,258.9,14.0
2020,RB,Ezekiel Elliott,DAL,early picks,3.0,2.0,7.0,1.0,-4.0,model likes more,20.13,223.7,15.0
2020,RB,Austin Ekeler,LAC,early picks,7.0,21.0,16.0,-14.0,-9.0,model likes less,12.38,165.3,10.0
2020,RB,Derrick Henry,TEN,early picks,6.0,5.0,3.0,1.0,3.0,model likes more,16.84,333.1,16.0
2020,RB,Dalvin Cook,MIN,early picks,5.0,13.0,2.0,-8.0,3.0,model likes less,15.2,337.8,14.0
2020,RB,Leonard Fournette,TB,middle picks,20.0,12.0,21.0,8.0,-1.0,model likes more,15.76,132.0,12.0
2020,RB,Nick Chubb,CLE,middle picks,13.0,10.0,9.0,3.0,4.0,model likes more,15.92,207.7,12.0
2020,RB,Alvin Kamara,NO,early picks,4.0,4.0,1.0,0.0,3.0,model likes more,18.46,377.8,15.0
2020,RB,Saquon Barkley,NYG,early picks,2.0,3.0,33.0,-1.0,-31.0,model likes more,19.73,15.4,2.0
2020,RB,Mark Ingram,BAL,middle picks,21.0,20.0,29.0,1.0,-8.0,model likes less,12.54,52.9,10.0
2020,RB,Chris Carson,SEA,middle picks,16.0,18.0,12.0,-2.0,4.0,model likes less,12.64,187.8,12.0
2020,RB,Joe Mixon,CIN,early picks,8.0,17.0,24.0,-9.0,-16.0,model likes less,14.14,99.6,6.0
2020,RB,Todd Gurley,ATL,middle picks,15.0,6.0,18.0,9.0,-3.0,model likes more,16.6,163.2,15.0
2020,RB,Miles Sanders,PHI,early picks,9.0,16.0,15.0,-7.0,-6.0,model likes less,14.3,170.4,12.0
2020,RB,Le'Veon Bell,NYJ,middle picks,18.0,25.0,26.0,-7.0,-8.0,model likes less,10.96,74.6,11.0
2020,RB,Kenyan Drake,ARI,early picks,10.0,8.0,11.0,2.0,-1.0,model likes more,16.3,192.2,15.0
2020,RB,James White,NE,late picks,25.0,24.0,22.0,1.0,3.0,model likes less,10.97,116.6,14.0
2020,RB,Phillip Lindsay,DEN,late picks,29.0,26.0,28.0,3.0,1.0,model likes more,10.9,66.0,11.0
2020,RB,Josh Jacobs,LV,early picks,11.0,14.0,6.0,-3.0,5.0,model likes less,15.13,231.3,15.0
2020,RB,Melvin Gordon,DEN,middle picks,17.0,9.0,10.0,8.0,7.0,model likes more,16.27,198.4,15.0
2020,RB,David Montgomery,CHI,late picks,26.0,28.0,4.0,-2.0,22.0,model likes less,10.08,264.8,15.0
2020,RB,Raheem Mostert,SF,late picks,24.0,32.0,23.0,-8.0,1.0,model likes less,7.95,99.7,8.0
2020,RB,Ronald Jones,TB,late picks,31.0,23.0,13.0,8.0,18.0,model likes more,11.06,186.3,14.0
2020,RB,Tarik Cohen,CHI,late picks,27.0,31.0,32.0,-4.0,-5.0,model likes less,9.37,17.5,3.0
2020,RB,Latavius Murray,NO,late picks,34.0,33.0,20.0,1.0,14.0,model likes less,6.89,136.2,15.0
2020,RB,Devin Singletary,BUF,late picks,23.0,15.0,19.0,8.0,4.0,model likes more,15.09,143.6,16.0
2020,RB,James Conner,PIT,middle picks,14.0,19.0,17.0,-5.0,-3.0,model likes less,12.57,164.6,13.0
2020,RB,David Johnson,HOU,middle picks,19.0,29.0,14.0,-10.0,5.0,model likes less,9.52,179.5,12.0
2020,RB,Tevin Coleman,SF,late picks,33.0,30.0,34.0,3.0,-1.0,model likes more,9.4,12.7,6.0
2020,RB,Jordan Howard,MIA,late picks,28.0,22.0,31.0,6.0,-3.0,model likes more,11.16,30.7,7.0
2020,RB,Matt Breida,MIA,late picks,30.0,34.0,30.0,-4.0,0.0,model likes less,6.17,42.0,10.0
2020,RB,Kareem Hunt,CLE,middle picks,22.0,11.0,8.0,11.0,14.0,model likes more,15.81,218.5,16.0
2020,RB,Kerryon Johnson,DET,late picks,32.0,27.0,27.0,5.0,5.0,model likes more,10.82,71.8,14.0
2021,RB,Alvin Kamara,NO,early picks,2.0,1.0,7.0,1.0,-5.0,model likes more,18.76,234.7,13.0
2021,RB,Dalvin Cook,MIN,early picks,1.0,3.0,14.0,-2.0,-13.0,model likes less,17.45,206.3,13.0
2021,RB,Derrick Henry,TEN,early picks,4.0,6.0,17.0,-2.0,-13.0,model likes less,15.65,193.3,8.0
2021,RB,David Montgomery,CHI,middle picks,14.0,13.0,16.0,1.0,-2.0,model likes less,13.11,195.0,13.0
2021,RB,Aaron Jones,GB,early picks,6.0,2.0,9.0,4.0,-3.0,model likes more,17.53,229.0,15.0
2021,RB,Jonathan Taylor,IND,early picks,7.0,7.0,1.0,0.0,6.0,model likes more,15.38,373.1,17.0
2021,RB,James Robinson,JAX,middle picks,15.0,5.0,18.0,10.0,-3.0,model likes more,15.85,173.9,14.0
2021,RB,Josh Jacobs,LV,middle picks,17.0,11.0,10.0,6.0,7.0,model likes more,13.51,226.0,15.0
2021,RB,Ezekiel Elliott,DAL,early picks,3.0,15.0,6.0,-12.0,-3.0,model likes less,12.4,252.06,17.0
2021,RB,Kareem Hunt,CLE,middle picks,21.0,21.0,27.0,0.0,-6.0,model likes less,10.28,110.0,8.0
2021,RB,Nick Chubb,CLE,early picks,9.0,8.0,11.0,1.0,-2.0,model likes more,15.03,215.3,14.0
2021,RB,Mike Davis,ATL,middle picks,18.0,16.0,22.0,2.0,-4.0,model likes more,12.14,138.2,17.0
2021,RB,Antonio Gibson,WAS,early picks,8.0,12.0,8.0,-4.0,0.0,model likes less,13.48,229.1,16.0
2021,RB,Melvin Gordon,DEN,late picks,26.0,23.0,15.0,3.0,11.0,model likes more,9.6,195.1,16.0
2021,RB,Nyheim Hines,IND,late picks,29.0,26.0,26.0,3.0,3.0,model likes more,9.0,116.6,17.0
2021,RB,Kenyan Drake,LV,late picks,28.0,31.0,29.0,-3.0,-1.0,model likes less,7.87,102.5,12.0
2021,RB,D'Andre Swift,DET,middle picks,12.0,4.0,13.0,8.0,-1.0,model likes more,15.92,208.9,13.0
2021,RB,Chris Carson,SEA,middle picks,13.0,17.0,31.0,-4.0,-18.0,model likes less,11.67,48.1,4.0
2021,RB,Ronald Jones,TB,late picks,27.0,9.0,30.0,18.0,-3.0,model likes more,14.72,79.2,15.0
2021,RB,Clyde Edwards-Helaire,KC,early picks,11.0,10.0,24.0,1.0,-13.0,model likes more,13.53,117.6,10.0
2021,RB,Miles Sanders,PHI,middle picks,16.0,14.0,25.0,2.0,-9.0,model likes more,12.48,117.2,12.0
2021,RB,Chase Edmonds,ARI,late picks,23.0,22.0,21.0,1.0,2.0,model likes less,10.21,143.3,12.0
2021,RB,Austin Ekeler,LAC,early picks,5.0,25.0,2.0,-20.0,3.0,model likes less,9.02,343.8,16.0
2021,RB,James Conner,ARI,late picks,30.0,27.0,4.0,3.0,26.0,model likes more,8.99,257.7,15.0
2021,RB,Myles Gaskin,MIA,middle picks,20.0,24.0,19.0,-4.0,1.0,model likes less,9.32,173.6,17.0
2021,RB,Leonard Fournette,TB,late picks,33.0,20.0,5.0,13.0,28.0,model likes more,10.46,255.6,14.0
2021,RB,Darrell Henderson,LA,middle picks,19.0,18.0,20.0,1.0,-1.0,model likes less,11.65,163.4,12.0
2021,RB,Gus Edwards,BAL,middle picks,22.0,33.0,33.0,-11.0,-11.0,model likes less,5.53,0.0,
2021,RB,Jamaal Williams,DET,late picks,32.0,28.0,23.0,4.0,9.0,model likes more,8.31,119.8,13.0
2021,RB,Zack Moss,BUF,late picks,31.0,29.0,28.0,2.0,3.0,model likes less,8.23,105.2,13.0
2021,RB,Raheem Mostert,SF,late picks,25.0,32.0,32.0,-7.0,-7.0,model likes less,6.44,2.0,1.0
2021,RB,Joe Mixon,CIN,early picks,10.0,30.0,3.0,-20.0,7.0,model likes less,8.07,287.9,16.0
2021,RB,Damien Harris,NE,late picks,24.0,19.0,12.0,5.0,12.0,model likes more,10.87,210.1,15.0
2022,RB,Jonathan Taylor,IND,early picks,2.0,1.0,24.0,1.0,-22.0,model likes more,22.0,146.4,11.0
2022,RB,Austin Ekeler,LAC,early picks,3.0,9.0,1.0,-6.0,2.0,model likes less,14.89,372.7,17.0
2022,RB,Najee Harris,PIT,early picks,6.0,2.0,13.0,4.0,-7.0,model likes more,17.63,225.46,17.0
2022,RB,Joe Mixon,CIN,early picks,8.0,6.0,10.0,2.0,-2.0,model likes more,16.2,239.5,14.0
2022,RB,James Conner,ARI,middle picks,15.0,17.0,16.0,-2.0,-1.0,model likes more,13.89,200.2,13.0
2022,RB,Leonard Fournette,TB,middle picks,12.0,7.0,12.0,5.0,0.0,model likes more,15.61,226.1,16.0
2022,RB,Ezekiel Elliott,DAL,middle picks,16.0,21.0,18.0,-5.0,-2.0,model likes less,13.03,185.8,15.0
2022,RB,Alvin Kamara,NO,early picks,9.0,10.0,15.0,-1.0,-6.0,model likes more,14.85,211.7,15.0
2022,RB,Cordarrelle Patterson,ATL,late picks,30.0,28.0,23.0,2.0,7.0,model likes less,11.42,154.7,13.0
2022,RB,Antonio Gibson,WAS,middle picks,22.0,14.0,22.0,8.0,0.0,model likes more,14.17,165.9,15.0
2022,RB,Aaron Jones,GB,early picks,11.0,13.0,9.0,-2.0,2.0,model likes more,14.24,248.6,17.0
2022,RB,Josh Jacobs,LV,middle picks,20.0,11.0,3.0,9.0,17.0,model likes more,14.77,328.3,17.0
2022,RB,Nick Chubb,CLE,middle picks,14.0,5.0,6.0,9.0,8.0,model likes more,16.21,281.4,17.0
2022,RB,Damien Harris,NE,late picks,28.0,22.0,28.0,6.0,0.0,model likes more,12.85,90.9,11.0
2022,RB,D'Andre Swift,DET,early picks,7.0,18.0,17.0,-11.0,-10.0,model likes less,13.87,191.1,14.0
2022,RB,Dalvin Cook,MIN,early picks,4.0,8.0,11.0,-4.0,-7.0,model likes less,15.04,237.8,17.0
2022,RB,Javonte Williams,DEN,middle picks,13.0,15.0,34.0,-2.0,-21.0,model likes more,13.99,42.0,4.0
2022,RB,Devin Singletary,BUF,late picks,31.0,26.0,19.0,5.0,12.0,model likes more,12.06,177.9,16.0
2022,RB,Melvin Gordon,DEN,late picks,32.0,33.0,29.0,-1.0,3.0,model likes less,10.53,87.1,10.0
2022,RB,David Montgomery,CHI,middle picks,17.0,20.0,20.0,-3.0,-3.0,model likes less,13.56,177.7,16.0
2022,RB,Derrick Henry,TEN,early picks,5.0,3.0,4.0,2.0,1.0,model likes more,17.08,302.76,16.0
2022,RB,AJ Dillon,GB,middle picks,18.0,29.0,21.0,-11.0,-3.0,model likes less,11.38,167.6,17.0
2022,RB,Elijah Mitchell,SF,middle picks,19.0,24.0,33.0,-5.0,-14.0,model likes less,12.47,43.6,5.0
2022,RB,Tony Pollard,DAL,late picks,25.0,31.0,8.0,-6.0,17.0,model likes less,10.96,248.8,16.0
2022,RB,Michael Carter,NYJ,late picks,33.0,16.0,26.0,17.0,7.0,model likes more,13.98,126.0,16.0
2022,RB,Saquon Barkley,NYG,early picks,10.0,23.0,5.0,-13.0,5.0,model likes less,12.7,284.0,16.0
2022,RB,Chase Edmonds,MIA,middle picks,21.0,32.0,31.0,-11.0,-10.0,model likes less,10.62,74.2,13.0
2022,RB,Christian McCaffrey,CAR,early picks,1.0,4.0,2.0,-3.0,-1.0,model likes less,16.5,356.36,17.0
2022,RB,Rashaad Penny,SEA,late picks,26.0,12.0,32.0,14.0,-6.0,model likes more,14.39,52.2,5.0
2022,RB,Clyde Edwards-Helaire,KC,late picks,23.0,19.0,27.0,4.0,-4.0,model likes more,13.62,98.3,10.0
2022,RB,Miles Sanders,PHI,late picks,27.0,27.0,14.0,0.0,13.0,model likes less,11.6,216.7,17.0
2022,RB,Nyheim Hines,IND,late picks,34.0,25.0,30.0,9.0,4.0,model likes more,12.37,81.4,16.0
2022,RB,Rhamondre Stevenson,NE,late picks,29.0,30.0,7.0,-1.0,22.0,model likes less,11.36,249.1,17.0
2022,RB,Kareem Hunt,CLE,late picks,24.0,34.0,25.0,-10.0,-1.0,model likes less,9.75,126.8,17.0
2023,RB,Austin Ekeler,LAC,early picks,2.0,2.0,19.0,0.0,-17.0,model likes more,16.51,185.4,14.0
2023,RB,Christian McCaffrey,SF,early picks,1.0,1.0,1.0,0.0,0.0,model likes more,18.01,391.3,16.0
2023,RB,Josh Jacobs,LV,early picks,7.0,4.0,20.0,3.0,-13.0,model likes more,16.29,181.1,13.0
2023,RB,Derrick Henry,TEN,early picks,6.0,3.0,6.0,3.0,0.0,model likes more,16.4,246.66,17.0
2023,RB,Saquon Barkley,NYG,early picks,3.0,9.0,9.0,-6.0,-6.0,model likes less,14.86,223.2,14.0
2023,RB,Nick Chubb,CLE,early picks,5.0,6.0,35.0,-1.0,-30.0,model likes less,15.65,23.1,2.0
2023,RB,Rhamondre Stevenson,NE,early picks,8.0,14.0,22.0,-6.0,-14.0,model likes less,13.52,145.7,12.0
2023,RB,Tony Pollard,DAL,early picks,4.0,7.0,10.0,-3.0,-6.0,model likes less,15.07,222.6,17.0
2023,RB,Aaron Jones,GB,early picks,11.0,15.0,23.0,-4.0,-12.0,model likes less,13.09,134.9,11.0
2023,RB,Joe Mixon,CIN,early picks,9.0,8.0,5.0,1.0,4.0,model likes more,14.99,267.0,17.0
2023,RB,Dalvin Cook,NYJ,late picks,27.0,28.0,34.0,-1.0,-7.0,model likes less,9.67,40.2,14.0
2023,RB,Jamaal Williams,NO,late picks,35.0,36.0,32.0,-1.0,3.0,model likes less,5.39,60.8,13.0
2023,RB,Najee Harris,PIT,early picks,10.0,11.0,18.0,-1.0,-8.0,model likes less,13.97,195.5,17.0
2023,RB,Miles Sanders,CAR,middle picks,16.0,23.0,29.0,-7.0,-13.0,model likes less,11.16,87.6,16.0
2023,RB,Alvin Kamara,NO,middle picks,23.0,30.0,7.0,-7.0,16.0,model likes less,9.38,233.0,13.0
2023,RB,Travis Etienne,JAX,early picks,12.0,12.0,3.0,0.0,9.0,model likes more,13.97,282.4,17.0
2023,RB,Kenneth Walker III,SEA,middle picks,15.0,10.0,14.0,5.0,1.0,model likes more,14.03,199.4,15.0
2023,RB,James Conner,ARI,middle picks,19.0,13.0,13.0,6.0,6.0,model likes more,13.82,201.5,13.0
2023,RB,Jerick McKinnon,KC,late picks,34.0,33.0,30.0,1.0,4.0,model likes more,8.66,84.36,12.0
2023,RB,D'Andre Swift,PHI,late picks,26.0,18.0,15.0,8.0,11.0,model likes more,12.18,199.3,16.0
2023,RB,David Montgomery,DET,middle picks,24.0,17.0,12.0,7.0,12.0,model likes more,12.35,207.2,14.0
2023,RB,AJ Dillon,GB,late picks,31.0,32.0,27.0,-1.0,4.0,model likes less,9.34,117.6,15.0
2023,RB,Dameon Pierce,HOU,middle picks,14.0,16.0,31.0,-2.0,-17.0,model likes less,12.62,82.7,14.0
2023,RB,Antonio Gibson,WAS,late picks,29.0,26.0,25.0,3.0,4.0,model likes more,10.12,127.4,16.0
2023,RB,Jonathan Taylor,IND,late picks,25.0,22.0,21.0,3.0,4.0,model likes more,11.23,156.4,10.0
2023,RB,Samaje Perine,DEN,late picks,33.0,34.0,26.0,-1.0,7.0,model likes less,8.24,121.3,17.0
2023,RB,Cam Akers,LA,middle picks,21.0,21.0,33.0,0.0,-12.0,model likes less,11.48,46.7,7.0
2023,RB,Rachaad White,TB,middle picks,20.0,19.0,4.0,1.0,16.0,model likes more,11.89,267.9,17.0
2023,RB,Isiah Pacheco,KC,late picks,28.0,24.0,11.0,4.0,17.0,model likes more,10.87,213.9,14.0
2023,RB,Khalil Herbert,CHI,late picks,30.0,31.0,28.0,-1.0,2.0,model likes less,9.37,112.5,12.0
2023,RB,Breece Hall,NYJ,middle picks,13.0,5.0,2.0,8.0,11.0,model likes more,15.96,290.5,17.0
2023,RB,Brian Robinson,WAS,late picks,32.0,25.0,16.0,7.0,16.0,model likes more,10.86,198.1,15.0
2023,RB,James Cook,BUF,middle picks,22.0,20.0,8.0,2.0,14.0,model likes more,11.7,232.7,17.0
2023,RB,Jaylen Warren,PIT,late picks,36.0,35.0,17.0,1.0,19.0,model likes more,6.36,196.4,17.0
2023,RB,Alexander Mattison,MIN,middle picks,17.0,29.0,24.0,-12.0,-7.0,model likes less,9.42,133.2,16.0
2023,RB,J.K. Dobbins,BAL,middle picks,18.0,27.0,36.0,-9.0,-18.0,model likes less,9.83,11.7,1.0
2024,RB,Christian McCaffrey,SF,early picks,1.0,1.0,38.0,0.0,-37.0,model likes more,20.11,47.8,4.0
2024,RB,Breece Hall,NYJ,early picks,2.0,3.0,15.0,-1.0,-13.0,model likes less,17.35,240.9,16.0
2024,RB,Travis Etienne,JAX,early picks,7.0,9.0,29.0,-2.0,-22.0,model likes less,13.59,130.2,15.0
2024,RB,Rachaad White,TB,early picks,13.0,13.0,21.0,0.0,-8.0,model likes more,13.16,199.6,15.0
2024,RB,Raheem Mostert,MIA,middle picks,26.0,30.0,34.0,-4.0,-8.0,model likes less,10.63,70.9,13.0
2024,RB,Joe Mixon,HOU,middle picks,16.0,15.0,16.0,1.0,0.0,model likes more,12.89,240.5,14.0
2024,RB,Kyren Williams,LA,early picks,10.0,11.0,7.0,-1.0,3.0,model likes less,13.27,272.1,16.0
2024,RB,Derrick Henry,BAL,early picks,11.0,8.0,4.0,3.0,7.0,model likes more,14.1,336.4,17.0
2024,RB,Bijan Robinson,ATL,early picks,3.0,4.0,3.0,-1.0,0.0,model likes less,15.89,341.7,17.0
2024,RB,Jahmyr Gibbs,DET,early picks,4.0,7.0,1.0,-3.0,3.0,model likes less,14.21,362.9,17.0
2024,RB,Alvin Kamara,NO,middle picks,14.0,10.0,9.0,4.0,5.0,model likes more,13.54,265.3,14.0
2024,RB,James Cook,BUF,middle picks,15.0,18.0,8.0,-3.0,7.0,model likes less,12.77,266.7,16.0
2024,RB,Saquon Barkley,PHI,early picks,6.0,5.0,2.0,1.0,4.0,model likes more,14.3,355.3,16.0
2024,RB,Tony Pollard,TEN,late picks,27.0,33.0,20.0,-6.0,7.0,model likes less,10.12,200.7,16.0
2024,RB,Isiah Pacheco,KC,early picks,8.0,27.0,37.0,-19.0,-29.0,model likes less,11.11,56.9,7.0
2024,RB,Jerome Ford,CLE,late picks,35.0,28.0,27.0,7.0,8.0,model likes more,11.01,134.0,14.0
2024,RB,David Montgomery,DET,middle picks,21.0,22.0,17.0,-1.0,4.0,model likes less,11.76,221.72,14.0
2024,RB,James Conner,ARI,middle picks,18.0,16.0,11.0,2.0,7.0,model likes more,12.87,253.8,16.0
2024,RB,Kenneth Walker III,SEA,middle picks,17.0,12.0,23.0,5.0,-6.0,model likes more,13.16,181.2,11.0
2024,RB,D'Andre Swift,CHI,middle picks,22.0,24.0,18.0,-2.0,4.0,model likes less,11.58,214.5,17.0
2024,RB,Brian Robinson,WAS,late picks,29.0,19.0,25.0,10.0,4.0,model likes more,12.74,159.8,14.0
2024,RB,Jaylen Warren,PIT,late picks,28.0,32.0,30.0,-4.0,-2.0,model likes less,10.19,124.1,15.0
2024,RB,Najee Harris,PIT,middle picks,23.0,14.0,19.0,9.0,4.0,model likes more,13.02,204.6,17.0
2024,RB,De'Von Achane,MIA,early picks,9.0,2.0,5.0,7.0,4.0,model likes more,18.24,299.9,17.0
2024,RB,Gus Edwards,LAC,late picks,36.0,39.0,35.0,-3.0,1.0,model likes less,5.85,64.1,11.0
2024,RB,Austin Ekeler,WAS,late picks,33.0,34.0,28.0,-1.0,5.0,model likes less,9.75,132.3,12.0
2024,RB,Chuba Hubbard,CAR,late picks,39.0,29.0,13.0,10.0,26.0,model likes more,10.99,241.6,15.0
2024,RB,Josh Jacobs,GB,early picks,12.0,20.0,6.0,-8.0,6.0,model likes less,12.68,293.1,17.0
2024,RB,Javonte Williams,DEN,middle picks,24.0,25.0,26.0,-1.0,-2.0,model likes less,11.55,157.9,17.0
2024,RB,Ezekiel Elliott,DAL,late picks,37.0,21.0,36.0,16.0,1.0,model likes more,11.93,57.5,15.0
2024,RB,Zack Moss,CIN,late picks,34.0,35.0,33.0,-1.0,1.0,model likes less,9.25,81.9,8.0
2024,RB,Devin Singletary,NYG,late picks,30.0,26.0,32.0,4.0,-2.0,model likes more,11.35,96.6,15.0
2024,RB,Jonathan Taylor,IND,early picks,5.0,6.0,12.0,-1.0,-7.0,model likes less,14.26,244.7,14.0
2024,RB,Tyjae Spears,TEN,late picks,31.0,23.0,31.0,8.0,0.0,model likes more,11.64,113.6,12.0
2024,RB,Rhamondre Stevenson,NE,middle picks,20.0,17.0,24.0,3.0,-4.0,model likes more,12.81,175.9,15.0
2024,RB,Aaron Jones,MIN,middle picks,19.0,31.0,14.0,-12.0,5.0,model likes less,10.41,241.6,17.0
2024,RB,Zach Charbonnet,SEA,late picks,38.0,36.0,22.0,2.0,16.0,model likes more,9.05,186.9,17.0
2024,RB,Zamir White,LV,middle picks,25.0,37.0,39.0,-12.0,-14.0,model likes less,8.32,29.3,8.0
2024,RB,Chase Brown,CIN,late picks,32.0,38.0,10.0,-6.0,22.0,model likes less,7.11,255.0,16.0
2025,RB,Jahmyr Gibbs,DET,early picks,2.0,1.0,2.0,1.0,0.0,model likes more,18.01,366.9,17.0
2025,RB,Saquon Barkley,PHI,early picks,3.0,2.0,12.0,1.0,-9.0,model likes more,17.59,232.3,16.0
2025,RB,Bijan Robinson,ATL,early picks,1.0,3.0,1.0,-2.0,0.0,model likes less,17.3,370.8,17.0
2025,RB,Derrick Henry,BAL,early picks,5.0,4.0,7.0,1.0,-2.0,model likes more,16.42,279.5,17.0
2025,RB,De'Von Achane,MIA,early picks,4.0,10.0,4.0,-6.0,0.0,model likes less,14.97,322.8,16.0
2025,RB,Josh Jacobs,GB,early picks,8.0,5.0,11.0,3.0,-3.0,model likes more,15.64,237.1,15.0
2025,RB,Kyren Williams,LA,early picks,10.0,11.0,8.0,-1.0,2.0,model likes less,14.05,263.3,17.0
2025,RB,James Cook,BUF,middle picks,12.0,8.0,5.0,4.0,7.0,model likes more,15.24,302.2,17.0
2025,RB,Alvin Kamara,NO,middle picks,11.0,9.0,28.0,2.0,-17.0,model likes more,15.2,100.7,11.0
2025,RB,Chase Brown,CIN,early picks,6.0,15.0,6.0,-9.0,0.0,model likes less,12.92,282.6,17.0
2025,RB,James Conner,ARI,middle picks,16.0,13.0,31.0,3.0,-15.0,model likes more,13.69,33.3,3.0
2025,RB,Jonathan Taylor,IND,early picks,9.0,12.0,3.0,-3.0,6.0,model likes less,13.75,362.3,17.0
2025,RB,Bucky Irving,TB,early picks,7.0,7.0,23.0,0.0,-16.0,model likes more,15.3,138.5,10.0
2025,RB,Chuba Hubbard,CAR,middle picks,15.0,16.0,25.0,-1.0,-10.0,model likes more,12.86,125.4,15.0
2025,RB,Aaron Jones,MIN,middle picks,20.0,23.0,26.0,-3.0,-6.0,model likes less,11.28,118.7,12.0
2025,RB,Breece Hall,NYJ,middle picks,14.0,6.0,15.0,8.0,-1.0,model likes more,15.4,207.66,16.0
2025,RB,David Montgomery,DET,middle picks,21.0,26.0,20.0,-5.0,1.0,model likes less,10.31,166.92,17.0
2025,RB,D'Andre Swift,CHI,middle picks,18.0,17.0,13.0,1.0,5.0,model likes more,12.86,228.6,16.0
2025,RB,Tony Pollard,TEN,middle picks,17.0,25.0,17.0,-8.0,0.0,model likes less,10.84,185.8,17.0
2025,RB,Rachaad White,TB,late picks,32.0,22.0,22.0,10.0,10.0,model likes more,11.48,143.0,17.0
2025,RB,J.K. Dobbins,DEN,late picks,28.0,14.0,27.0,14.0,1.0,model likes more,13.38,115.9,10.0
2025,RB,Zach Charbonnet,SEA,late picks,25.0,28.0,18.0,-3.0,7.0,model likes less,9.88,181.4,16.0
2025,RB,Tyrone Tracy Jr.,NYG,late picks,23.0,20.0,21.0,3.0,2.0,model likes more,11.78,160.8,15.0
2025,RB,Kenneth Walker III,SEA,middle picks,13.0,19.0,16.0,-6.0,-3.0,model likes less,12.49,191.9,17.0
2025,RB,Rhamondre Stevenson,NE,late picks,30.0,24.0,19.0,6.0,11.0,model likes more,11.11,178.8,14.0
2025,RB,Javonte Williams,DAL,late picks,27.0,21.0,10.0,6.0,17.0,model likes more,11.49,242.8,16.0
2025,RB,Austin Ekeler,WAS,late picks,29.0,29.0,32.0,0.0,-3.0,model likes less,9.31,13.1,2.0
2025,RB,Travis Etienne,JAX,late picks,24.0,18.0,9.0,6.0,15.0,model likes more,12.73,253.9,17.0
2025,RB,Tank Bigsby,JAX,late picks,31.0,30.0,30.0,1.0,1.0,model likes less,8.75,53.8,15.0
2025,RB,Jaylen Warren,PIT,late picks,22.0,27.0,14.0,-5.0,8.0,model likes less,9.91,217.1,16.0
2025,RB,Jordan Mason,MIN,late picks,26.0,32.0,24.0,-6.0,2.0,model likes less,5.17,128.9,16.0
2025,RB,Isiah Pacheco,KC,middle picks,19.0,31.0,29.0,-12.0,-10.0,model likes less,8.71,87.3,13.0
