,WR,TE,RB
baseline_ppg,-1.862,-1.526,-2.979
ppr_per_game,-0.054,0.144,-0.054
second_half_trend,-0.011,0.127,0.262
age,-0.797,0.458,-0.779
years_exp,0.013,-0.838,0.054
draft_pick_filled,-0.198,-0.444,-0.589
next_preseason_depth_tier,-0.422,-0.367,-1.18
depth_promotion,0.146,0.312,0.036
changed_team,-0.316,-0.21,-0.235
qb_epa_per_dropback,0.406,0.253,0.082
team_pass_rate_over_exp,0.064,-0.25,0.067
games_missed,-0.252,-0.312,-0.567
tprr,0.192,-0.657,0.208
yprr,0.301,0.762,
fp_over_expected_per_game,-0.152,-0.231,0.449
adot,0.017,,
target_share,0.42,-0.014,0.308
route_participation,0.104,-0.146,
xfp_per_game,0.001,0.254,-0.32
rz_target_share,0.054,0.213,
next_team_vacated_target_share,0.186,-0.056,-0.024
next_sos_pass_def_epa,-0.115,-0.159,
oc_changed,-0.215,-0.115,0.117
next_oc_prior_pass_rate_over_exp,-0.662,0.028,-0.347
carries_per_game,,,0.96
targets_per_game,,,0.465
explosive_run_rate,,,0.026
yac_per_carry,,,0.111
ryoe_per_carry,,,0.237
rz_carry_share,,,-0.223
gl_carry_share,,,-0.031
next_team_vacated_carry_share,,,0.169
team_epa_per_rush,,,0.005
team_run_stuff_rate,,,-0.214
team_8plus_box_rate,,,0.056
next_sos_rush_def_epa,,,-0.278
