season,team,head_coach,oc,dc,page
2016,ARI,Bruce Arians,,,2016 Arizona Cardinals season
2016,ATL,Dan Quinn,Kyle Shanahan,Richard Smith,2016 Atlanta Falcons season
2016,BAL,John Harbaugh,Marc Trestman / Marty Mornhinweg,Dean Pees,2016 Baltimore Ravens season
2016,BUF,Rex Ryan / Anthony Lynn,,,2016 Buffalo Bills season
2016,CAR,Ron Rivera,,,2016 Carolina Panthers season
2016,CHI,John Fox,,,2016 Chicago Bears season
2016,CIN,Marvin Lewis,,,2016 Cincinnati Bengals season
2016,CLE,Hue Jackson,,,2016 Cleveland Browns season
2016,DAL,Jason Garrett,,,2016 Dallas Cowboys season
2016,DEN,Gary Kubiak / Joe DeCamillis,,,2016 Denver Broncos season
2016,DET,Jim Caldwell,,,2016 Detroit Lions season
2016,GB,Mike McCarthy,Edgar Bennett,Dom Capers,2016 Green Bay Packers season
2016,HOU,Bill O'Brien,George Godsey,Romeo Crennel,2016 Houston Texans season
2016,IND,Chuck Pagano,,,2016 Indianapolis Colts season
2016,JAX,Gus Bradley / Doug Marrone,Greg Olson,Todd Wash,2016 Jacksonville Jaguars season
2016,KC,Andy Reid,Brad Childress / Matt Nagy,Bob Sutton,2016 Kansas City Chiefs season
2016,LV,Jack Del Rio,,,2016 Oakland Raiders season
2016,LAC,Mike McCoy,,,2016 San Diego Chargers season
2016,LA,Jeff Fisher / John Fassel,,,2016 Los Angeles Rams season
2016,MIA,Adam Gase,,,2016 Miami Dolphins season
2016,MIN,Mike Zimmer / Mike Priefer,,,2016 Minnesota Vikings season
2016,NE,Bill Belichick,Josh McDaniels,Matt Patricia,2016 New England Patriots season
2016,NO,Sean Payton,Pete Carmichael Jr.,Dennis Allen,2016 New Orleans Saints season
2016,NYG,Ben McAdoo,,,2016 New York Giants season
2016,NYJ,Todd Bowles,,,2016 New York Jets season
2016,PHI,Doug Pederson,,,2016 Philadelphia Eagles season
2016,PIT,Mike Tomlin,Todd Haley,Keith Butler,2016 Pittsburgh Steelers season
2016,SEA,Pete Carroll,,,2016 Seattle Seahawks season
2016,SF,Chip Kelly,Curtis Modkins,Jim O'Neil,2016 San Francisco 49ers season
2016,TB,Dirk Koetter,,,2016 Tampa Bay Buccaneers season
2016,TEN,Mike Mularkey,,,2016 Tennessee Titans season
2016,WAS,Jay Gruden,Sean McVay,Joe Barry,2016 Washington Redskins season
2017,ARI,Bruce Arians,,,2017 Arizona Cardinals season
2017,ATL,Dan Quinn,Steve Sarkisian,Marquand Manuel,2017 Atlanta Falcons season
2017,BAL,John Harbaugh,Marty Mornhinweg,Dean Pees,2017 Baltimore Ravens season
2017,BUF,Sean McDermott,Rick Dennison,Leslie Frazier,2017 Buffalo Bills season
2017,CAR,Ron Rivera,Mike Shula,Steve Wilks,2017 Carolina Panthers season
2017,CHI,John Fox,,,2017 Chicago Bears season
2017,CIN,Marvin Lewis,,,2017 Cincinnati Bengals season
2017,CLE,Hue Jackson,,,2017 Cleveland Browns season
2017,DAL,Jason Garrett,,,2017 Dallas Cowboys season
2017,DEN,Vance Joseph,,,2017 Denver Broncos season
2017,DET,Jim Caldwell,,,2017 Detroit Lions season
2017,GB,Mike McCarthy,,,2017 Green Bay Packers season
2017,HOU,Bill O'Brien,,Mike Vrabel,2017 Houston Texans season
2017,IND,Chuck Pagano,,,2017 Indianapolis Colts season
2017,JAX,Doug Marrone,Nathaniel Hackett,Todd Wash,2017 Jacksonville Jaguars season
2017,KC,Andy Reid,Matt Nagy,Bob Sutton,2017 Kansas City Chiefs season
2017,LV,Jack Del Rio,,,2017 Oakland Raiders season
2017,LAC,Anthony Lynn,,,2017 Los Angeles Chargers season
2017,LA,Sean McVay,Matt LaFleur,Wade Phillips,2017 Los Angeles Rams season
2017,MIA,Adam Gase,,,2017 Miami Dolphins season
2017,MIN,Mike Zimmer,Pat Shurmur,George Edwards,2017 Minnesota Vikings season
2017,NE,Bill Belichick,Josh McDaniels,Matt Patricia,2017 New England Patriots season
2017,NO,Sean Payton,Pete Carmichael Jr.,Dennis Allen,2017 New Orleans Saints season
2017,NYG,Ben McAdoo / Steve Spagnuolo,,,2017 New York Giants season
2017,NYJ,Todd Bowles,,,2017 New York Jets season
2017,PHI,Doug Pederson,Frank Reich,Jim Schwartz,2017 Philadelphia Eagles season
2017,PIT,Mike Tomlin,Todd Haley,Keith Butler,2017 Pittsburgh Steelers season
2017,SEA,Pete Carroll,,,2017 Seattle Seahawks season
2017,SF,Kyle Shanahan,Kyle Shanahan,Robert Saleh,2017 San Francisco 49ers season
2017,TB,Dirk Koetter,,,2017 Tampa Bay Buccaneers season
2017,TEN,Mike Mularkey,Terry Robiskie,Dick LeBeau,2017 Tennessee Titans season
2017,WAS,Jay Gruden,Matt Cavanaugh,Greg Manusky,2017 Washington Redskins season
2018,ARI,Steve Wilks,,,2018 Arizona Cardinals season
2018,ATL,Dan Quinn,,,2018 Atlanta Falcons season
2018,BAL,John Harbaugh,Marty Mornhinweg,Don Martindale,2018 Baltimore Ravens season
2018,BUF,Sean McDermott,,,2018 Buffalo Bills season
2018,CAR,Ron Rivera,,,2018 Carolina Panthers season
2018,CHI,Matt Nagy,Mark Helfrich,Vic Fangio,2018 Chicago Bears season
2018,CIN,Marvin Lewis,,,2018 Cincinnati Bengals season
2018,CLE,Hue Jackson / Gregg Williams,,,2018 Cleveland Browns season
2018,DAL,Jason Garrett,Scott Linehan,Rod Marinelli,2018 Dallas Cowboys season
2018,DEN,Vance Joseph,,,2018 Denver Broncos season
2018,DET,Matt Patricia,,,2018 Detroit Lions season
2018,GB,Mike McCarthy / Joe Philbin,,,2018 Green Bay Packers season
2018,HOU,Bill O'Brien,,Romeo Crennel,2018 Houston Texans season
2018,IND,Frank Reich,Nick Sirianni,Matt Eberflus,2018 Indianapolis Colts season
2018,JAX,Doug Marrone,Nathaniel Hackett,Todd Wash,2018 Jacksonville Jaguars season
2018,KC,Andy Reid,Eric Bieniemy,Bob Sutton,2018 Kansas City Chiefs season
2018,LV,Jon Gruden,,,2018 Oakland Raiders season
2018,LAC,Anthony Lynn,Ken Whisenhunt,Gus Bradley,2018 Los Angeles Chargers season
2018,LA,Sean McVay,Sean McVay,Wade Phillips,2018 Los Angeles Rams season
2018,MIA,Adam Gase,,,2018 Miami Dolphins season
2018,MIN,Mike Zimmer,,,2018 Minnesota Vikings season
2018,NE,Bill Belichick,Josh McDaniels,,2018 New England Patriots season
2018,NO,Sean Payton,Pete Carmichael Jr.,Dennis Allen,2018 New Orleans Saints season
2018,NYG,Pat Shurmur,,,2018 New York Giants season
2018,NYJ,Todd Bowles,,,2018 New York Jets season
2018,PHI,Doug Pederson,Mike Groh,Jim Schwartz,2018 Philadelphia Eagles season
2018,PIT,Mike Tomlin,Randy Fichtner,Keith Butler,2018 Pittsburgh Steelers season
2018,SEA,Pete Carroll,Brian Schottenheimer,Ken Norton Jr.,2018 Seattle Seahawks season
2018,SF,Kyle Shanahan,Kyle Shanahan,Robert Saleh,2018 San Francisco 49ers season
2018,TB,Dirk Koetter,,,2018 Tampa Bay Buccaneers season
2018,TEN,Mike Vrabel,,,2018 Tennessee Titans season
2018,WAS,Jay Gruden,Matt Cavanaugh,Greg Manusky,2018 Washington Redskins season
2019,ARI,Kliff Kingsbury,,,2019 Arizona Cardinals season
2019,ATL,Dan Quinn,,,2019 Atlanta Falcons season
2019,BAL,John Harbaugh,Greg Roman,Don Martindale,2019 Baltimore Ravens season
2019,BUF,Sean McDermott,Brian Daboll,Leslie Frazier,2019 Buffalo Bills season
2019,CAR,Ron Rivera / Perry Fewell,,,2019 Carolina Panthers season
2019,CHI,Matt Nagy,,,2019 Chicago Bears season
2019,CIN,Zac Taylor,,,2019 Cincinnati Bengals season
2019,CLE,Freddie Kitchens,,,2019 Cleveland Browns season
2019,DAL,Jason Garrett,,,2019 Dallas Cowboys season
2019,DEN,Vic Fangio,,,2019 Denver Broncos season
2019,DET,Matt Patricia,,,2019 Detroit Lions season
2019,GB,Matt LaFleur,Nathaniel Hackett,Mike Pettine,2019 Green Bay Packers season
2019,HOU,Bill O'Brien,Tim Kelly,Romeo Crennel,2019 Houston Texans season
2019,IND,Frank Reich,,,2019 Indianapolis Colts season
2019,JAX,Doug Marrone,John DeFilippo,Todd Wash,2019 Jacksonville Jaguars season
2019,KC,Andy Reid,Eric Bieniemy,Steve Spagnuolo,2019 Kansas City Chiefs season
2019,LV,Jon Gruden,,,2019 Oakland Raiders season
2019,LAC,Anthony Lynn,,,2019 Los Angeles Chargers season
2019,LA,Sean McVay,Sean McVay,Wade Phillips,2019 Los Angeles Rams season
2019,MIA,Brian Flores,,,2019 Miami Dolphins season
2019,MIN,Mike Zimmer,Kevin Stefanski,George Edwards,2019 Minnesota Vikings season
2019,NE,Bill Belichick,Josh McDaniels,,2019 New England Patriots season
2019,NO,Sean Payton,Pete Carmichael Jr.,Dennis Allen,2019 New Orleans Saints season
2019,NYG,Pat Shurmur,,,2019 New York Giants season
2019,NYJ,Adam Gase,,,2019 New York Jets season
2019,PHI,Doug Pederson,Mike Groh,Jim Schwartz,2019 Philadelphia Eagles season
2019,PIT,Mike Tomlin,Randy Fichtner,Keith Butler,2019 Pittsburgh Steelers season
2019,SEA,Pete Carroll,Brian Schottenheimer,Ken Norton Jr.,2019 Seattle Seahawks season
2019,SF,Kyle Shanahan,Kyle Shanahan,Robert Saleh,2019 San Francisco 49ers season
2019,TB,Bruce Arians,,,2019 Tampa Bay Buccaneers season
2019,TEN,Mike Vrabel,Arthur Smith,Dean Pees,2019 Tennessee Titans season
2019,WAS,Jay Gruden / Bill Callahan,Kevin O'Connell,Greg Manusky,2019 Washington Redskins season
2020,ARI,Kliff Kingsbury,,,2020 Arizona Cardinals season
2020,ATL,Dan Quinn / Raheem Morris,,,2020 Atlanta Falcons season
2020,BAL,John Harbaugh,Greg Roman,Don Martindale,2020 Baltimore Ravens season
2020,BUF,Sean McDermott,Brian Daboll,Leslie Frazier,2020 Buffalo Bills season
2020,CAR,Matt Rhule,,,2020 Carolina Panthers season
2020,CHI,Matt Nagy,Bill Lazor,Chuck Pagano,2020 Chicago Bears season
2020,CIN,Zac Taylor,,,2020 Cincinnati Bengals season
2020,CLE,Kevin Stefanski / Mike Priefer,Alex Van Pelt,Joe Woods,2020 Cleveland Browns season
2020,DAL,Mike McCarthy,Kellen Moore,Mike Nolan,2020 Dallas Cowboys season
2020,DEN,Vic Fangio,,,2020 Denver Broncos season
2020,DET,Matt Patricia / Darrell Bevell / Robert Prince,,,2020 Detroit Lions season
2020,GB,Matt LaFleur,Nathaniel Hackett,Mike Pettine,2020 Green Bay Packers season
2020,HOU,Bill O'Brien / Romeo Crennel,Tim Kelly,Anthony Weaver,2020 Houston Texans season
2020,IND,Frank Reich,Nick Sirianni,Matt Eberflus,2020 Indianapolis Colts season
2020,JAX,Doug Marrone,Jay Gruden,Todd Wash,2020 Jacksonville Jaguars season
2020,KC,Andy Reid,Eric Bieniemy,Steve Spagnuolo,2020 Kansas City Chiefs season
2020,LV,Jon Gruden,,,2020 Las Vegas Raiders season
2020,LAC,Anthony Lynn,,,2020 Los Angeles Chargers season
2020,LA,Sean McVay,Kevin O'Connell,Brandon Staley,2020 Los Angeles Rams season
2020,MIA,Brian Flores,,,2020 Miami Dolphins season
2020,MIN,Mike Zimmer,,,2020 Minnesota Vikings season
2020,NE,Bill Belichick,,,2020 New England Patriots season
2020,NO,Sean Payton,Pete Carmichael Jr.,Dennis Allen,2020 New Orleans Saints season
2020,NYG,Joe Judge,,,2020 New York Giants season
2020,NYJ,Adam Gase,,,2020 New York Jets season
2020,PHI,Doug Pederson,,,2020 Philadelphia Eagles season
2020,PIT,Mike Tomlin,Randy Fichtner,Keith Butler,2020 Pittsburgh Steelers season
2020,SEA,Pete Carroll,Brian Schottenheimer,Ken Norton Jr.,2020 Seattle Seahawks season
2020,SF,Kyle Shanahan,Kyle Shanahan,Robert Saleh,2020 San Francisco 49ers season
2020,TB,Bruce Arians,Byron Leftwich,Todd Bowles,2020 Tampa Bay Buccaneers season
2020,TEN,Mike Vrabel,Arthur Smith,,2020 Tennessee Titans season
2020,WAS,Ron Rivera,Scott Turner,Jack Del Rio,2020 Washington Football Team season
2021,ARI,Kliff Kingsbury,,Vance Joseph,2021 Arizona Cardinals season
2021,ATL,Arthur Smith,,,2021 Atlanta Falcons season
2021,BAL,John Harbaugh,Greg Roman,Don Martindale,2021 Baltimore Ravens season
2021,BUF,Sean McDermott,Brian Daboll,Leslie Frazier,2021 Buffalo Bills season
2021,CAR,Matt Rhule,,,2021 Carolina Panthers season
2021,CHI,Matt Nagy / Chris Tabor,,,2021 Chicago Bears season
2021,CIN,Zac Taylor,Brian Callahan,Lou Anarumo,2021 Cincinnati Bengals season
2021,CLE,Kevin Stefanski,,,2021 Cleveland Browns season
2021,DAL,Mike McCarthy,Kellen Moore,Dan Quinn,2021 Dallas Cowboys season
2021,DEN,Vic Fangio,,,2021 Denver Broncos season
2021,DET,Dan Campbell,Anthony Lynn,Aaron Glenn,2021 Detroit Lions season
2021,GB,Matt LaFleur,Nathaniel Hackett,Joe Barry,2021 Green Bay Packers season
2021,HOU,David Culley,Tim Kelly,Lovie Smith,2021 Houston Texans season
2021,IND,Frank Reich,,,2021 Indianapolis Colts season
2021,JAX,Urban Meyer / Darrell Bevell,Brian Schottenheimer,Joe Cullen,2021 Jacksonville Jaguars season
2021,KC,Andy Reid,Eric Bieniemy,Steve Spagnuolo,2021 Kansas City Chiefs season
2021,LV,Jon Gruden / Rich Bisaccia,Greg Olson,Gus Bradley,2021 Las Vegas Raiders season
2021,LAC,Brandon Staley,,,2021 Los Angeles Chargers season
2021,LA,Sean McVay,Kevin O'Connell,Raheem Morris,2021 Los Angeles Rams season
2021,MIA,Brian Flores,,,2021 Miami Dolphins season
2021,MIN,Mike Zimmer,,,2021 Minnesota Vikings season
2021,NE,Bill Belichick,Josh McDaniels,,2021 New England Patriots season
2021,NO,Sean Payton,Pete Carmichael Jr.,Dennis Allen,2021 New Orleans Saints season
2021,NYG,Joe Judge,,,2021 New York Giants season
2021,NYJ,Robert Saleh,,,2021 New York Jets season
2021,PHI,Nick Sirianni,Shane Steichen,Jonathan Gannon,2021 Philadelphia Eagles season
2021,PIT,Mike Tomlin,Matt Canada,Keith Butler,2021 Pittsburgh Steelers season
2021,SEA,Pete Carroll,,,2021 Seattle Seahawks season
2021,SF,Kyle Shanahan,Mike McDaniel,DeMeco Ryans,2021 San Francisco 49ers season
2021,TB,Bruce Arians,,,2021 Tampa Bay Buccaneers season
2021,TEN,Mike Vrabel,Todd Downing,Shane Bowen,2021 Tennessee Titans season
2021,WAS,Ron Rivera,Scott Turner,Jack Del Rio,2021 Washington Football Team season
2022,ARI,Kliff Kingsbury,,,2022 Arizona Cardinals season
2022,ATL,Arthur Smith,,,2022 Atlanta Falcons season
2022,BAL,John Harbaugh,Greg Roman,Mike Macdonald,2022 Baltimore Ravens season
2022,BUF,Sean McDermott,Ken Dorsey,Leslie Frazier,2022 Buffalo Bills season
2022,CAR,Matt Rhule / Steve Wilks,,,2022 Carolina Panthers season
2022,CHI,Matt Eberflus,,,2022 Chicago Bears season
2022,CIN,Zac Taylor,Brian Callahan,Lou Anarumo,2022 Cincinnati Bengals season
2022,CLE,Kevin Stefanski,,,2022 Cleveland Browns season
2022,DAL,Mike McCarthy,Kellen Moore,Dan Quinn,2022 Dallas Cowboys season
2022,DEN,Nathaniel Hackett / Jerry Rosburg,,,2022 Denver Broncos season
2022,DET,Dan Campbell,,,2022 Detroit Lions season
2022,GB,Matt LaFleur,,,2022 Green Bay Packers season
2022,HOU,Lovie Smith,,,2022 Houston Texans season
2022,IND,Frank Reich  record) / Jeff Saturday  record),,,2022 Indianapolis Colts season
2022,JAX,Doug Pederson,Press Taylor,Mike Caldwell,2022 Jacksonville Jaguars season
2022,KC,Andy Reid,Eric Bieniemy,Steve Spagnuolo,2022 Kansas City Chiefs season
2022,LV,Josh McDaniels,,,2022 Las Vegas Raiders season
2022,LAC,Brandon Staley,Joe Lombardi,Renaldo Hill,2022 Los Angeles Chargers season
2022,LA,Sean McVay,Liam Coen,Raheem Morris,2022 Los Angeles Rams season
2022,MIA,Mike McDaniel,Frank Smith,Vic Fangio,2022 Miami Dolphins season
2022,MIN,Kevin O'Connell,Wes Phillips,Ed Donatell,2022 Minnesota Vikings season
2022,NE,Bill Belichick,,,2022 New England Patriots season
2022,NO,Dennis Allen,Pete Carmichael Jr.,Ryan Nielsen and Kris Richard,2022 New Orleans Saints season
2022,NYG,Brian Daboll,Mike Kafka,Don Martindale,2022 New York Giants season
2022,NYJ,Robert Saleh,,,2022 New York Jets season
2022,PHI,Nick Sirianni,Shane Steichen,Jonathan Gannon,2022 Philadelphia Eagles season
2022,PIT,Mike Tomlin,Matt Canada,Teryl Austin,2022 Pittsburgh Steelers season
2022,SEA,Pete Carroll,Shane Waldron,Clint Hurtt,2022 Seattle Seahawks season
2022,SF,Kyle Shanahan,Kyle Shanahan,DeMeco Ryans,2022 San Francisco 49ers season
2022,TB,Todd Bowles,Byron Leftwich,,2022 Tampa Bay Buccaneers season
2022,TEN,Mike Vrabel,,,2022 Tennessee Titans season
2022,WAS,Ron Rivera,Scott Turner,Jack Del Rio,2022 Washington Commanders season
2023,ARI,Jonathan Gannon,,,2023 Arizona Cardinals season
2023,ATL,Arthur Smith,,,2023 Atlanta Falcons season
2023,BAL,John Harbaugh,Todd Monken,Mike Macdonald,2023 Baltimore Ravens season
2023,BUF,Sean McDermott,Ken Dorsey / Joe Brady,,2023 Buffalo Bills season
2023,CAR,Frank Reich / Chris Tabor,,,2023 Carolina Panthers season
2023,CHI,Matt Eberflus,,,2023 Chicago Bears season
2023,CIN,Zac Taylor,,,2023 Cincinnati Bengals season
2023,CLE,Kevin Stefanski,Alex Van Pelt,Jim Schwartz,2023 Cleveland Browns season
2023,DAL,Mike McCarthy,Brian Schottenheimer,Dan Quinn,2023 Dallas Cowboys season
2023,DEN,Sean Payton,Joe Lombardi,Vance Joseph,2023 Denver Broncos season
2023,DET,Dan Campbell,Ben Johnson,Aaron Glenn,2023 Detroit Lions season
2023,GB,Matt LaFleur,Adam Stenavich,Joe Barry,2023 Green Bay Packers season
2023,HOU,DeMeco Ryans,Bobby Slowik,Matt Burke,2023 Houston Texans season
2023,IND,Shane Steichen,,,2023 Indianapolis Colts season
2023,JAX,Doug Pederson,Press Taylor,Mike Caldwell,2023 Jacksonville Jaguars season
2023,KC,Andy Reid,Matt Nagy,Steve Spagnuolo,2023 Kansas City Chiefs season
2023,LV,Josh McDaniels / Antonio Pierce,,,2023 Las Vegas Raiders season
2023,LAC,Brandon Staley / Giff Smith,,,2023 Los Angeles Chargers season
2023,LA,Sean McVay,Mike LaFleur,Raheem Morris,2023 Los Angeles Rams season
2023,MIA,Mike McDaniel,,,2023 Miami Dolphins season
2023,MIN,Kevin O'Connell,,,2023 Minnesota Vikings season
2023,NE,Bill Belichick,,,2023 New England Patriots season
2023,NO,Dennis Allen,,,2023 New Orleans Saints season
2023,NYG,Brian Daboll,,,2023 New York Giants season
2023,NYJ,Robert Saleh,,,2023 New York Jets season
2023,PHI,Nick Sirianni,Brian Johnson,Sean Desai,2023 Philadelphia Eagles season
2023,PIT,Mike Tomlin,Matt Canada,Teryl Austin,2023 Pittsburgh Steelers season
2023,SEA,Pete Carroll,,,2023 Seattle Seahawks season
2023,SF,Kyle Shanahan,Kyle Shanahan,Steve Wilks,2023 San Francisco 49ers season
2023,TB,Todd Bowles,Dave Canales,,2023 Tampa Bay Buccaneers season
2023,TEN,Mike Vrabel,,,2023 Tennessee Titans season
2023,WAS,Ron Rivera,Eric Bieniemy,".mw-parser-output .plainlist ol,.mw-parser-output .plainlist ul{line-height:inherit;list-style:none;margin:0;padding:0}.mw-parser-output .plainlist ol li,.mw-parser-output .plainlist ul li{margin-bottom:0}Jack Del Rio / Ron Rivera",2023 Washington Commanders season
2024,ARI,Jonathan Gannon,,,2024 Arizona Cardinals season
2024,ATL,Raheem Morris,,,2024 Atlanta Falcons season
2024,BAL,John Harbaugh,Todd Monken,Zach Orr,2024 Baltimore Ravens season
2024,BUF,Sean McDermott,Joe Brady,Bobby Babich,2024 Buffalo Bills season
2024,CAR,Dave Canales,,,2024 Carolina Panthers season
2024,CHI,Matt Eberflus / Thomas Brown,,,2024 Chicago Bears season
2024,CIN,Zac Taylor,,,2024 Cincinnati Bengals season
2024,CLE,Kevin Stefanski,,,2024 Cleveland Browns season
2024,DAL,Mike McCarthy,,,2024 Dallas Cowboys season
2024,DEN,Sean Payton,Joe Lombardi,Vance Joseph,2024 Denver Broncos season
2024,DET,Dan Campbell,,,2024 Detroit Lions season
2024,GB,Matt LaFleur,Adam Stenavich,Jeff Hafley,2024 Green Bay Packers season
2024,HOU,DeMeco Ryans,Bobby Slowik,Matt Burke,2024 Houston Texans season
2024,IND,Shane Steichen,,,2024 Indianapolis Colts season
2024,JAX,Doug Pederson,Press Taylor,Ryan Nielsen,2024 Jacksonville Jaguars season
2024,KC,Andy Reid,Matt Nagy,Steve Spagnuolo,2024 Kansas City Chiefs season
2024,LV,Antonio Pierce,,,2024 Las Vegas Raiders season
2024,LAC,Jim Harbaugh,Greg Roman,Jesse Minter,2024 Los Angeles Chargers season
2024,LA,Sean McVay,Mike LaFleur,Chris Shula,2024 Los Angeles Rams season
2024,MIA,Mike McDaniel,,,2024 Miami Dolphins season
2024,MIN,Kevin O'Connell,Wes Phillips,Brian Flores,2024 Minnesota Vikings season
2024,NE,Jerod Mayo,,,2024 New England Patriots season
2024,NO,Dennis Allen / Darren Rizzi,Klint Kubiak,Joe Woods,2024 New Orleans Saints season
2024,NYG,Brian Daboll,,,2024 New York Giants season
2024,NYJ,Robert Saleh / Jeff Ulbrich,,,2024 New York Jets season
2024,PHI,Nick Sirianni,Kellen Moore,Vic Fangio,2024 Philadelphia Eagles season
2024,PIT,Mike Tomlin,Arthur Smith,Teryl Austin,2024 Pittsburgh Steelers season
2024,SEA,Mike Macdonald,,,2024 Seattle Seahawks season
2024,SF,Kyle Shanahan,Kyle Shanahan,Nick Sorensen,2024 San Francisco 49ers season
2024,TB,Todd Bowles,Liam Coen,,2024 Tampa Bay Buccaneers season
2024,TEN,Brian Callahan,,,2024 Tennessee Titans season
2024,WAS,Dan Quinn,Kliff Kingsbury,Joe Whitt Jr.,2024 Washington Commanders season
2025,ARI,Jonathan Gannon,,,2025 Arizona Cardinals season
2025,ATL,Raheem Morris,,,2025 Atlanta Falcons season
2025,BAL,John Harbaugh,Todd Monken,Zach Orr,2025 Baltimore Ravens season
2025,BUF,Sean McDermott,Joe Brady,Bobby Babich,2025 Buffalo Bills season
2025,CAR,Dave Canales,Brad Idzik,Ejiro Evero,2025 Carolina Panthers season
2025,CHI,Ben Johnson,,,2025 Chicago Bears season
2025,CIN,Zac Taylor,,,2025 Cincinnati Bengals season
2025,CLE,Kevin Stefanski,,,2025 Cleveland Browns season
2025,DAL,Brian Schottenheimer,,,2025 Dallas Cowboys season
2025,DEN,Sean Payton,Joe Lombardi,Vance Joseph,2025 Denver Broncos season
2025,DET,Dan Campbell,,,2025 Detroit Lions season
2025,GB,Matt LaFleur,,,2025 Green Bay Packers season
2025,HOU,DeMeco Ryans,Nick Caley,Matt Burke,2025 Houston Texans season
2025,IND,Shane Steichen,,,2025 Indianapolis Colts season
2025,JAX,Liam Coen,Grant Udinski,Anthony Campanile,2025 Jacksonville Jaguars season
2025,KC,Andy Reid,,,2025 Kansas City Chiefs season
2025,LV,Pete Carroll,,,2025 Las Vegas Raiders season
2025,LAC,Jim Harbaugh,,,2025 Los Angeles Chargers season
2025,LA,Sean McVay,Mike LaFleur,Chris Shula,2025 Los Angeles Rams season
2025,MIA,Mike McDaniel,,,2025 Miami Dolphins season
2025,MIN,Kevin O'Connell,,,2025 Minnesota Vikings season
2025,NE,Mike Vrabel,Josh McDaniels,Terrell Williams,2025 New England Patriots season
2025,NO,Kellen Moore,Doug Nussmeier,Brandon Staley,2025 New Orleans Saints season
2025,NYG,Brian Daboll / Mike Kafka,,,2025 New York Giants season
2025,NYJ,Aaron Glenn,,,2025 New York Jets season
2025,PHI,Nick Sirianni,Kevin Patullo,Vic Fangio,2025 Philadelphia Eagles season
2025,PIT,Mike Tomlin,Arthur Smith,Teryl Austin,2025 Pittsburgh Steelers season
2025,SEA,Mike Macdonald,Klint Kubiak,Aden Durde,2025 Seattle Seahawks season
2025,SF,Kyle Shanahan,Klay Kubiak,Robert Saleh,2025 San Francisco 49ers season
2025,TB,Todd Bowles,,,2025 Tampa Bay Buccaneers season
2025,TEN,Brian Callahan / Mike McCoy,,,2025 Tennessee Titans season
2025,WAS,Dan Quinn,Kliff Kingsbury,Joe Whitt Jr.,2025 Washington Commanders season
2026,ARI,Mike LaFleur,Nathaniel Hackett,Nick Rallis,2026 Arizona Cardinals season
2026,ATL,Kevin Stefanski,,,2026 Atlanta Falcons season
2026,BAL,Jesse Minter,Declan Doyle,Anthony Weaver,2026 Baltimore Ravens season
2026,BUF,Joe Brady,Pete Carmichael Jr.,Jim Leonhard,2026 Buffalo Bills season
2026,CAR,Dave Canales,,,2026 Carolina Panthers season
2026,CHI,Ben Johnson,,,2026 Chicago Bears season
2026,CIN,Zac Taylor,,,2026 Cincinnati Bengals season
2026,CLE,Todd Monken,,,2026 Cleveland Browns season
2026,DAL,Brian Schottenheimer,,,2026 Dallas Cowboys season
2026,DEN,Sean Payton,Davis Webb,Vance Joseph,2026 Denver Broncos season
2026,DET,Dan Campbell,,,2026 Detroit Lions season
2026,GB,Matt LaFleur,,,2026 Green Bay Packers season
2026,HOU,DeMeco Ryans,,,2026 Houston Texans season
2026,IND,Shane Steichen,,,2026 Indianapolis Colts season
2026,JAX,Liam Coen,Grant Udinski,Anthony Campanile,2026 Jacksonville Jaguars season
2026,KC,Andy Reid,,,2026 Kansas City Chiefs season
2026,LV,Klint Kubiak,,,2026 Las Vegas Raiders season
2026,LAC,Jim Harbaugh,,,2026 Los Angeles Chargers season
2026,LA,Sean McVay,Nathan Scheelhaase,Chris Shula,2026 Los Angeles Rams season
2026,MIA,Jeff Hafley,,,2026 Miami Dolphins season
2026,MIN,Kevin O'Connell,,,2026 Minnesota Vikings season
2026,NE,Mike Vrabel,Josh McDaniels,Zak Kuhr,2026 New England Patriots season
2026,NO,Kellen Moore,,,2026 New Orleans Saints season
2026,NYG,John Harbaugh,,,2026 New York Giants season
2026,NYJ,Aaron Glenn,,,2026 New York Jets season
2026,PHI,Nick Sirianni,Sean Mannion,Vic Fangio,2026 Philadelphia Eagles season
2026,PIT,Mike McCarthy,Brian Angelichio,Patrick Graham,2026 Pittsburgh Steelers season
2026,SEA,Mike Macdonald,Brian Fleury,Aden Durde,2026 Seattle Seahawks season
2026,SF,Kyle Shanahan,Klay Kubiak,Raheem Morris,2026 San Francisco 49ers season
2026,TB,Todd Bowles,,,2026 Tampa Bay Buccaneers season
2026,TEN,Robert Saleh,Brian Daboll,Gus Bradley,2026 Tennessee Titans season
2026,WAS,Dan Quinn,David Blough,Daronte Jones,2026 Washington Commanders season
