season,team,play_caller,role,n_sources,all_agree,callers_seen,notes,sources
2018,ARI,Mike McCoy,OC,1,True,Mike McCoy,,"Fantasy Index, ""Offensive coaches - Ranking the play callers 1 thru 32"" (June 2018) https://fantasyindex.com/2018/06/28/ian-allan/offensive-coaches"
2018,ATL,Steve Sarkisian,OC,1,True,Steve Sarkisian,,"Fantasy Index, ""Offensive coaches - Ranking the play callers 1 thru 32"" (June 2018) https://fantasyindex.com/2018/06/28/ian-allan/offensive-coaches"
2018,BAL,Marty Mornhinweg,OC,1,True,Marty Mornhinweg,,"Fantasy Index, ""Offensive coaches - Ranking the play callers 1 thru 32"" (June 2018) https://fantasyindex.com/2018/06/28/ian-allan/offensive-coaches"
2018,BUF,Brian Daboll,OC,1,True,Brian Daboll,,"Fantasy Index, ""Offensive coaches - Ranking the play callers 1 thru 32"" (June 2018) https://fantasyindex.com/2018/06/28/ian-allan/offensive-coaches"
2018,CAR,Norv Turner,OC,1,True,Norv Turner,,"Fantasy Index, ""Offensive coaches - Ranking the play callers 1 thru 32"" (June 2018) https://fantasyindex.com/2018/06/28/ian-allan/offensive-coaches"
2018,CHI,Matt Nagy,HC,1,True,Matt Nagy,,"Fantasy Index, ""Offensive coaches - Ranking the play callers 1 thru 32"" (June 2018) https://fantasyindex.com/2018/06/28/ian-allan/offensive-coaches"
2018,CIN,Bill Lazor,OC,1,True,Bill Lazor,,"Fantasy Index, ""Offensive coaches - Ranking the play callers 1 thru 32"" (June 2018) https://fantasyindex.com/2018/06/28/ian-allan/offensive-coaches"
2018,CLE,Todd Haley,OC,1,True,Todd Haley,,"Fantasy Index, ""Offensive coaches - Ranking the play callers 1 thru 32"" (June 2018) https://fantasyindex.com/2018/06/28/ian-allan/offensive-coaches"
2018,DAL,Scott Linehan,OC,1,True,Scott Linehan,,"Fantasy Index, ""Offensive coaches - Ranking the play callers 1 thru 32"" (June 2018) https://fantasyindex.com/2018/06/28/ian-allan/offensive-coaches"
2018,DEN,Bill Musgrave,OC,1,True,Bill Musgrave,,"Fantasy Index, ""Offensive coaches - Ranking the play callers 1 thru 32"" (June 2018) https://fantasyindex.com/2018/06/28/ian-allan/offensive-coaches"
2018,DET,Jim Bob Cooter,OC,1,True,Jim Bob Cooter,,"Fantasy Index, ""Offensive coaches - Ranking the play callers 1 thru 32"" (June 2018) https://fantasyindex.com/2018/06/28/ian-allan/offensive-coaches"
2018,GB,Mike McCarthy,HC,1,True,Mike McCarthy,,"Fantasy Index, ""Offensive coaches - Ranking the play callers 1 thru 32"" (June 2018) https://fantasyindex.com/2018/06/28/ian-allan/offensive-coaches"
2018,HOU,Bill O'Brien,HC,1,True,Bill O'Brien,,"Fantasy Index, ""Offensive coaches - Ranking the play callers 1 thru 32"" (June 2018) https://fantasyindex.com/2018/06/28/ian-allan/offensive-coaches"
2018,IND,Frank Reich,HC,1,True,Frank Reich,,"Fantasy Index, ""Offensive coaches - Ranking the play callers 1 thru 32"" (June 2018) https://fantasyindex.com/2018/06/28/ian-allan/offensive-coaches"
2018,JAX,Nathaniel Hackett,OC,1,True,Nathaniel Hackett,,"Fantasy Index, ""Offensive coaches - Ranking the play callers 1 thru 32"" (June 2018) https://fantasyindex.com/2018/06/28/ian-allan/offensive-coaches"
2018,KC,Andy Reid,HC,1,True,Andy Reid,,"Fantasy Index, ""Offensive coaches - Ranking the play callers 1 thru 32"" (June 2018) https://fantasyindex.com/2018/06/28/ian-allan/offensive-coaches"
2018,LA,Sean McVay,HC,1,True,Sean McVay,,"Fantasy Index, ""Offensive coaches - Ranking the play callers 1 thru 32"" (June 2018) https://fantasyindex.com/2018/06/28/ian-allan/offensive-coaches"
2018,LAC,Ken Whisenhunt,OC,1,True,Ken Whisenhunt,,"Fantasy Index, ""Offensive coaches - Ranking the play callers 1 thru 32"" (June 2018) https://fantasyindex.com/2018/06/28/ian-allan/offensive-coaches"
2018,LV,Jon Gruden,HC,1,True,Jon Gruden,,"Fantasy Index, ""Offensive coaches - Ranking the play callers 1 thru 32"" (June 2018) https://fantasyindex.com/2018/06/28/ian-allan/offensive-coaches"
2018,MIA,Adam Gase,HC,1,True,Adam Gase,,"Fantasy Index, ""Offensive coaches - Ranking the play callers 1 thru 32"" (June 2018) https://fantasyindex.com/2018/06/28/ian-allan/offensive-coaches"
2018,MIN,John DeFilippo,OC,1,True,John DeFilippo,,"Fantasy Index, ""Offensive coaches - Ranking the play callers 1 thru 32"" (June 2018) https://fantasyindex.com/2018/06/28/ian-allan/offensive-coaches"
2018,NE,Josh McDaniels,OC,1,True,Josh McDaniels,,"Fantasy Index, ""Offensive coaches - Ranking the play callers 1 thru 32"" (June 2018) https://fantasyindex.com/2018/06/28/ian-allan/offensive-coaches"
2018,NO,Sean Payton,HC,1,True,Sean Payton,,"Fantasy Index, ""Offensive coaches - Ranking the play callers 1 thru 32"" (June 2018) https://fantasyindex.com/2018/06/28/ian-allan/offensive-coaches"
2018,NYG,Pat Shurmur,HC,1,True,Pat Shurmur,,"Fantasy Index, ""Offensive coaches - Ranking the play callers 1 thru 32"" (June 2018) https://fantasyindex.com/2018/06/28/ian-allan/offensive-coaches"
2018,NYJ,Jeremy Bates,OC,1,True,Jeremy Bates,,"Fantasy Index, ""Offensive coaches - Ranking the play callers 1 thru 32"" (June 2018) https://fantasyindex.com/2018/06/28/ian-allan/offensive-coaches"
2018,PHI,Doug Pederson,HC,1,True,Doug Pederson,,"Fantasy Index, ""Offensive coaches - Ranking the play callers 1 thru 32"" (June 2018) https://fantasyindex.com/2018/06/28/ian-allan/offensive-coaches"
2018,PIT,Randy Fichtner,OC,1,True,Randy Fichtner,,"Fantasy Index, ""Offensive coaches - Ranking the play callers 1 thru 32"" (June 2018) https://fantasyindex.com/2018/06/28/ian-allan/offensive-coaches"
2018,SEA,Brian Schottenheimer,OC,1,True,Brian Schottenheimer,,"Fantasy Index, ""Offensive coaches - Ranking the play callers 1 thru 32"" (June 2018) https://fantasyindex.com/2018/06/28/ian-allan/offensive-coaches"
2018,SF,Kyle Shanahan,HC,1,True,Kyle Shanahan,,"Fantasy Index, ""Offensive coaches - Ranking the play callers 1 thru 32"" (June 2018) https://fantasyindex.com/2018/06/28/ian-allan/offensive-coaches"
2018,TB,Dirk Koetter,HC,1,True,Dirk Koetter,,"Fantasy Index, ""Offensive coaches - Ranking the play callers 1 thru 32"" (June 2018) https://fantasyindex.com/2018/06/28/ian-allan/offensive-coaches"
2018,TEN,Matt LaFleur,OC,1,True,Matt LaFleur,,"Fantasy Index, ""Offensive coaches - Ranking the play callers 1 thru 32"" (June 2018) https://fantasyindex.com/2018/06/28/ian-allan/offensive-coaches"
2018,WAS,Jay Gruden,HC,1,True,Jay Gruden,,"Fantasy Index, ""Offensive coaches - Ranking the play callers 1 thru 32"" (June 2018) https://fantasyindex.com/2018/06/28/ian-allan/offensive-coaches"
2020,ARI,Kliff Kingsbury,HC,1,True,Kliff Kingsbury,,"Yardbarker, ""Ranking the offensive play-callers from every NFL team"" (Aug 2020) https://www.yardbarker.com/nfl/articles/ranking_the_offensive_play_callers_from_every_nfl_team/s1__32555903"
2020,ATL,Dirk Koetter,OC,1,True,Dirk Koetter,,"Yardbarker, ""Ranking the offensive play-callers from every NFL team"" (Aug 2020) https://www.yardbarker.com/nfl/articles/ranking_the_offensive_play_callers_from_every_nfl_team/s1__32555903"
2020,BAL,Greg Roman,OC,1,True,Greg Roman,,"Yardbarker, ""Ranking the offensive play-callers from every NFL team"" (Aug 2020) https://www.yardbarker.com/nfl/articles/ranking_the_offensive_play_callers_from_every_nfl_team/s1__32555903"
2020,BUF,Brian Daboll,OC,1,True,Brian Daboll,,"Yardbarker, ""Ranking the offensive play-callers from every NFL team"" (Aug 2020) https://www.yardbarker.com/nfl/articles/ranking_the_offensive_play_callers_from_every_nfl_team/s1__32555903"
2020,CAR,Joe Brady,OC,1,True,Joe Brady,,"Yardbarker, ""Ranking the offensive play-callers from every NFL team"" (Aug 2020) https://www.yardbarker.com/nfl/articles/ranking_the_offensive_play_callers_from_every_nfl_team/s1__32555903"
2020,CHI,Matt Nagy,HC,1,True,Matt Nagy,,"Yardbarker, ""Ranking the offensive play-callers from every NFL team"" (Aug 2020) https://www.yardbarker.com/nfl/articles/ranking_the_offensive_play_callers_from_every_nfl_team/s1__32555903"
2020,CIN,Zac Taylor,HC,1,True,Zac Taylor,,"Yardbarker, ""Ranking the offensive play-callers from every NFL team"" (Aug 2020) https://www.yardbarker.com/nfl/articles/ranking_the_offensive_play_callers_from_every_nfl_team/s1__32555903"
2020,CLE,Kevin Stefanski,HC,1,True,Kevin Stefanski,,"Yardbarker, ""Ranking the offensive play-callers from every NFL team"" (Aug 2020) https://www.yardbarker.com/nfl/articles/ranking_the_offensive_play_callers_from_every_nfl_team/s1__32555903"
2020,DAL,Kellen Moore,OC,1,True,Kellen Moore,,"Yardbarker, ""Ranking the offensive play-callers from every NFL team"" (Aug 2020) https://www.yardbarker.com/nfl/articles/ranking_the_offensive_play_callers_from_every_nfl_team/s1__32555903"
2020,DEN,Pat Shurmur,OC,1,True,Pat Shurmur,,"Yardbarker, ""Ranking the offensive play-callers from every NFL team"" (Aug 2020) https://www.yardbarker.com/nfl/articles/ranking_the_offensive_play_callers_from_every_nfl_team/s1__32555903"
2020,DET,Darrell Bevell,OC,1,True,Darrell Bevell,,"Yardbarker, ""Ranking the offensive play-callers from every NFL team"" (Aug 2020) https://www.yardbarker.com/nfl/articles/ranking_the_offensive_play_callers_from_every_nfl_team/s1__32555903"
2020,GB,Matt LaFleur,HC,1,True,Matt LaFleur,,"Yardbarker, ""Ranking the offensive play-callers from every NFL team"" (Aug 2020) https://www.yardbarker.com/nfl/articles/ranking_the_offensive_play_callers_from_every_nfl_team/s1__32555903"
2020,HOU,Tim Kelly,OC,1,True,Tim Kelly,,"Yardbarker, ""Ranking the offensive play-callers from every NFL team"" (Aug 2020) https://www.yardbarker.com/nfl/articles/ranking_the_offensive_play_callers_from_every_nfl_team/s1__32555903"
2020,IND,Frank Reich,HC,1,True,Frank Reich,,"Yardbarker, ""Ranking the offensive play-callers from every NFL team"" (Aug 2020) https://www.yardbarker.com/nfl/articles/ranking_the_offensive_play_callers_from_every_nfl_team/s1__32555903"
2020,JAX,Jay Gruden,OC,1,True,Jay Gruden,,"Yardbarker, ""Ranking the offensive play-callers from every NFL team"" (Aug 2020) https://www.yardbarker.com/nfl/articles/ranking_the_offensive_play_callers_from_every_nfl_team/s1__32555903"
2020,KC,Andy Reid,HC,1,True,Andy Reid,,"Yardbarker, ""Ranking the offensive play-callers from every NFL team"" (Aug 2020) https://www.yardbarker.com/nfl/articles/ranking_the_offensive_play_callers_from_every_nfl_team/s1__32555903"
2020,LA,Sean McVay,HC,1,True,Sean McVay,,"Yardbarker, ""Ranking the offensive play-callers from every NFL team"" (Aug 2020) https://www.yardbarker.com/nfl/articles/ranking_the_offensive_play_callers_from_every_nfl_team/s1__32555903"
2020,LAC,Shane Steichen,OC,1,True,Shane Steichen,,"Yardbarker, ""Ranking the offensive play-callers from every NFL team"" (Aug 2020) https://www.yardbarker.com/nfl/articles/ranking_the_offensive_play_callers_from_every_nfl_team/s1__32555903"
2020,LV,Jon Gruden,HC,1,True,Jon Gruden,,"Yardbarker, ""Ranking the offensive play-callers from every NFL team"" (Aug 2020) https://www.yardbarker.com/nfl/articles/ranking_the_offensive_play_callers_from_every_nfl_team/s1__32555903"
2020,MIA,Chan Gailey,OC,1,True,Chan Gailey,,"Yardbarker, ""Ranking the offensive play-callers from every NFL team"" (Aug 2020) https://www.yardbarker.com/nfl/articles/ranking_the_offensive_play_callers_from_every_nfl_team/s1__32555903"
2020,MIN,Gary Kubiak,OC,1,True,Gary Kubiak,,"Yardbarker, ""Ranking the offensive play-callers from every NFL team"" (Aug 2020) https://www.yardbarker.com/nfl/articles/ranking_the_offensive_play_callers_from_every_nfl_team/s1__32555903"
2020,NE,Josh McDaniels,OC,1,True,Josh McDaniels,,"Yardbarker, ""Ranking the offensive play-callers from every NFL team"" (Aug 2020) https://www.yardbarker.com/nfl/articles/ranking_the_offensive_play_callers_from_every_nfl_team/s1__32555903"
2020,NO,Sean Payton,HC,1,True,Sean Payton,,"Yardbarker, ""Ranking the offensive play-callers from every NFL team"" (Aug 2020) https://www.yardbarker.com/nfl/articles/ranking_the_offensive_play_callers_from_every_nfl_team/s1__32555903"
2020,NYG,Jason Garrett,OC,1,True,Jason Garrett,,"Yardbarker, ""Ranking the offensive play-callers from every NFL team"" (Aug 2020) https://www.yardbarker.com/nfl/articles/ranking_the_offensive_play_callers_from_every_nfl_team/s1__32555903"
2020,NYJ,Adam Gase,HC,1,True,Adam Gase,,"Yardbarker, ""Ranking the offensive play-callers from every NFL team"" (Aug 2020) https://www.yardbarker.com/nfl/articles/ranking_the_offensive_play_callers_from_every_nfl_team/s1__32555903"
2020,PHI,Doug Pederson,HC,1,True,Doug Pederson,,"Yardbarker, ""Ranking the offensive play-callers from every NFL team"" (Aug 2020) https://www.yardbarker.com/nfl/articles/ranking_the_offensive_play_callers_from_every_nfl_team/s1__32555903"
2020,PIT,Randy Fichtner,OC,1,True,Randy Fichtner,,"Yardbarker, ""Ranking the offensive play-callers from every NFL team"" (Aug 2020) https://www.yardbarker.com/nfl/articles/ranking_the_offensive_play_callers_from_every_nfl_team/s1__32555903"
2020,SEA,Brian Schottenheimer,OC,1,True,Brian Schottenheimer,,"Yardbarker, ""Ranking the offensive play-callers from every NFL team"" (Aug 2020) https://www.yardbarker.com/nfl/articles/ranking_the_offensive_play_callers_from_every_nfl_team/s1__32555903"
2020,SF,Kyle Shanahan,HC,1,True,Kyle Shanahan,,"Yardbarker, ""Ranking the offensive play-callers from every NFL team"" (Aug 2020) https://www.yardbarker.com/nfl/articles/ranking_the_offensive_play_callers_from_every_nfl_team/s1__32555903"
2020,TB,Byron Leftwich,OC,1,True,Byron Leftwich,,"Yardbarker, ""Ranking the offensive play-callers from every NFL team"" (Aug 2020) https://www.yardbarker.com/nfl/articles/ranking_the_offensive_play_callers_from_every_nfl_team/s1__32555903"
2020,TEN,Arthur Smith,OC,1,True,Arthur Smith,,"Yardbarker, ""Ranking the offensive play-callers from every NFL team"" (Aug 2020) https://www.yardbarker.com/nfl/articles/ranking_the_offensive_play_callers_from_every_nfl_team/s1__32555903"
2020,WAS,Scott Turner,OC,1,True,Scott Turner,,"Yardbarker, ""Ranking the offensive play-callers from every NFL team"" (Aug 2020) https://www.yardbarker.com/nfl/articles/ranking_the_offensive_play_callers_from_every_nfl_team/s1__32555903"
2021,ARI,Kliff Kingsbury,HC,1,True,Kliff Kingsbury,,"Yardbarker, ""Ranking the offensive play-caller for each NFL team"" (Sep 2021) https://www.yardbarker.com/nfl/articles/ranking_the_offensive_play_caller_for_each_nfl_team/s1__35857394"
2021,ATL,Arthur Smith,HC,1,True,Arthur Smith,,"Yardbarker, ""Ranking the offensive play-caller for each NFL team"" (Sep 2021) https://www.yardbarker.com/nfl/articles/ranking_the_offensive_play_caller_for_each_nfl_team/s1__35857394"
2021,BAL,Greg Roman,OC,1,True,Greg Roman,,"Yardbarker, ""Ranking the offensive play-caller for each NFL team"" (Sep 2021) https://www.yardbarker.com/nfl/articles/ranking_the_offensive_play_caller_for_each_nfl_team/s1__35857394"
2021,BUF,Brian Daboll,OC,2,True,Brian Daboll,,"PFF, ""Ranking the NFL's best offensive play callers ahead of the 2021 season"" (top 6 only) https://www.pff.com/news/nfl-ranking-best-offensive-play-callers-entering-2021-season || Yardbarker, ""Ranking the offensive play-caller for each NFL team"" (Sep 2021) https://www.yardbarker.com/nfl/articles/ranking_the_offensive_play_caller_for_each_nfl_team/s1__35857394"
2021,CAR,Joe Brady,OC,2,True,Joe Brady,,"PFF, ""Ranking the NFL's best offensive play callers ahead of the 2021 season"" (top 6 only) https://www.pff.com/news/nfl-ranking-best-offensive-play-callers-entering-2021-season || Yardbarker, ""Ranking the offensive play-caller for each NFL team"" (Sep 2021) https://www.yardbarker.com/nfl/articles/ranking_the_offensive_play_caller_for_each_nfl_team/s1__35857394"
2021,CHI,Matt Nagy,HC,1,True,Matt Nagy,,"Yardbarker, ""Ranking the offensive play-caller for each NFL team"" (Sep 2021) https://www.yardbarker.com/nfl/articles/ranking_the_offensive_play_caller_for_each_nfl_team/s1__35857394"
2021,CIN,Zac Taylor,HC,1,True,Zac Taylor,,"Yardbarker, ""Ranking the offensive play-caller for each NFL team"" (Sep 2021) https://www.yardbarker.com/nfl/articles/ranking_the_offensive_play_caller_for_each_nfl_team/s1__35857394"
2021,CLE,Kevin Stefanski,HC,1,True,Kevin Stefanski,,"Yardbarker, ""Ranking the offensive play-caller for each NFL team"" (Sep 2021) https://www.yardbarker.com/nfl/articles/ranking_the_offensive_play_caller_for_each_nfl_team/s1__35857394"
2021,DAL,Kellen Moore,OC,1,True,Kellen Moore,,"Yardbarker, ""Ranking the offensive play-caller for each NFL team"" (Sep 2021) https://www.yardbarker.com/nfl/articles/ranking_the_offensive_play_caller_for_each_nfl_team/s1__35857394"
2021,DEN,Pat Shurmur,OC,1,True,Pat Shurmur,,"Yardbarker, ""Ranking the offensive play-caller for each NFL team"" (Sep 2021) https://www.yardbarker.com/nfl/articles/ranking_the_offensive_play_caller_for_each_nfl_team/s1__35857394"
2021,DET,Anthony Lynn,OC,1,True,Anthony Lynn,,"Yardbarker, ""Ranking the offensive play-caller for each NFL team"" (Sep 2021) https://www.yardbarker.com/nfl/articles/ranking_the_offensive_play_caller_for_each_nfl_team/s1__35857394"
2021,GB,Matt LaFleur,HC,2,True,Matt LaFleur,,"PFF, ""Ranking the NFL's best offensive play callers ahead of the 2021 season"" (top 6 only) https://www.pff.com/news/nfl-ranking-best-offensive-play-callers-entering-2021-season || Yardbarker, ""Ranking the offensive play-caller for each NFL team"" (Sep 2021) https://www.yardbarker.com/nfl/articles/ranking_the_offensive_play_caller_for_each_nfl_team/s1__35857394"
2021,HOU,Tim Kelly,OC,1,True,Tim Kelly,,"Yardbarker, ""Ranking the offensive play-caller for each NFL team"" (Sep 2021) https://www.yardbarker.com/nfl/articles/ranking_the_offensive_play_caller_for_each_nfl_team/s1__35857394"
2021,IND,Frank Reich,HC,1,True,Frank Reich,,"Yardbarker, ""Ranking the offensive play-caller for each NFL team"" (Sep 2021) https://www.yardbarker.com/nfl/articles/ranking_the_offensive_play_caller_for_each_nfl_team/s1__35857394"
2021,JAX,Darrell Bevell,OC,1,True,Darrell Bevell,,"Yardbarker, ""Ranking the offensive play-caller for each NFL team"" (Sep 2021) https://www.yardbarker.com/nfl/articles/ranking_the_offensive_play_caller_for_each_nfl_team/s1__35857394"
2021,KC,Andy Reid,HC,2,True,Andy Reid,,"PFF, ""Ranking the NFL's best offensive play callers ahead of the 2021 season"" (top 6 only) https://www.pff.com/news/nfl-ranking-best-offensive-play-callers-entering-2021-season || Yardbarker, ""Ranking the offensive play-caller for each NFL team"" (Sep 2021) https://www.yardbarker.com/nfl/articles/ranking_the_offensive_play_caller_for_each_nfl_team/s1__35857394"
2021,LA,Sean McVay,HC,1,True,Sean McVay,,"Yardbarker, ""Ranking the offensive play-caller for each NFL team"" (Sep 2021) https://www.yardbarker.com/nfl/articles/ranking_the_offensive_play_caller_for_each_nfl_team/s1__35857394"
2021,LAC,Joe Lombardi,OC,1,True,Joe Lombardi,,"Yardbarker, ""Ranking the offensive play-caller for each NFL team"" (Sep 2021) https://www.yardbarker.com/nfl/articles/ranking_the_offensive_play_caller_for_each_nfl_team/s1__35857394"
2021,LV,Jon Gruden,HC,2,True,Jon Gruden,,"PFF, ""Ranking the NFL's best offensive play callers ahead of the 2021 season"" (top 6 only) https://www.pff.com/news/nfl-ranking-best-offensive-play-callers-entering-2021-season || Yardbarker, ""Ranking the offensive play-caller for each NFL team"" (Sep 2021) https://www.yardbarker.com/nfl/articles/ranking_the_offensive_play_caller_for_each_nfl_team/s1__35857394"
2021,MIA,George Godsey / Eric Studesville,co-OC,1,True,George Godsey / Eric Studesville,,"Yardbarker, ""Ranking the offensive play-caller for each NFL team"" (Sep 2021) https://www.yardbarker.com/nfl/articles/ranking_the_offensive_play_caller_for_each_nfl_team/s1__35857394"
2021,MIN,Klint Kubiak,OC,1,True,Klint Kubiak,,"Yardbarker, ""Ranking the offensive play-caller for each NFL team"" (Sep 2021) https://www.yardbarker.com/nfl/articles/ranking_the_offensive_play_caller_for_each_nfl_team/s1__35857394"
2021,NE,Josh McDaniels,OC,1,True,Josh McDaniels,,"Yardbarker, ""Ranking the offensive play-caller for each NFL team"" (Sep 2021) https://www.yardbarker.com/nfl/articles/ranking_the_offensive_play_caller_for_each_nfl_team/s1__35857394"
2021,NO,Sean Payton,HC,1,True,Sean Payton,,"Yardbarker, ""Ranking the offensive play-caller for each NFL team"" (Sep 2021) https://www.yardbarker.com/nfl/articles/ranking_the_offensive_play_caller_for_each_nfl_team/s1__35857394"
2021,NYG,Jason Garrett,OC,1,True,Jason Garrett,,"Yardbarker, ""Ranking the offensive play-caller for each NFL team"" (Sep 2021) https://www.yardbarker.com/nfl/articles/ranking_the_offensive_play_caller_for_each_nfl_team/s1__35857394"
2021,NYJ,Mike LaFleur,OC,1,True,Mike LaFleur,,"Yardbarker, ""Ranking the offensive play-caller for each NFL team"" (Sep 2021) https://www.yardbarker.com/nfl/articles/ranking_the_offensive_play_caller_for_each_nfl_team/s1__35857394"
2021,PHI,Nick Sirianni,HC,1,True,Nick Sirianni,,"Yardbarker, ""Ranking the offensive play-caller for each NFL team"" (Sep 2021) https://www.yardbarker.com/nfl/articles/ranking_the_offensive_play_caller_for_each_nfl_team/s1__35857394"
2021,PIT,Matt Canada,OC,1,True,Matt Canada,,"Yardbarker, ""Ranking the offensive play-caller for each NFL team"" (Sep 2021) https://www.yardbarker.com/nfl/articles/ranking_the_offensive_play_caller_for_each_nfl_team/s1__35857394"
2021,SEA,Shane Waldron,OC,1,True,Shane Waldron,,"Yardbarker, ""Ranking the offensive play-caller for each NFL team"" (Sep 2021) https://www.yardbarker.com/nfl/articles/ranking_the_offensive_play_caller_for_each_nfl_team/s1__35857394"
2021,SF,Kyle Shanahan,HC,1,True,Kyle Shanahan,,"Yardbarker, ""Ranking the offensive play-caller for each NFL team"" (Sep 2021) https://www.yardbarker.com/nfl/articles/ranking_the_offensive_play_caller_for_each_nfl_team/s1__35857394"
2021,TB,Byron Leftwich,OC,2,True,Byron Leftwich,,"PFF, ""Ranking the NFL's best offensive play callers ahead of the 2021 season"" (top 6 only) https://www.pff.com/news/nfl-ranking-best-offensive-play-callers-entering-2021-season || Yardbarker, ""Ranking the offensive play-caller for each NFL team"" (Sep 2021) https://www.yardbarker.com/nfl/articles/ranking_the_offensive_play_caller_for_each_nfl_team/s1__35857394"
2021,TEN,Todd Downing,OC,1,True,Todd Downing,,"Yardbarker, ""Ranking the offensive play-caller for each NFL team"" (Sep 2021) https://www.yardbarker.com/nfl/articles/ranking_the_offensive_play_caller_for_each_nfl_team/s1__35857394"
2021,WAS,Scott Turner,OC,1,True,Scott Turner,,"Yardbarker, ""Ranking the offensive play-caller for each NFL team"" (Sep 2021) https://www.yardbarker.com/nfl/articles/ranking_the_offensive_play_caller_for_each_nfl_team/s1__35857394"
2022,ARI,Kliff Kingsbury,HC,1,True,Kliff Kingsbury,,"Yardbarker, ""Ranking the offensive play-caller for each NFL team"" (Oct 2022) https://www.yardbarker.com/nfl/articles/ranking_the_offensive_play_caller_for_each_nfl_team/s1__37978942"
2022,ATL,Arthur Smith,HC,1,True,Arthur Smith,,"Yardbarker, ""Ranking the offensive play-caller for each NFL team"" (Oct 2022) https://www.yardbarker.com/nfl/articles/ranking_the_offensive_play_caller_for_each_nfl_team/s1__37978942"
2022,BAL,Greg Roman,OC,1,True,Greg Roman,,"Yardbarker, ""Ranking the offensive play-caller for each NFL team"" (Oct 2022) https://www.yardbarker.com/nfl/articles/ranking_the_offensive_play_caller_for_each_nfl_team/s1__37978942"
2022,BUF,Ken Dorsey,OC,1,True,Ken Dorsey,,"Yardbarker, ""Ranking the offensive play-caller for each NFL team"" (Oct 2022) https://www.yardbarker.com/nfl/articles/ranking_the_offensive_play_caller_for_each_nfl_team/s1__37978942"
2022,CAR,Ben McAdoo,OC,1,True,Ben McAdoo,,"Yardbarker, ""Ranking the offensive play-caller for each NFL team"" (Oct 2022) https://www.yardbarker.com/nfl/articles/ranking_the_offensive_play_caller_for_each_nfl_team/s1__37978942"
2022,CHI,Luke Getsy,OC,1,True,Luke Getsy,,"Yardbarker, ""Ranking the offensive play-caller for each NFL team"" (Oct 2022) https://www.yardbarker.com/nfl/articles/ranking_the_offensive_play_caller_for_each_nfl_team/s1__37978942"
2022,CIN,Zac Taylor,HC,1,True,Zac Taylor,,"Yardbarker, ""Ranking the offensive play-caller for each NFL team"" (Oct 2022) https://www.yardbarker.com/nfl/articles/ranking_the_offensive_play_caller_for_each_nfl_team/s1__37978942"
2022,CLE,Kevin Stefanski,HC,1,True,Kevin Stefanski,,"Yardbarker, ""Ranking the offensive play-caller for each NFL team"" (Oct 2022) https://www.yardbarker.com/nfl/articles/ranking_the_offensive_play_caller_for_each_nfl_team/s1__37978942"
2022,DAL,Kellen Moore,OC,2,True,Kellen Moore,,"PFF, ""Ranking the NFL's best offensive play callers ahead of the 2022 season"" (top 6 only) https://www.pff.com/news/nfl-ranking-best-offensive-play-callers-2022 || Yardbarker, ""Ranking the offensive play-caller for each NFL team"" (Oct 2022) https://www.yardbarker.com/nfl/articles/ranking_the_offensive_play_caller_for_each_nfl_team/s1__37978942"
2022,DEN,Nathaniel Hackett,HC,1,True,Nathaniel Hackett,,"Yardbarker, ""Ranking the offensive play-caller for each NFL team"" (Oct 2022) https://www.yardbarker.com/nfl/articles/ranking_the_offensive_play_caller_for_each_nfl_team/s1__37978942"
2022,DET,Ben Johnson,OC,1,True,Ben Johnson,,"Yardbarker, ""Ranking the offensive play-caller for each NFL team"" (Oct 2022) https://www.yardbarker.com/nfl/articles/ranking_the_offensive_play_caller_for_each_nfl_team/s1__37978942"
2022,GB,Matt LaFleur,HC,2,True,Matt LaFleur,,"PFF, ""Ranking the NFL's best offensive play callers ahead of the 2022 season"" (top 6 only) https://www.pff.com/news/nfl-ranking-best-offensive-play-callers-2022 || Yardbarker, ""Ranking the offensive play-caller for each NFL team"" (Oct 2022) https://www.yardbarker.com/nfl/articles/ranking_the_offensive_play_caller_for_each_nfl_team/s1__37978942"
2022,HOU,Pep Hamilton,OC,1,True,Pep Hamilton,,"Yardbarker, ""Ranking the offensive play-caller for each NFL team"" (Oct 2022) https://www.yardbarker.com/nfl/articles/ranking_the_offensive_play_caller_for_each_nfl_team/s1__37978942"
2022,IND,Frank Reich,HC,1,True,Frank Reich,,"Yardbarker, ""Ranking the offensive play-caller for each NFL team"" (Oct 2022) https://www.yardbarker.com/nfl/articles/ranking_the_offensive_play_caller_for_each_nfl_team/s1__37978942"
2022,JAX,Doug Pederson,HC,1,True,Doug Pederson,,"Yardbarker, ""Ranking the offensive play-caller for each NFL team"" (Oct 2022) https://www.yardbarker.com/nfl/articles/ranking_the_offensive_play_caller_for_each_nfl_team/s1__37978942"
2022,KC,Andy Reid,HC,2,True,Andy Reid,,"PFF, ""Ranking the NFL's best offensive play callers ahead of the 2022 season"" (top 6 only) https://www.pff.com/news/nfl-ranking-best-offensive-play-callers-2022 || Yardbarker, ""Ranking the offensive play-caller for each NFL team"" (Oct 2022) https://www.yardbarker.com/nfl/articles/ranking_the_offensive_play_caller_for_each_nfl_team/s1__37978942"
2022,LA,Sean McVay,HC,2,True,Sean McVay,,"PFF, ""Ranking the NFL's best offensive play callers ahead of the 2022 season"" (top 6 only) https://www.pff.com/news/nfl-ranking-best-offensive-play-callers-2022 || Yardbarker, ""Ranking the offensive play-caller for each NFL team"" (Oct 2022) https://www.yardbarker.com/nfl/articles/ranking_the_offensive_play_caller_for_each_nfl_team/s1__37978942"
2022,LAC,Joe Lombardi,OC,1,True,Joe Lombardi,,"Yardbarker, ""Ranking the offensive play-caller for each NFL team"" (Oct 2022) https://www.yardbarker.com/nfl/articles/ranking_the_offensive_play_caller_for_each_nfl_team/s1__37978942"
2022,LV,Josh McDaniels,HC,1,True,Josh McDaniels,,"Yardbarker, ""Ranking the offensive play-caller for each NFL team"" (Oct 2022) https://www.yardbarker.com/nfl/articles/ranking_the_offensive_play_caller_for_each_nfl_team/s1__37978942"
2022,MIA,Mike McDaniel,HC,1,True,Mike McDaniel,,"Yardbarker, ""Ranking the offensive play-caller for each NFL team"" (Oct 2022) https://www.yardbarker.com/nfl/articles/ranking_the_offensive_play_caller_for_each_nfl_team/s1__37978942"
2022,MIN,Kevin O'Connell,HC,1,True,Kevin O'Connell,,"Yardbarker, ""Ranking the offensive play-caller for each NFL team"" (Oct 2022) https://www.yardbarker.com/nfl/articles/ranking_the_offensive_play_caller_for_each_nfl_team/s1__37978942"
2022,NE,Matt Patricia / Joe Judge,other,1,True,Matt Patricia / Joe Judge,,"Yardbarker, ""Ranking the offensive play-caller for each NFL team"" (Oct 2022) https://www.yardbarker.com/nfl/articles/ranking_the_offensive_play_caller_for_each_nfl_team/s1__37978942"
2022,NO,Pete Carmichael,OC,1,True,Pete Carmichael,,"Yardbarker, ""Ranking the offensive play-caller for each NFL team"" (Oct 2022) https://www.yardbarker.com/nfl/articles/ranking_the_offensive_play_caller_for_each_nfl_team/s1__37978942"
2022,NYG,Mike Kafka,OC,1,True,Mike Kafka,,"Yardbarker, ""Ranking the offensive play-caller for each NFL team"" (Oct 2022) https://www.yardbarker.com/nfl/articles/ranking_the_offensive_play_caller_for_each_nfl_team/s1__37978942"
2022,NYJ,Mike LaFleur,OC,1,True,Mike LaFleur,,"Yardbarker, ""Ranking the offensive play-caller for each NFL team"" (Oct 2022) https://www.yardbarker.com/nfl/articles/ranking_the_offensive_play_caller_for_each_nfl_team/s1__37978942"
2022,PHI,Nick Sirianni,HC,1,True,Nick Sirianni,,"Yardbarker, ""Ranking the offensive play-caller for each NFL team"" (Oct 2022) https://www.yardbarker.com/nfl/articles/ranking_the_offensive_play_caller_for_each_nfl_team/s1__37978942"
2022,PIT,Matt Canada,OC,1,True,Matt Canada,,"Yardbarker, ""Ranking the offensive play-caller for each NFL team"" (Oct 2022) https://www.yardbarker.com/nfl/articles/ranking_the_offensive_play_caller_for_each_nfl_team/s1__37978942"
2022,SEA,Shane Waldron,OC,1,True,Shane Waldron,,"Yardbarker, ""Ranking the offensive play-caller for each NFL team"" (Oct 2022) https://www.yardbarker.com/nfl/articles/ranking_the_offensive_play_caller_for_each_nfl_team/s1__37978942"
2022,SF,Kyle Shanahan,HC,2,True,Kyle Shanahan,,"PFF, ""Ranking the NFL's best offensive play callers ahead of the 2022 season"" (top 6 only) https://www.pff.com/news/nfl-ranking-best-offensive-play-callers-2022 || Yardbarker, ""Ranking the offensive play-caller for each NFL team"" (Oct 2022) https://www.yardbarker.com/nfl/articles/ranking_the_offensive_play_caller_for_each_nfl_team/s1__37978942"
2022,TB,Byron Leftwich,OC,2,True,Byron Leftwich,,"PFF, ""Ranking the NFL's best offensive play callers ahead of the 2022 season"" (top 6 only) https://www.pff.com/news/nfl-ranking-best-offensive-play-callers-2022 || Yardbarker, ""Ranking the offensive play-caller for each NFL team"" (Oct 2022) https://www.yardbarker.com/nfl/articles/ranking_the_offensive_play_caller_for_each_nfl_team/s1__37978942"
2022,TEN,Todd Downing,OC,1,True,Todd Downing,,"Yardbarker, ""Ranking the offensive play-caller for each NFL team"" (Oct 2022) https://www.yardbarker.com/nfl/articles/ranking_the_offensive_play_caller_for_each_nfl_team/s1__37978942"
2022,WAS,Scott Turner,OC,1,True,Scott Turner,,"Yardbarker, ""Ranking the offensive play-caller for each NFL team"" (Oct 2022) https://www.yardbarker.com/nfl/articles/ranking_the_offensive_play_caller_for_each_nfl_team/s1__37978942"
2023,ARI,Drew Petzing,OC,2,True,Drew Petzing,,"Fantasy Index, ""Offensive minds - Ranking the play callers 1 thru 32"" (June 2023) https://fantasyindex.com/2023/06/15/ian-allan/offensive-minds || Yardbarker, ""Ranking the offensive play-caller for each NFL team"" (Jan 2024, covers 2023) https://www.yardbarker.com/nfl/articles/ranking_the_offensive_play_caller_for_each_nfl_team_011224/s1__39276975"
2023,ATL,Arthur Smith,HC,2,True,Arthur Smith,,"Fantasy Index, ""Offensive minds - Ranking the play callers 1 thru 32"" (June 2023) https://fantasyindex.com/2023/06/15/ian-allan/offensive-minds || Yardbarker, ""Ranking the offensive play-caller for each NFL team"" (Jan 2024, covers 2023) https://www.yardbarker.com/nfl/articles/ranking_the_offensive_play_caller_for_each_nfl_team_011224/s1__39276975"
2023,BAL,Todd Monken,OC,2,True,Todd Monken,,"Fantasy Index, ""Offensive minds - Ranking the play callers 1 thru 32"" (June 2023) https://fantasyindex.com/2023/06/15/ian-allan/offensive-minds || Yardbarker, ""Ranking the offensive play-caller for each NFL team"" (Jan 2024, covers 2023) https://www.yardbarker.com/nfl/articles/ranking_the_offensive_play_caller_for_each_nfl_team_011224/s1__39276975"
2023,BUF,Ken Dorsey,OC,2,False,Ken Dorsey || Joe Brady,,"Fantasy Index, ""Offensive minds - Ranking the play callers 1 thru 32"" (June 2023) https://fantasyindex.com/2023/06/15/ian-allan/offensive-minds || Yardbarker, ""Ranking the offensive play-caller for each NFL team"" (Jan 2024, covers 2023) https://www.yardbarker.com/nfl/articles/ranking_the_offensive_play_caller_for_each_nfl_team_011224/s1__39276975"
2023,CAR,Frank Reich,HC,2,False,Frank Reich || Frank Reich / Thomas Brown,,"Fantasy Index, ""Offensive minds - Ranking the play callers 1 thru 32"" (June 2023) https://fantasyindex.com/2023/06/15/ian-allan/offensive-minds || Yardbarker, ""Ranking the offensive play-caller for each NFL team"" (Jan 2024, covers 2023) https://www.yardbarker.com/nfl/articles/ranking_the_offensive_play_caller_for_each_nfl_team_011224/s1__39276975"
2023,CHI,Luke Getsy,OC,2,True,Luke Getsy,,"Fantasy Index, ""Offensive minds - Ranking the play callers 1 thru 32"" (June 2023) https://fantasyindex.com/2023/06/15/ian-allan/offensive-minds || Yardbarker, ""Ranking the offensive play-caller for each NFL team"" (Jan 2024, covers 2023) https://www.yardbarker.com/nfl/articles/ranking_the_offensive_play_caller_for_each_nfl_team_011224/s1__39276975"
2023,CIN,Zac Taylor,HC,2,True,Zac Taylor,,"Fantasy Index, ""Offensive minds - Ranking the play callers 1 thru 32"" (June 2023) https://fantasyindex.com/2023/06/15/ian-allan/offensive-minds || Yardbarker, ""Ranking the offensive play-caller for each NFL team"" (Jan 2024, covers 2023) https://www.yardbarker.com/nfl/articles/ranking_the_offensive_play_caller_for_each_nfl_team_011224/s1__39276975"
2023,CLE,Kevin Stefanski,HC,2,True,Kevin Stefanski,,"Fantasy Index, ""Offensive minds - Ranking the play callers 1 thru 32"" (June 2023) https://fantasyindex.com/2023/06/15/ian-allan/offensive-minds || Yardbarker, ""Ranking the offensive play-caller for each NFL team"" (Jan 2024, covers 2023) https://www.yardbarker.com/nfl/articles/ranking_the_offensive_play_caller_for_each_nfl_team_011224/s1__39276975"
2023,DAL,Mike McCarthy,HC,2,True,Mike McCarthy,,"Fantasy Index, ""Offensive minds - Ranking the play callers 1 thru 32"" (June 2023) https://fantasyindex.com/2023/06/15/ian-allan/offensive-minds || Yardbarker, ""Ranking the offensive play-caller for each NFL team"" (Jan 2024, covers 2023) https://www.yardbarker.com/nfl/articles/ranking_the_offensive_play_caller_for_each_nfl_team_011224/s1__39276975"
2023,DEN,Sean Payton,HC,2,True,Sean Payton,,"Fantasy Index, ""Offensive minds - Ranking the play callers 1 thru 32"" (June 2023) https://fantasyindex.com/2023/06/15/ian-allan/offensive-minds || Yardbarker, ""Ranking the offensive play-caller for each NFL team"" (Jan 2024, covers 2023) https://www.yardbarker.com/nfl/articles/ranking_the_offensive_play_caller_for_each_nfl_team_011224/s1__39276975"
2023,DET,Ben Johnson,OC,2,True,Ben Johnson,,"Fantasy Index, ""Offensive minds - Ranking the play callers 1 thru 32"" (June 2023) https://fantasyindex.com/2023/06/15/ian-allan/offensive-minds || Yardbarker, ""Ranking the offensive play-caller for each NFL team"" (Jan 2024, covers 2023) https://www.yardbarker.com/nfl/articles/ranking_the_offensive_play_caller_for_each_nfl_team_011224/s1__39276975"
2023,GB,Matt LaFleur,HC,2,True,Matt LaFleur,,"Fantasy Index, ""Offensive minds - Ranking the play callers 1 thru 32"" (June 2023) https://fantasyindex.com/2023/06/15/ian-allan/offensive-minds || Yardbarker, ""Ranking the offensive play-caller for each NFL team"" (Jan 2024, covers 2023) https://www.yardbarker.com/nfl/articles/ranking_the_offensive_play_caller_for_each_nfl_team_011224/s1__39276975"
2023,HOU,Bobby Slowik,OC,2,True,Bobby Slowik,,"Fantasy Index, ""Offensive minds - Ranking the play callers 1 thru 32"" (June 2023) https://fantasyindex.com/2023/06/15/ian-allan/offensive-minds || Yardbarker, ""Ranking the offensive play-caller for each NFL team"" (Jan 2024, covers 2023) https://www.yardbarker.com/nfl/articles/ranking_the_offensive_play_caller_for_each_nfl_team_011224/s1__39276975"
2023,IND,Shane Steichen,HC,2,True,Shane Steichen,,"Fantasy Index, ""Offensive minds - Ranking the play callers 1 thru 32"" (June 2023) https://fantasyindex.com/2023/06/15/ian-allan/offensive-minds || Yardbarker, ""Ranking the offensive play-caller for each NFL team"" (Jan 2024, covers 2023) https://www.yardbarker.com/nfl/articles/ranking_the_offensive_play_caller_for_each_nfl_team_011224/s1__39276975"
2023,JAX,Doug Pederson,HC,2,True,Doug Pederson,,"Fantasy Index, ""Offensive minds - Ranking the play callers 1 thru 32"" (June 2023) https://fantasyindex.com/2023/06/15/ian-allan/offensive-minds || Yardbarker, ""Ranking the offensive play-caller for each NFL team"" (Jan 2024, covers 2023) https://www.yardbarker.com/nfl/articles/ranking_the_offensive_play_caller_for_each_nfl_team_011224/s1__39276975"
2023,KC,Andy Reid,HC,2,True,Andy Reid,,"Fantasy Index, ""Offensive minds - Ranking the play callers 1 thru 32"" (June 2023) https://fantasyindex.com/2023/06/15/ian-allan/offensive-minds || Yardbarker, ""Ranking the offensive play-caller for each NFL team"" (Jan 2024, covers 2023) https://www.yardbarker.com/nfl/articles/ranking_the_offensive_play_caller_for_each_nfl_team_011224/s1__39276975"
2023,LA,Sean McVay,HC,2,True,Sean McVay,,"Fantasy Index, ""Offensive minds - Ranking the play callers 1 thru 32"" (June 2023) https://fantasyindex.com/2023/06/15/ian-allan/offensive-minds || Yardbarker, ""Ranking the offensive play-caller for each NFL team"" (Jan 2024, covers 2023) https://www.yardbarker.com/nfl/articles/ranking_the_offensive_play_caller_for_each_nfl_team_011224/s1__39276975"
2023,LAC,Kellen Moore,OC,2,True,Kellen Moore,,"Fantasy Index, ""Offensive minds - Ranking the play callers 1 thru 32"" (June 2023) https://fantasyindex.com/2023/06/15/ian-allan/offensive-minds || Yardbarker, ""Ranking the offensive play-caller for each NFL team"" (Jan 2024, covers 2023) https://www.yardbarker.com/nfl/articles/ranking_the_offensive_play_caller_for_each_nfl_team_011224/s1__39276975"
2023,LV,Josh McDaniels,HC,2,True,Josh McDaniels,,"Fantasy Index, ""Offensive minds - Ranking the play callers 1 thru 32"" (June 2023) https://fantasyindex.com/2023/06/15/ian-allan/offensive-minds || Yardbarker, ""Ranking the offensive play-caller for each NFL team"" (Jan 2024, covers 2023) https://www.yardbarker.com/nfl/articles/ranking_the_offensive_play_caller_for_each_nfl_team_011224/s1__39276975"
2023,MIA,Mike McDaniel,HC,2,True,Mike McDaniel,,"Fantasy Index, ""Offensive minds - Ranking the play callers 1 thru 32"" (June 2023) https://fantasyindex.com/2023/06/15/ian-allan/offensive-minds || Yardbarker, ""Ranking the offensive play-caller for each NFL team"" (Jan 2024, covers 2023) https://www.yardbarker.com/nfl/articles/ranking_the_offensive_play_caller_for_each_nfl_team_011224/s1__39276975"
2023,MIN,Kevin O'Connell,HC,2,True,Kevin O'Connell,,"Fantasy Index, ""Offensive minds - Ranking the play callers 1 thru 32"" (June 2023) https://fantasyindex.com/2023/06/15/ian-allan/offensive-minds || Yardbarker, ""Ranking the offensive play-caller for each NFL team"" (Jan 2024, covers 2023) https://www.yardbarker.com/nfl/articles/ranking_the_offensive_play_caller_for_each_nfl_team_011224/s1__39276975"
2023,NE,Bill O'Brien,OC,2,True,Bill O'Brien,,"Fantasy Index, ""Offensive minds - Ranking the play callers 1 thru 32"" (June 2023) https://fantasyindex.com/2023/06/15/ian-allan/offensive-minds || Yardbarker, ""Ranking the offensive play-caller for each NFL team"" (Jan 2024, covers 2023) https://www.yardbarker.com/nfl/articles/ranking_the_offensive_play_caller_for_each_nfl_team_011224/s1__39276975"
2023,NO,Pete Carmichael,OC,2,True,Pete Carmichael,,"Fantasy Index, ""Offensive minds - Ranking the play callers 1 thru 32"" (June 2023) https://fantasyindex.com/2023/06/15/ian-allan/offensive-minds || Yardbarker, ""Ranking the offensive play-caller for each NFL team"" (Jan 2024, covers 2023) https://www.yardbarker.com/nfl/articles/ranking_the_offensive_play_caller_for_each_nfl_team_011224/s1__39276975"
2023,NYG,Brian Daboll / Mike Kafka,HC/OC,2,False,Brian Daboll / Mike Kafka || Mike Kafka / Brian Daboll,,"Fantasy Index, ""Offensive minds - Ranking the play callers 1 thru 32"" (June 2023) https://fantasyindex.com/2023/06/15/ian-allan/offensive-minds || Yardbarker, ""Ranking the offensive play-caller for each NFL team"" (Jan 2024, covers 2023) https://www.yardbarker.com/nfl/articles/ranking_the_offensive_play_caller_for_each_nfl_team_011224/s1__39276975"
2023,NYJ,Nathaniel Hackett,OC,2,True,Nathaniel Hackett,,"Fantasy Index, ""Offensive minds - Ranking the play callers 1 thru 32"" (June 2023) https://fantasyindex.com/2023/06/15/ian-allan/offensive-minds || Yardbarker, ""Ranking the offensive play-caller for each NFL team"" (Jan 2024, covers 2023) https://www.yardbarker.com/nfl/articles/ranking_the_offensive_play_caller_for_each_nfl_team_011224/s1__39276975"
2023,PHI,Nick Sirianni,HC,2,False,Nick Sirianni || Brian Johnson,,"Fantasy Index, ""Offensive minds - Ranking the play callers 1 thru 32"" (June 2023) https://fantasyindex.com/2023/06/15/ian-allan/offensive-minds || Yardbarker, ""Ranking the offensive play-caller for each NFL team"" (Jan 2024, covers 2023) https://www.yardbarker.com/nfl/articles/ranking_the_offensive_play_caller_for_each_nfl_team_011224/s1__39276975"
2023,PIT,Matt Canada,OC,2,True,Matt Canada,,"Fantasy Index, ""Offensive minds - Ranking the play callers 1 thru 32"" (June 2023) https://fantasyindex.com/2023/06/15/ian-allan/offensive-minds || Yardbarker, ""Ranking the offensive play-caller for each NFL team"" (Jan 2024, covers 2023) https://www.yardbarker.com/nfl/articles/ranking_the_offensive_play_caller_for_each_nfl_team_011224/s1__39276975"
2023,SEA,Shane Waldron,OC,2,True,Shane Waldron,,"Fantasy Index, ""Offensive minds - Ranking the play callers 1 thru 32"" (June 2023) https://fantasyindex.com/2023/06/15/ian-allan/offensive-minds || Yardbarker, ""Ranking the offensive play-caller for each NFL team"" (Jan 2024, covers 2023) https://www.yardbarker.com/nfl/articles/ranking_the_offensive_play_caller_for_each_nfl_team_011224/s1__39276975"
2023,SF,Kyle Shanahan,HC,2,True,Kyle Shanahan,,"Fantasy Index, ""Offensive minds - Ranking the play callers 1 thru 32"" (June 2023) https://fantasyindex.com/2023/06/15/ian-allan/offensive-minds || Yardbarker, ""Ranking the offensive play-caller for each NFL team"" (Jan 2024, covers 2023) https://www.yardbarker.com/nfl/articles/ranking_the_offensive_play_caller_for_each_nfl_team_011224/s1__39276975"
2023,TB,Dave Canales,OC,2,True,Dave Canales,,"Fantasy Index, ""Offensive minds - Ranking the play callers 1 thru 32"" (June 2023) https://fantasyindex.com/2023/06/15/ian-allan/offensive-minds || Yardbarker, ""Ranking the offensive play-caller for each NFL team"" (Jan 2024, covers 2023) https://www.yardbarker.com/nfl/articles/ranking_the_offensive_play_caller_for_each_nfl_team_011224/s1__39276975"
2023,TEN,Tim Kelly,OC,2,True,Tim Kelly,,"Fantasy Index, ""Offensive minds - Ranking the play callers 1 thru 32"" (June 2023) https://fantasyindex.com/2023/06/15/ian-allan/offensive-minds || Yardbarker, ""Ranking the offensive play-caller for each NFL team"" (Jan 2024, covers 2023) https://www.yardbarker.com/nfl/articles/ranking_the_offensive_play_caller_for_each_nfl_team_011224/s1__39276975"
2023,WAS,Eric Bieniemy,OC,2,True,Eric Bieniemy,,"Fantasy Index, ""Offensive minds - Ranking the play callers 1 thru 32"" (June 2023) https://fantasyindex.com/2023/06/15/ian-allan/offensive-minds || Yardbarker, ""Ranking the offensive play-caller for each NFL team"" (Jan 2024, covers 2023) https://www.yardbarker.com/nfl/articles/ranking_the_offensive_play_caller_for_each_nfl_team_011224/s1__39276975"
2024,ARI,Drew Petzing,OC,2,True,Drew Petzing,,"ESPN via ABC11, ""Who calls plays for every NFL team in 2024?"" https://abc11.com/post/calls-plays-every-nfl-team-2024-what-know/15246862/ || TotalProSports, ""Who are the NFL play callers for each team in 2024?"" https://www.totalprosports.com/nfl/who-are-the-nfl-play-callers-for-each-team-in-2024/"
2024,ATL,Zac Robinson,OC,2,True,Zac Robinson,,"ESPN via ABC11, ""Who calls plays for every NFL team in 2024?"" https://abc11.com/post/calls-plays-every-nfl-team-2024-what-know/15246862/ || TotalProSports, ""Who are the NFL play callers for each team in 2024?"" https://www.totalprosports.com/nfl/who-are-the-nfl-play-callers-for-each-team-in-2024/"
2024,BAL,Todd Monken,OC,2,True,Todd Monken,,"ESPN via ABC11, ""Who calls plays for every NFL team in 2024?"" https://abc11.com/post/calls-plays-every-nfl-team-2024-what-know/15246862/ || TotalProSports, ""Who are the NFL play callers for each team in 2024?"" https://www.totalprosports.com/nfl/who-are-the-nfl-play-callers-for-each-team-in-2024/"
2024,BUF,Joe Brady,OC,2,True,Joe Brady,,"ESPN via ABC11, ""Who calls plays for every NFL team in 2024?"" https://abc11.com/post/calls-plays-every-nfl-team-2024-what-know/15246862/ || TotalProSports, ""Who are the NFL play callers for each team in 2024?"" https://www.totalprosports.com/nfl/who-are-the-nfl-play-callers-for-each-team-in-2024/"
2024,CAR,Dave Canales,HC,2,True,Dave Canales,,"ESPN via ABC11, ""Who calls plays for every NFL team in 2024?"" https://abc11.com/post/calls-plays-every-nfl-team-2024-what-know/15246862/ || TotalProSports, ""Who are the NFL play callers for each team in 2024?"" https://www.totalprosports.com/nfl/who-are-the-nfl-play-callers-for-each-team-in-2024/"
2024,CHI,Shane Waldron,OC,2,True,Shane Waldron,,"ESPN via ABC11, ""Who calls plays for every NFL team in 2024?"" https://abc11.com/post/calls-plays-every-nfl-team-2024-what-know/15246862/ || TotalProSports, ""Who are the NFL play callers for each team in 2024?"" https://www.totalprosports.com/nfl/who-are-the-nfl-play-callers-for-each-team-in-2024/"
2024,CIN,Zac Taylor,HC,2,True,Zac Taylor,OC Dan Pitcher,"ESPN via ABC11, ""Who calls plays for every NFL team in 2024?"" https://abc11.com/post/calls-plays-every-nfl-team-2024-what-know/15246862/ || TotalProSports, ""Who are the NFL play callers for each team in 2024?"" https://www.totalprosports.com/nfl/who-are-the-nfl-play-callers-for-each-team-in-2024/"
2024,CLE,Kevin Stefanski,HC,2,True,Kevin Stefanski,OC Ken Dorsey,"ESPN via ABC11, ""Who calls plays for every NFL team in 2024?"" https://abc11.com/post/calls-plays-every-nfl-team-2024-what-know/15246862/ || TotalProSports, ""Who are the NFL play callers for each team in 2024?"" https://www.totalprosports.com/nfl/who-are-the-nfl-play-callers-for-each-team-in-2024/"
2024,DAL,Mike McCarthy,HC,2,True,Mike McCarthy,,"ESPN via ABC11, ""Who calls plays for every NFL team in 2024?"" https://abc11.com/post/calls-plays-every-nfl-team-2024-what-know/15246862/ || TotalProSports, ""Who are the NFL play callers for each team in 2024?"" https://www.totalprosports.com/nfl/who-are-the-nfl-play-callers-for-each-team-in-2024/"
2024,DEN,Sean Payton,HC,2,True,Sean Payton,,"ESPN via ABC11, ""Who calls plays for every NFL team in 2024?"" https://abc11.com/post/calls-plays-every-nfl-team-2024-what-know/15246862/ || TotalProSports, ""Who are the NFL play callers for each team in 2024?"" https://www.totalprosports.com/nfl/who-are-the-nfl-play-callers-for-each-team-in-2024/"
2024,DET,Ben Johnson,OC,2,True,Ben Johnson,,"ESPN via ABC11, ""Who calls plays for every NFL team in 2024?"" https://abc11.com/post/calls-plays-every-nfl-team-2024-what-know/15246862/ || TotalProSports, ""Who are the NFL play callers for each team in 2024?"" https://www.totalprosports.com/nfl/who-are-the-nfl-play-callers-for-each-team-in-2024/"
2024,GB,Matt LaFleur,HC,2,True,Matt LaFleur,,"ESPN via ABC11, ""Who calls plays for every NFL team in 2024?"" https://abc11.com/post/calls-plays-every-nfl-team-2024-what-know/15246862/ || TotalProSports, ""Who are the NFL play callers for each team in 2024?"" https://www.totalprosports.com/nfl/who-are-the-nfl-play-callers-for-each-team-in-2024/"
2024,HOU,Bobby Slowik,OC,2,True,Bobby Slowik,,"ESPN via ABC11, ""Who calls plays for every NFL team in 2024?"" https://abc11.com/post/calls-plays-every-nfl-team-2024-what-know/15246862/ || TotalProSports, ""Who are the NFL play callers for each team in 2024?"" https://www.totalprosports.com/nfl/who-are-the-nfl-play-callers-for-each-team-in-2024/"
2024,IND,Shane Steichen,HC,2,True,Shane Steichen,,"ESPN via ABC11, ""Who calls plays for every NFL team in 2024?"" https://abc11.com/post/calls-plays-every-nfl-team-2024-what-know/15246862/ || TotalProSports, ""Who are the NFL play callers for each team in 2024?"" https://www.totalprosports.com/nfl/who-are-the-nfl-play-callers-for-each-team-in-2024/"
2024,JAX,Press Taylor,OC,2,True,Press Taylor,,"ESPN via ABC11, ""Who calls plays for every NFL team in 2024?"" https://abc11.com/post/calls-plays-every-nfl-team-2024-what-know/15246862/ || TotalProSports, ""Who are the NFL play callers for each team in 2024?"" https://www.totalprosports.com/nfl/who-are-the-nfl-play-callers-for-each-team-in-2024/"
2024,KC,Andy Reid,HC,2,True,Andy Reid,,"ESPN via ABC11, ""Who calls plays for every NFL team in 2024?"" https://abc11.com/post/calls-plays-every-nfl-team-2024-what-know/15246862/ || TotalProSports, ""Who are the NFL play callers for each team in 2024?"" https://www.totalprosports.com/nfl/who-are-the-nfl-play-callers-for-each-team-in-2024/"
2024,LA,Sean McVay,HC,2,True,Sean McVay,,"ESPN via ABC11, ""Who calls plays for every NFL team in 2024?"" https://abc11.com/post/calls-plays-every-nfl-team-2024-what-know/15246862/ || TotalProSports, ""Who are the NFL play callers for each team in 2024?"" https://www.totalprosports.com/nfl/who-are-the-nfl-play-callers-for-each-team-in-2024/"
2024,LAC,Greg Roman,OC,2,True,Greg Roman,,"ESPN via ABC11, ""Who calls plays for every NFL team in 2024?"" https://abc11.com/post/calls-plays-every-nfl-team-2024-what-know/15246862/ || TotalProSports, ""Who are the NFL play callers for each team in 2024?"" https://www.totalprosports.com/nfl/who-are-the-nfl-play-callers-for-each-team-in-2024/"
2024,LV,Luke Getsy,OC,2,True,Luke Getsy,,"ESPN via ABC11, ""Who calls plays for every NFL team in 2024?"" https://abc11.com/post/calls-plays-every-nfl-team-2024-what-know/15246862/ || TotalProSports, ""Who are the NFL play callers for each team in 2024?"" https://www.totalprosports.com/nfl/who-are-the-nfl-play-callers-for-each-team-in-2024/"
2024,MIA,Mike McDaniel,HC,2,True,Mike McDaniel,,"ESPN via ABC11, ""Who calls plays for every NFL team in 2024?"" https://abc11.com/post/calls-plays-every-nfl-team-2024-what-know/15246862/ || TotalProSports, ""Who are the NFL play callers for each team in 2024?"" https://www.totalprosports.com/nfl/who-are-the-nfl-play-callers-for-each-team-in-2024/"
2024,MIN,Kevin O'Connell,HC,2,True,Kevin O'Connell,,"ESPN via ABC11, ""Who calls plays for every NFL team in 2024?"" https://abc11.com/post/calls-plays-every-nfl-team-2024-what-know/15246862/ || TotalProSports, ""Who are the NFL play callers for each team in 2024?"" https://www.totalprosports.com/nfl/who-are-the-nfl-play-callers-for-each-team-in-2024/"
2024,NE,Alex Van Pelt,OC,2,True,Alex Van Pelt,,"ESPN via ABC11, ""Who calls plays for every NFL team in 2024?"" https://abc11.com/post/calls-plays-every-nfl-team-2024-what-know/15246862/ || TotalProSports, ""Who are the NFL play callers for each team in 2024?"" https://www.totalprosports.com/nfl/who-are-the-nfl-play-callers-for-each-team-in-2024/"
2024,NO,Klint Kubiak,OC,2,True,Klint Kubiak,,"ESPN via ABC11, ""Who calls plays for every NFL team in 2024?"" https://abc11.com/post/calls-plays-every-nfl-team-2024-what-know/15246862/ || TotalProSports, ""Who are the NFL play callers for each team in 2024?"" https://www.totalprosports.com/nfl/who-are-the-nfl-play-callers-for-each-team-in-2024/"
2024,NYG,Brian Daboll,HC,2,True,Brian Daboll,OC Mike Kafka,"ESPN via ABC11, ""Who calls plays for every NFL team in 2024?"" https://abc11.com/post/calls-plays-every-nfl-team-2024-what-know/15246862/ || TotalProSports, ""Who are the NFL play callers for each team in 2024?"" https://www.totalprosports.com/nfl/who-are-the-nfl-play-callers-for-each-team-in-2024/"
2024,NYJ,Nathaniel Hackett,OC,2,True,Nathaniel Hackett,,"ESPN via ABC11, ""Who calls plays for every NFL team in 2024?"" https://abc11.com/post/calls-plays-every-nfl-team-2024-what-know/15246862/ || TotalProSports, ""Who are the NFL play callers for each team in 2024?"" https://www.totalprosports.com/nfl/who-are-the-nfl-play-callers-for-each-team-in-2024/"
2024,PHI,Kellen Moore,OC,2,True,Kellen Moore,,"ESPN via ABC11, ""Who calls plays for every NFL team in 2024?"" https://abc11.com/post/calls-plays-every-nfl-team-2024-what-know/15246862/ || TotalProSports, ""Who are the NFL play callers for each team in 2024?"" https://www.totalprosports.com/nfl/who-are-the-nfl-play-callers-for-each-team-in-2024/"
2024,PIT,Arthur Smith,OC,2,True,Arthur Smith,,"ESPN via ABC11, ""Who calls plays for every NFL team in 2024?"" https://abc11.com/post/calls-plays-every-nfl-team-2024-what-know/15246862/ || TotalProSports, ""Who are the NFL play callers for each team in 2024?"" https://www.totalprosports.com/nfl/who-are-the-nfl-play-callers-for-each-team-in-2024/"
2024,SEA,Ryan Grubb,OC,2,True,Ryan Grubb,,"ESPN via ABC11, ""Who calls plays for every NFL team in 2024?"" https://abc11.com/post/calls-plays-every-nfl-team-2024-what-know/15246862/ || TotalProSports, ""Who are the NFL play callers for each team in 2024?"" https://www.totalprosports.com/nfl/who-are-the-nfl-play-callers-for-each-team-in-2024/"
2024,SF,Kyle Shanahan,HC,2,True,Kyle Shanahan,,"ESPN via ABC11, ""Who calls plays for every NFL team in 2024?"" https://abc11.com/post/calls-plays-every-nfl-team-2024-what-know/15246862/ || TotalProSports, ""Who are the NFL play callers for each team in 2024?"" https://www.totalprosports.com/nfl/who-are-the-nfl-play-callers-for-each-team-in-2024/"
2024,TB,Liam Coen,OC,2,True,Liam Coen,,"ESPN via ABC11, ""Who calls plays for every NFL team in 2024?"" https://abc11.com/post/calls-plays-every-nfl-team-2024-what-know/15246862/ || TotalProSports, ""Who are the NFL play callers for each team in 2024?"" https://www.totalprosports.com/nfl/who-are-the-nfl-play-callers-for-each-team-in-2024/"
2024,TEN,Brian Callahan,HC,2,True,Brian Callahan,,"ESPN via ABC11, ""Who calls plays for every NFL team in 2024?"" https://abc11.com/post/calls-plays-every-nfl-team-2024-what-know/15246862/ || TotalProSports, ""Who are the NFL play callers for each team in 2024?"" https://www.totalprosports.com/nfl/who-are-the-nfl-play-callers-for-each-team-in-2024/"
2024,WAS,Kliff Kingsbury,OC,2,True,Kliff Kingsbury,,"ESPN via ABC11, ""Who calls plays for every NFL team in 2024?"" https://abc11.com/post/calls-plays-every-nfl-team-2024-what-know/15246862/ || TotalProSports, ""Who are the NFL play callers for each team in 2024?"" https://www.totalprosports.com/nfl/who-are-the-nfl-play-callers-for-each-team-in-2024/"
2025,ARI,Drew Petzing,OC,2,True,Drew Petzing,,"ESPN via ABC7 Los Angeles, ""Who calls plays for every NFL team in 2025?"" https://abc7.com/post/calls-plays-every-nfl-team-2025-what-know/17777918/ || Pro Football Network, ""2025 NFL Offensive Play-Caller Rankings"" https://www.profootballnetwork.com/2025-nfl-offensive-play-caller-rankings/"
2025,ATL,Zac Robinson,OC,2,True,Zac Robinson,,"ESPN via ABC7 Los Angeles, ""Who calls plays for every NFL team in 2025?"" https://abc7.com/post/calls-plays-every-nfl-team-2025-what-know/17777918/ || Pro Football Network, ""2025 NFL Offensive Play-Caller Rankings"" https://www.profootballnetwork.com/2025-nfl-offensive-play-caller-rankings/"
2025,BAL,Todd Monken,OC,2,True,Todd Monken,,"ESPN via ABC7 Los Angeles, ""Who calls plays for every NFL team in 2025?"" https://abc7.com/post/calls-plays-every-nfl-team-2025-what-know/17777918/ || Pro Football Network, ""2025 NFL Offensive Play-Caller Rankings"" https://www.profootballnetwork.com/2025-nfl-offensive-play-caller-rankings/"
2025,BUF,Joe Brady,OC,2,True,Joe Brady,,"ESPN via ABC7 Los Angeles, ""Who calls plays for every NFL team in 2025?"" https://abc7.com/post/calls-plays-every-nfl-team-2025-what-know/17777918/ || Pro Football Network, ""2025 NFL Offensive Play-Caller Rankings"" https://www.profootballnetwork.com/2025-nfl-offensive-play-caller-rankings/"
2025,CAR,Dave Canales,HC,2,True,Dave Canales,,"ESPN via ABC7 Los Angeles, ""Who calls plays for every NFL team in 2025?"" https://abc7.com/post/calls-plays-every-nfl-team-2025-what-know/17777918/ || Pro Football Network, ""2025 NFL Offensive Play-Caller Rankings"" https://www.profootballnetwork.com/2025-nfl-offensive-play-caller-rankings/"
2025,CHI,Ben Johnson,HC,2,True,Ben Johnson,OC Declan Doyle,"ESPN via ABC7 Los Angeles, ""Who calls plays for every NFL team in 2025?"" https://abc7.com/post/calls-plays-every-nfl-team-2025-what-know/17777918/ || Pro Football Network, ""2025 NFL Offensive Play-Caller Rankings"" https://www.profootballnetwork.com/2025-nfl-offensive-play-caller-rankings/"
2025,CIN,Zac Taylor,HC,2,True,Zac Taylor,OC Dan Pitcher,"ESPN via ABC7 Los Angeles, ""Who calls plays for every NFL team in 2025?"" https://abc7.com/post/calls-plays-every-nfl-team-2025-what-know/17777918/ || Pro Football Network, ""2025 NFL Offensive Play-Caller Rankings"" https://www.profootballnetwork.com/2025-nfl-offensive-play-caller-rankings/"
2025,CLE,Kevin Stefanski,HC,2,True,Kevin Stefanski,,"ESPN via ABC7 Los Angeles, ""Who calls plays for every NFL team in 2025?"" https://abc7.com/post/calls-plays-every-nfl-team-2025-what-know/17777918/ || Pro Football Network, ""2025 NFL Offensive Play-Caller Rankings"" https://www.profootballnetwork.com/2025-nfl-offensive-play-caller-rankings/"
2025,DAL,Brian Schottenheimer,HC,2,True,Brian Schottenheimer,,"ESPN via ABC7 Los Angeles, ""Who calls plays for every NFL team in 2025?"" https://abc7.com/post/calls-plays-every-nfl-team-2025-what-know/17777918/ || Pro Football Network, ""2025 NFL Offensive Play-Caller Rankings"" https://www.profootballnetwork.com/2025-nfl-offensive-play-caller-rankings/"
2025,DEN,Sean Payton,HC,2,True,Sean Payton,,"ESPN via ABC7 Los Angeles, ""Who calls plays for every NFL team in 2025?"" https://abc7.com/post/calls-plays-every-nfl-team-2025-what-know/17777918/ || Pro Football Network, ""2025 NFL Offensive Play-Caller Rankings"" https://www.profootballnetwork.com/2025-nfl-offensive-play-caller-rankings/"
2025,DET,John Morton,OC,2,True,John Morton,first-time,"ESPN via ABC7 Los Angeles, ""Who calls plays for every NFL team in 2025?"" https://abc7.com/post/calls-plays-every-nfl-team-2025-what-know/17777918/ || Pro Football Network, ""2025 NFL Offensive Play-Caller Rankings"" https://www.profootballnetwork.com/2025-nfl-offensive-play-caller-rankings/"
2025,GB,Matt LaFleur,HC,2,True,Matt LaFleur,,"ESPN via ABC7 Los Angeles, ""Who calls plays for every NFL team in 2025?"" https://abc7.com/post/calls-plays-every-nfl-team-2025-what-know/17777918/ || Pro Football Network, ""2025 NFL Offensive Play-Caller Rankings"" https://www.profootballnetwork.com/2025-nfl-offensive-play-caller-rankings/"
2025,HOU,Nick Caley,OC,2,True,Nick Caley,first-time,"ESPN via ABC7 Los Angeles, ""Who calls plays for every NFL team in 2025?"" https://abc7.com/post/calls-plays-every-nfl-team-2025-what-know/17777918/ || Pro Football Network, ""2025 NFL Offensive Play-Caller Rankings"" https://www.profootballnetwork.com/2025-nfl-offensive-play-caller-rankings/"
2025,IND,Shane Steichen,HC,2,True,Shane Steichen,,"ESPN via ABC7 Los Angeles, ""Who calls plays for every NFL team in 2025?"" https://abc7.com/post/calls-plays-every-nfl-team-2025-what-know/17777918/ || Pro Football Network, ""2025 NFL Offensive Play-Caller Rankings"" https://www.profootballnetwork.com/2025-nfl-offensive-play-caller-rankings/"
2025,JAX,Liam Coen,HC,2,True,Liam Coen,,"ESPN via ABC7 Los Angeles, ""Who calls plays for every NFL team in 2025?"" https://abc7.com/post/calls-plays-every-nfl-team-2025-what-know/17777918/ || Pro Football Network, ""2025 NFL Offensive Play-Caller Rankings"" https://www.profootballnetwork.com/2025-nfl-offensive-play-caller-rankings/"
2025,KC,Andy Reid,HC,2,True,Andy Reid,OC Matt Nagy,"ESPN via ABC7 Los Angeles, ""Who calls plays for every NFL team in 2025?"" https://abc7.com/post/calls-plays-every-nfl-team-2025-what-know/17777918/ || Pro Football Network, ""2025 NFL Offensive Play-Caller Rankings"" https://www.profootballnetwork.com/2025-nfl-offensive-play-caller-rankings/"
2025,LA,Sean McVay,HC,2,True,Sean McVay,,"ESPN via ABC7 Los Angeles, ""Who calls plays for every NFL team in 2025?"" https://abc7.com/post/calls-plays-every-nfl-team-2025-what-know/17777918/ || Pro Football Network, ""2025 NFL Offensive Play-Caller Rankings"" https://www.profootballnetwork.com/2025-nfl-offensive-play-caller-rankings/"
2025,LAC,Greg Roman,OC,2,True,Greg Roman,,"ESPN via ABC7 Los Angeles, ""Who calls plays for every NFL team in 2025?"" https://abc7.com/post/calls-plays-every-nfl-team-2025-what-know/17777918/ || Pro Football Network, ""2025 NFL Offensive Play-Caller Rankings"" https://www.profootballnetwork.com/2025-nfl-offensive-play-caller-rankings/"
2025,LV,Chip Kelly,OC,2,True,Chip Kelly,,"ESPN via ABC7 Los Angeles, ""Who calls plays for every NFL team in 2025?"" https://abc7.com/post/calls-plays-every-nfl-team-2025-what-know/17777918/ || Pro Football Network, ""2025 NFL Offensive Play-Caller Rankings"" https://www.profootballnetwork.com/2025-nfl-offensive-play-caller-rankings/"
2025,MIA,Mike McDaniel,HC,2,True,Mike McDaniel,,"ESPN via ABC7 Los Angeles, ""Who calls plays for every NFL team in 2025?"" https://abc7.com/post/calls-plays-every-nfl-team-2025-what-know/17777918/ || Pro Football Network, ""2025 NFL Offensive Play-Caller Rankings"" https://www.profootballnetwork.com/2025-nfl-offensive-play-caller-rankings/"
2025,MIN,Kevin O'Connell,HC,2,True,Kevin O'Connell,,"ESPN via ABC7 Los Angeles, ""Who calls plays for every NFL team in 2025?"" https://abc7.com/post/calls-plays-every-nfl-team-2025-what-know/17777918/ || Pro Football Network, ""2025 NFL Offensive Play-Caller Rankings"" https://www.profootballnetwork.com/2025-nfl-offensive-play-caller-rankings/"
2025,NE,Josh McDaniels,OC,2,True,Josh McDaniels,,"ESPN via ABC7 Los Angeles, ""Who calls plays for every NFL team in 2025?"" https://abc7.com/post/calls-plays-every-nfl-team-2025-what-know/17777918/ || Pro Football Network, ""2025 NFL Offensive Play-Caller Rankings"" https://www.profootballnetwork.com/2025-nfl-offensive-play-caller-rankings/"
2025,NO,Kellen Moore,HC,2,True,Kellen Moore,,"ESPN via ABC7 Los Angeles, ""Who calls plays for every NFL team in 2025?"" https://abc7.com/post/calls-plays-every-nfl-team-2025-what-know/17777918/ || Pro Football Network, ""2025 NFL Offensive Play-Caller Rankings"" https://www.profootballnetwork.com/2025-nfl-offensive-play-caller-rankings/"
2025,NYG,Mike Kafka,OC,2,True,Mike Kafka,,"ESPN via ABC7 Los Angeles, ""Who calls plays for every NFL team in 2025?"" https://abc7.com/post/calls-plays-every-nfl-team-2025-what-know/17777918/ || Pro Football Network, ""2025 NFL Offensive Play-Caller Rankings"" https://www.profootballnetwork.com/2025-nfl-offensive-play-caller-rankings/"
2025,NYJ,Tanner Engstrand,OC,2,True,Tanner Engstrand,first-time,"ESPN via ABC7 Los Angeles, ""Who calls plays for every NFL team in 2025?"" https://abc7.com/post/calls-plays-every-nfl-team-2025-what-know/17777918/ || Pro Football Network, ""2025 NFL Offensive Play-Caller Rankings"" https://www.profootballnetwork.com/2025-nfl-offensive-play-caller-rankings/"
2025,PHI,Kevin Patullo,OC,2,True,Kevin Patullo,first-time,"ESPN via ABC7 Los Angeles, ""Who calls plays for every NFL team in 2025?"" https://abc7.com/post/calls-plays-every-nfl-team-2025-what-know/17777918/ || Pro Football Network, ""2025 NFL Offensive Play-Caller Rankings"" https://www.profootballnetwork.com/2025-nfl-offensive-play-caller-rankings/"
2025,PIT,Arthur Smith,OC,2,True,Arthur Smith,,"ESPN via ABC7 Los Angeles, ""Who calls plays for every NFL team in 2025?"" https://abc7.com/post/calls-plays-every-nfl-team-2025-what-know/17777918/ || Pro Football Network, ""2025 NFL Offensive Play-Caller Rankings"" https://www.profootballnetwork.com/2025-nfl-offensive-play-caller-rankings/"
2025,SEA,Klint Kubiak,OC,2,True,Klint Kubiak,,"ESPN via ABC7 Los Angeles, ""Who calls plays for every NFL team in 2025?"" https://abc7.com/post/calls-plays-every-nfl-team-2025-what-know/17777918/ || Pro Football Network, ""2025 NFL Offensive Play-Caller Rankings"" https://www.profootballnetwork.com/2025-nfl-offensive-play-caller-rankings/"
2025,SF,Kyle Shanahan,HC,2,True,Kyle Shanahan,OC Klay Kubiak,"ESPN via ABC7 Los Angeles, ""Who calls plays for every NFL team in 2025?"" https://abc7.com/post/calls-plays-every-nfl-team-2025-what-know/17777918/ || Pro Football Network, ""2025 NFL Offensive Play-Caller Rankings"" https://www.profootballnetwork.com/2025-nfl-offensive-play-caller-rankings/"
2025,TB,Josh Grizzard,OC,2,True,Josh Grizzard,first-time,"ESPN via ABC7 Los Angeles, ""Who calls plays for every NFL team in 2025?"" https://abc7.com/post/calls-plays-every-nfl-team-2025-what-know/17777918/ || Pro Football Network, ""2025 NFL Offensive Play-Caller Rankings"" https://www.profootballnetwork.com/2025-nfl-offensive-play-caller-rankings/"
2025,TEN,Brian Callahan,HC,2,True,Brian Callahan,,"ESPN via ABC7 Los Angeles, ""Who calls plays for every NFL team in 2025?"" https://abc7.com/post/calls-plays-every-nfl-team-2025-what-know/17777918/ || Pro Football Network, ""2025 NFL Offensive Play-Caller Rankings"" https://www.profootballnetwork.com/2025-nfl-offensive-play-caller-rankings/"
2025,WAS,Kliff Kingsbury,OC,2,True,Kliff Kingsbury,,"ESPN via ABC7 Los Angeles, ""Who calls plays for every NFL team in 2025?"" https://abc7.com/post/calls-plays-every-nfl-team-2025-what-know/17777918/ || Pro Football Network, ""2025 NFL Offensive Play-Caller Rankings"" https://www.profootballnetwork.com/2025-nfl-offensive-play-caller-rankings/"
2026,ARI,Mike LaFleur,HC,2,True,Mike LaFleur,,"ESPN via ABC7 Los Angeles, ""Who calls plays for every NFL team in 2026?"" https://abc7.com/post/calls-plays-every-nfl-team-2026-what-know/19783946/ || TSN, ""Breaking down every team's playcaller and strategy ahead of NFL kickoff"" https://www.tsn.ca/nfl/article/breaking-down-every-teams-playcaller-and-strategy-ahead-of-nfl-kickoff-next-week-on-tsn/"
2026,ATL,Tommy Rees,OC,2,True,Tommy Rees,,"ESPN via ABC7 Los Angeles, ""Who calls plays for every NFL team in 2026?"" https://abc7.com/post/calls-plays-every-nfl-team-2026-what-know/19783946/ || TSN, ""Breaking down every team's playcaller and strategy ahead of NFL kickoff"" https://www.tsn.ca/nfl/article/breaking-down-every-teams-playcaller-and-strategy-ahead-of-nfl-kickoff-next-week-on-tsn/"
2026,BAL,Declan Doyle,OC,2,True,Declan Doyle,first-time,"ESPN via ABC7 Los Angeles, ""Who calls plays for every NFL team in 2026?"" https://abc7.com/post/calls-plays-every-nfl-team-2026-what-know/19783946/ || TSN, ""Breaking down every team's playcaller and strategy ahead of NFL kickoff"" https://www.tsn.ca/nfl/article/breaking-down-every-teams-playcaller-and-strategy-ahead-of-nfl-kickoff-next-week-on-tsn/"
2026,BUF,Joe Brady,HC,2,True,Joe Brady,,"ESPN via ABC7 Los Angeles, ""Who calls plays for every NFL team in 2026?"" https://abc7.com/post/calls-plays-every-nfl-team-2026-what-know/19783946/ || TSN, ""Breaking down every team's playcaller and strategy ahead of NFL kickoff"" https://www.tsn.ca/nfl/article/breaking-down-every-teams-playcaller-and-strategy-ahead-of-nfl-kickoff-next-week-on-tsn/"
2026,CAR,Brad Idzik,OC,2,True,Brad Idzik,first-time,"ESPN via ABC7 Los Angeles, ""Who calls plays for every NFL team in 2026?"" https://abc7.com/post/calls-plays-every-nfl-team-2026-what-know/19783946/ || TSN, ""Breaking down every team's playcaller and strategy ahead of NFL kickoff"" https://www.tsn.ca/nfl/article/breaking-down-every-teams-playcaller-and-strategy-ahead-of-nfl-kickoff-next-week-on-tsn/"
2026,CHI,Ben Johnson,HC,2,True,Ben Johnson,,"ESPN via ABC7 Los Angeles, ""Who calls plays for every NFL team in 2026?"" https://abc7.com/post/calls-plays-every-nfl-team-2026-what-know/19783946/ || TSN, ""Breaking down every team's playcaller and strategy ahead of NFL kickoff"" https://www.tsn.ca/nfl/article/breaking-down-every-teams-playcaller-and-strategy-ahead-of-nfl-kickoff-next-week-on-tsn/"
2026,CIN,Zac Taylor,HC,2,True,Zac Taylor,,"ESPN via ABC7 Los Angeles, ""Who calls plays for every NFL team in 2026?"" https://abc7.com/post/calls-plays-every-nfl-team-2026-what-know/19783946/ || TSN, ""Breaking down every team's playcaller and strategy ahead of NFL kickoff"" https://www.tsn.ca/nfl/article/breaking-down-every-teams-playcaller-and-strategy-ahead-of-nfl-kickoff-next-week-on-tsn/"
2026,CLE,Todd Monken,HC,2,True,Todd Monken,,"ESPN via ABC7 Los Angeles, ""Who calls plays for every NFL team in 2026?"" https://abc7.com/post/calls-plays-every-nfl-team-2026-what-know/19783946/ || TSN, ""Breaking down every team's playcaller and strategy ahead of NFL kickoff"" https://www.tsn.ca/nfl/article/breaking-down-every-teams-playcaller-and-strategy-ahead-of-nfl-kickoff-next-week-on-tsn/"
2026,DAL,Brian Schottenheimer,HC,2,True,Brian Schottenheimer,,"ESPN via ABC7 Los Angeles, ""Who calls plays for every NFL team in 2026?"" https://abc7.com/post/calls-plays-every-nfl-team-2026-what-know/19783946/ || TSN, ""Breaking down every team's playcaller and strategy ahead of NFL kickoff"" https://www.tsn.ca/nfl/article/breaking-down-every-teams-playcaller-and-strategy-ahead-of-nfl-kickoff-next-week-on-tsn/"
2026,DEN,Davis Webb,OC,2,True,Davis Webb,first-time(likely),"ESPN via ABC7 Los Angeles, ""Who calls plays for every NFL team in 2026?"" https://abc7.com/post/calls-plays-every-nfl-team-2026-what-know/19783946/ || TSN, ""Breaking down every team's playcaller and strategy ahead of NFL kickoff"" https://www.tsn.ca/nfl/article/breaking-down-every-teams-playcaller-and-strategy-ahead-of-nfl-kickoff-next-week-on-tsn/"
2026,DET,Drew Petzing,OC,2,True,Drew Petzing,,"ESPN via ABC7 Los Angeles, ""Who calls plays for every NFL team in 2026?"" https://abc7.com/post/calls-plays-every-nfl-team-2026-what-know/19783946/ || TSN, ""Breaking down every team's playcaller and strategy ahead of NFL kickoff"" https://www.tsn.ca/nfl/article/breaking-down-every-teams-playcaller-and-strategy-ahead-of-nfl-kickoff-next-week-on-tsn/"
2026,GB,Matt LaFleur,HC,2,True,Matt LaFleur,,"ESPN via ABC7 Los Angeles, ""Who calls plays for every NFL team in 2026?"" https://abc7.com/post/calls-plays-every-nfl-team-2026-what-know/19783946/ || TSN, ""Breaking down every team's playcaller and strategy ahead of NFL kickoff"" https://www.tsn.ca/nfl/article/breaking-down-every-teams-playcaller-and-strategy-ahead-of-nfl-kickoff-next-week-on-tsn/"
2026,HOU,Nick Caley,OC,2,True,Nick Caley,,"ESPN via ABC7 Los Angeles, ""Who calls plays for every NFL team in 2026?"" https://abc7.com/post/calls-plays-every-nfl-team-2026-what-know/19783946/ || TSN, ""Breaking down every team's playcaller and strategy ahead of NFL kickoff"" https://www.tsn.ca/nfl/article/breaking-down-every-teams-playcaller-and-strategy-ahead-of-nfl-kickoff-next-week-on-tsn/"
2026,IND,Shane Steichen,HC,2,True,Shane Steichen,,"ESPN via ABC7 Los Angeles, ""Who calls plays for every NFL team in 2026?"" https://abc7.com/post/calls-plays-every-nfl-team-2026-what-know/19783946/ || TSN, ""Breaking down every team's playcaller and strategy ahead of NFL kickoff"" https://www.tsn.ca/nfl/article/breaking-down-every-teams-playcaller-and-strategy-ahead-of-nfl-kickoff-next-week-on-tsn/"
2026,JAX,Liam Coen,HC,2,True,Liam Coen,,"ESPN via ABC7 Los Angeles, ""Who calls plays for every NFL team in 2026?"" https://abc7.com/post/calls-plays-every-nfl-team-2026-what-know/19783946/ || TSN, ""Breaking down every team's playcaller and strategy ahead of NFL kickoff"" https://www.tsn.ca/nfl/article/breaking-down-every-teams-playcaller-and-strategy-ahead-of-nfl-kickoff-next-week-on-tsn/"
2026,KC,Andy Reid,HC,2,True,Andy Reid,OC Eric Bieniemy,"ESPN via ABC7 Los Angeles, ""Who calls plays for every NFL team in 2026?"" https://abc7.com/post/calls-plays-every-nfl-team-2026-what-know/19783946/ || TSN, ""Breaking down every team's playcaller and strategy ahead of NFL kickoff"" https://www.tsn.ca/nfl/article/breaking-down-every-teams-playcaller-and-strategy-ahead-of-nfl-kickoff-next-week-on-tsn/"
2026,LA,Sean McVay,HC,2,True,Sean McVay,,"ESPN via ABC7 Los Angeles, ""Who calls plays for every NFL team in 2026?"" https://abc7.com/post/calls-plays-every-nfl-team-2026-what-know/19783946/ || TSN, ""Breaking down every team's playcaller and strategy ahead of NFL kickoff"" https://www.tsn.ca/nfl/article/breaking-down-every-teams-playcaller-and-strategy-ahead-of-nfl-kickoff-next-week-on-tsn/"
2026,LAC,Mike McDaniel,OC,2,True,Mike McDaniel,,"ESPN via ABC7 Los Angeles, ""Who calls plays for every NFL team in 2026?"" https://abc7.com/post/calls-plays-every-nfl-team-2026-what-know/19783946/ || TSN, ""Breaking down every team's playcaller and strategy ahead of NFL kickoff"" https://www.tsn.ca/nfl/article/breaking-down-every-teams-playcaller-and-strategy-ahead-of-nfl-kickoff-next-week-on-tsn/"
2026,LV,Klint Kubiak,HC,2,True,Klint Kubiak,,"ESPN via ABC7 Los Angeles, ""Who calls plays for every NFL team in 2026?"" https://abc7.com/post/calls-plays-every-nfl-team-2026-what-know/19783946/ || TSN, ""Breaking down every team's playcaller and strategy ahead of NFL kickoff"" https://www.tsn.ca/nfl/article/breaking-down-every-teams-playcaller-and-strategy-ahead-of-nfl-kickoff-next-week-on-tsn/"
2026,MIA,Bobby Slowik,OC,2,True,Bobby Slowik,,"ESPN via ABC7 Los Angeles, ""Who calls plays for every NFL team in 2026?"" https://abc7.com/post/calls-plays-every-nfl-team-2026-what-know/19783946/ || TSN, ""Breaking down every team's playcaller and strategy ahead of NFL kickoff"" https://www.tsn.ca/nfl/article/breaking-down-every-teams-playcaller-and-strategy-ahead-of-nfl-kickoff-next-week-on-tsn/"
2026,MIN,Kevin O'Connell,HC,2,True,Kevin O'Connell,,"ESPN via ABC7 Los Angeles, ""Who calls plays for every NFL team in 2026?"" https://abc7.com/post/calls-plays-every-nfl-team-2026-what-know/19783946/ || TSN, ""Breaking down every team's playcaller and strategy ahead of NFL kickoff"" https://www.tsn.ca/nfl/article/breaking-down-every-teams-playcaller-and-strategy-ahead-of-nfl-kickoff-next-week-on-tsn/"
2026,NE,Josh McDaniels,OC,2,True,Josh McDaniels,,"ESPN via ABC7 Los Angeles, ""Who calls plays for every NFL team in 2026?"" https://abc7.com/post/calls-plays-every-nfl-team-2026-what-know/19783946/ || TSN, ""Breaking down every team's playcaller and strategy ahead of NFL kickoff"" https://www.tsn.ca/nfl/article/breaking-down-every-teams-playcaller-and-strategy-ahead-of-nfl-kickoff-next-week-on-tsn/"
2026,NO,Kellen Moore,HC,2,True,Kellen Moore,,"ESPN via ABC7 Los Angeles, ""Who calls plays for every NFL team in 2026?"" https://abc7.com/post/calls-plays-every-nfl-team-2026-what-know/19783946/ || TSN, ""Breaking down every team's playcaller and strategy ahead of NFL kickoff"" https://www.tsn.ca/nfl/article/breaking-down-every-teams-playcaller-and-strategy-ahead-of-nfl-kickoff-next-week-on-tsn/"
2026,NYG,Matt Nagy,OC,2,True,Matt Nagy,,"ESPN via ABC7 Los Angeles, ""Who calls plays for every NFL team in 2026?"" https://abc7.com/post/calls-plays-every-nfl-team-2026-what-know/19783946/ || TSN, ""Breaking down every team's playcaller and strategy ahead of NFL kickoff"" https://www.tsn.ca/nfl/article/breaking-down-every-teams-playcaller-and-strategy-ahead-of-nfl-kickoff-next-week-on-tsn/"
2026,NYJ,Frank Reich,OC,2,True,Frank Reich,,"ESPN via ABC7 Los Angeles, ""Who calls plays for every NFL team in 2026?"" https://abc7.com/post/calls-plays-every-nfl-team-2026-what-know/19783946/ || TSN, ""Breaking down every team's playcaller and strategy ahead of NFL kickoff"" https://www.tsn.ca/nfl/article/breaking-down-every-teams-playcaller-and-strategy-ahead-of-nfl-kickoff-next-week-on-tsn/"
2026,PHI,Sean Mannion,OC,2,True,Sean Mannion,first-time,"ESPN via ABC7 Los Angeles, ""Who calls plays for every NFL team in 2026?"" https://abc7.com/post/calls-plays-every-nfl-team-2026-what-know/19783946/ || TSN, ""Breaking down every team's playcaller and strategy ahead of NFL kickoff"" https://www.tsn.ca/nfl/article/breaking-down-every-teams-playcaller-and-strategy-ahead-of-nfl-kickoff-next-week-on-tsn/"
2026,PIT,Mike McCarthy,HC,2,True,Mike McCarthy,,"ESPN via ABC7 Los Angeles, ""Who calls plays for every NFL team in 2026?"" https://abc7.com/post/calls-plays-every-nfl-team-2026-what-know/19783946/ || TSN, ""Breaking down every team's playcaller and strategy ahead of NFL kickoff"" https://www.tsn.ca/nfl/article/breaking-down-every-teams-playcaller-and-strategy-ahead-of-nfl-kickoff-next-week-on-tsn/"
2026,SEA,Brian Fleury,OC,2,True,Brian Fleury,first-time,"ESPN via ABC7 Los Angeles, ""Who calls plays for every NFL team in 2026?"" https://abc7.com/post/calls-plays-every-nfl-team-2026-what-know/19783946/ || TSN, ""Breaking down every team's playcaller and strategy ahead of NFL kickoff"" https://www.tsn.ca/nfl/article/breaking-down-every-teams-playcaller-and-strategy-ahead-of-nfl-kickoff-next-week-on-tsn/"
2026,SF,Kyle Shanahan,HC,2,True,Kyle Shanahan,OC Klay Kubiak (filling in during Shanahan recovery),"ESPN via ABC7 Los Angeles, ""Who calls plays for every NFL team in 2026?"" https://abc7.com/post/calls-plays-every-nfl-team-2026-what-know/19783946/ || TSN, ""Breaking down every team's playcaller and strategy ahead of NFL kickoff"" https://www.tsn.ca/nfl/article/breaking-down-every-teams-playcaller-and-strategy-ahead-of-nfl-kickoff-next-week-on-tsn/"
2026,TB,Zac Robinson,OC,2,True,Zac Robinson,,"ESPN via ABC7 Los Angeles, ""Who calls plays for every NFL team in 2026?"" https://abc7.com/post/calls-plays-every-nfl-team-2026-what-know/19783946/ || TSN, ""Breaking down every team's playcaller and strategy ahead of NFL kickoff"" https://www.tsn.ca/nfl/article/breaking-down-every-teams-playcaller-and-strategy-ahead-of-nfl-kickoff-next-week-on-tsn/"
2026,TEN,Brian Daboll,OC,2,True,Brian Daboll,,"ESPN via ABC7 Los Angeles, ""Who calls plays for every NFL team in 2026?"" https://abc7.com/post/calls-plays-every-nfl-team-2026-what-know/19783946/ || TSN, ""Breaking down every team's playcaller and strategy ahead of NFL kickoff"" https://www.tsn.ca/nfl/article/breaking-down-every-teams-playcaller-and-strategy-ahead-of-nfl-kickoff-next-week-on-tsn/"
2026,WAS,David Blough,OC,2,True,David Blough,first-time,"ESPN via ABC7 Los Angeles, ""Who calls plays for every NFL team in 2026?"" https://abc7.com/post/calls-plays-every-nfl-team-2026-what-know/19783946/ || TSN, ""Breaking down every team's playcaller and strategy ahead of NFL kickoff"" https://www.tsn.ca/nfl/article/breaking-down-every-teams-playcaller-and-strategy-ahead-of-nfl-kickoff-next-week-on-tsn/"
