season,team,midseason_change,midseason_sources
2016,BAL,Marty Mornhinweg replaced fired Marc Trestman (Oct 2016),"4for4 2016; NFL.com: Ravens fire OC Marc Trestman (https://www.nfl.com/news/ravens-fire-offensive-coordinator-marc-trestman-0ap3000000718709)"
2016,BUF,Anthony Lynn replaced fired Greg Roman (Week 3),"4for4 2016; Buffalo Rumblings (https://www.buffalorumblings.com/2016/9/22/13014710/anthony-lynn-bills-offense-week-3-what-does-recent-history-say-about-offensive-coordinator-change)"
2016,JAX,Nathaniel Hackett replaced fired Greg Olson,"NFL.com: What's with the spate of coordinator changes (https://nfl.com/news/what-s-with-the-spate-of-coordinator-changes-0ap3000000733764)"
2016,MIN,Pat Shurmur replaced Norv Turner (resigned Nov 2016),"NFL.com: What's with the spate of coordinator changes (https://nfl.com/news/what-s-with-the-spate-of-coordinator-changes-0ap3000000733764); SI/AP (https://www.si.com/nfl/2016/11/03/ap-fbn-vikings-shurmur)"
2017,CIN,Bill Lazor replaced fired Ken Zampese (after Week 2),"CBS Sports (https://www.cbssports.com/nfl/news/bengals-fire-offensive-coordinator-ken-zampese-after-two-game-td-drought); SI (https://www.si.com/nfl/2017/09/15/bengals-ken-zampese-offensive-coordinator-fired)"
2017,KC,Andy Reid handed play-calling to Matt Nagy (Dec 2017),"NFL.com (https://www.nfl.com/news/andy-reid-gives-chiefs-play-calling-role-to-matt-nagy-0ap3000000886304); CBS Sports (https://www.cbssports.com/nfl/news/andy-reid-reportedly-cedes-play-calling-duties-to-offensive-coordinator-matt-nagy)"
2019,LAC,Shane Steichen replaced fired Ken Whisenhunt (Week 8),"Chargers.com (https://www.chargers.com/news/shane-steichen-assumes-offensive-play-calling-qb-coach); 2020 Yardbarker list (Steichen)"
2019,CAR,Scott Turner took over from Norv Turner (Dec 2019),"Panthers.com (https://panthers.com/news/scott-turner-embracing-the-opportunity-to-call-plays-for-the-first-time)"
2019,WAS,Kevin O'Connell took over after Jay Gruden was fired (Week 6),"Washington Times (https://www.washingtontimes.com/news/2019/oct/7/bill-callahan-wants-redskins-establish-run-wont-tu/)"
