season,team,play_caller,off_points_pg,off_total_yds_pg,off_pass_yds_pg,off_rush_yds_pg,off_td_pg,off_pass_td_pg,off_rush_td_pg,off_epa_per_play,off_success_rate,off_fantasy_pts_pg,off_points_pg_z,off_total_yds_pg_z,off_pass_yds_pg_z,off_rush_yds_pg_z,off_td_pg_z,off_pass_td_pg_z,off_rush_td_pg_z,off_epa_per_play_z,off_success_rate_z,off_fantasy_pts_pg_z,off_production_z,team_prev_production_z,first_year_lift_z
2016,MIA,Adam Gase,22.688,346.562,232.25,114.312,2.562,1.688,0.875,0.011,0.425,84.54,-0.021,-0.606,-0.767,0.249,0.277,0.337,0.031,0.084,-0.242,-0.305,-0.164,,
2017,MIA,Adam Gase,17.562,324.188,237.0,87.188,1.75,1.5,0.25,-0.126,0.392,78.292,-1.021,-0.874,-0.089,-1.435,-1.064,0.139,-1.773,-1.15,-0.761,-0.468,-0.857,-0.164,
2018,MIA,Adam Gase,19.938,316.125,206.812,109.312,2.062,1.625,0.438,-0.107,0.4,75.191,-0.716,-1.328,-1.196,-0.341,-0.694,-0.056,-1.55,-1.144,-1.065,-1.049,-0.947,-0.857,
2019,NYJ,Adam Gase,17.25,294.688,215.188,79.5,1.562,1.188,0.375,-0.158,0.368,70.795,-1.319,-1.987,-1.136,-1.351,-1.61,-1.072,-1.578,-1.721,-1.988,-1.707,-1.656,-1.08,-0.575
2020,NYJ,Adam Gase,15.188,300.312,194.688,105.625,1.562,1.0,0.562,-0.143,0.402,67.275,-2.244,-2.544,-1.897,-0.598,-1.868,-1.273,-1.563,-1.986,-1.647,-2.276,-2.233,-1.656,
2024,NE,Alex Van Pelt,17.0,312.882,196.647,116.235,1.706,1.059,0.647,-0.086,0.423,71.701,-1.301,-1.231,-1.672,-0.171,-1.129,-0.983,-0.787,-0.944,-0.436,-1.366,-1.257,-1.584,0.327
2016,KC,Andy Reid,24.312,355.125,244.625,110.5,2.125,1.188,0.938,0.016,0.425,85.235,0.373,-0.329,-0.361,0.042,-0.47,-0.768,0.227,0.133,-0.23,-0.239,-0.166,,
2017,KC,Andy Reid,25.938,388.062,270.375,117.688,2.375,1.625,0.75,0.089,0.443,92.184,1.036,1.284,1.056,0.444,0.449,0.468,0.028,1.59,1.065,1.06,0.957,-0.166,
2018,KC,Andy Reid,35.312,437.062,320.375,116.688,4.125,3.125,1.0,0.244,0.498,116.009,2.514,1.675,1.66,0.085,2.494,2.824,0.526,2.353,1.577,2.014,2.174,0.957,
2019,KC,Andy Reid,28.188,392.188,293.125,99.062,2.875,1.875,1.0,0.126,0.46,98.219,1.275,0.75,1.284,-0.578,0.827,0.925,0.402,1.529,0.994,1.103,0.989,2.174,
2020,KC,Andy Reid,29.562,425.75,312.812,112.938,3.312,2.5,0.812,0.181,0.5,110.788,1.116,1.752,1.826,-0.288,0.908,1.45,-0.743,1.69,1.52,1.74,1.379,0.989,
2021,KC,Andy Reid,28.235,406.588,290.412,116.176,3.118,2.176,0.941,0.144,0.511,103.569,1.166,1.365,1.435,0.01,1.082,1.245,0.046,1.576,2.065,1.394,1.252,1.379,
2022,KC,Andy Reid,29.176,425.471,308.824,116.647,3.471,2.412,1.059,0.185,0.504,109.353,1.947,2.365,2.086,-0.249,2.123,2.414,0.515,2.43,2.102,2.318,2.188,1.252,
2023,KC,Andy Reid,21.824,364.294,257.824,106.471,2.176,1.647,0.529,0.022,0.437,87.942,0.013,0.44,0.792,-0.378,-0.122,0.676,-0.92,0.555,0.346,0.476,0.202,2.188,
2024,KC,Andy Reid,22.647,345.176,238.0,107.176,2.412,1.529,0.882,0.072,0.477,86.555,-0.058,-0.265,0.204,-0.53,-0.023,0.097,-0.153,0.625,1.047,0.18,-0.042,0.202,
2025,KC,Andy Reid,21.294,339.529,232.176,107.353,2.235,1.353,0.882,0.034,0.444,82.046,-0.414,-0.094,0.25,-0.58,-0.329,-0.355,-0.161,0.3,0.131,-0.075,-0.228,-0.042,
2021,DET,Anthony Lynn,19.118,339.471,228.471,111.0,2.059,1.353,0.706,-0.068,0.418,82.609,-0.857,-0.606,-0.485,-0.261,-0.694,-0.376,-0.789,-0.805,-0.714,-0.39,-0.637,-0.092,-0.544
2019,TEN,Arthur Smith,25.125,387.25,247.25,140.0,3.125,1.812,1.312,0.063,0.457,91.571,0.548,0.612,-0.141,1.04,1.291,0.743,1.392,0.803,0.896,0.422,0.718,-0.971,1.689
2020,TEN,Arthur Smith,30.688,408.188,239.125,169.062,3.688,2.062,1.625,0.17,0.5,99.915,1.379,1.15,-0.497,2.094,1.503,0.656,1.922,1.567,1.551,0.737,1.192,0.718,
2021,ATL,Arthur Smith,18.412,320.471,234.529,85.941,1.824,1.176,0.647,-0.097,0.404,76.252,-1.014,-1.163,-0.297,-1.571,-1.089,-0.724,-0.998,-1.134,-1.136,-0.93,-1.049,0.07,-1.119
2022,ATL,Arthur Smith,21.471,332.647,172.176,160.471,2.0,1.0,1.0,0.002,0.453,70.269,-0.115,-0.839,-1.751,1.64,-0.511,-0.911,0.326,0.128,0.525,-1.217,-0.671,-1.049,
2023,ATL,Arthur Smith,18.882,349.588,222.059,127.529,1.824,1.0,0.824,-0.099,0.411,75.141,-0.683,-0.008,-0.526,0.753,-0.71,-1.0,-0.111,-0.689,-0.408,-0.786,-0.547,-0.671,
2024,PIT,Arthur Smith,22.353,340.412,212.176,128.235,2.059,1.235,0.824,-0.032,0.405,77.211,-0.123,-0.408,-0.968,0.305,-0.576,-0.578,-0.312,-0.413,-0.922,-0.793,-0.475,-0.98,0.505
2025,PIT,Arthur Smith,23.353,317.412,213.647,103.765,2.471,1.529,0.941,0.026,0.44,81.24,0.082,-0.725,-0.397,-0.779,0.072,0.099,0.011,0.217,0.012,-0.152,-0.181,-0.475,
2022,DET,Ben Johnson,26.647,390.412,261.412,129.0,3.059,1.706,1.353,0.069,0.454,96.415,1.27,1.155,0.755,0.284,1.385,0.751,1.459,0.971,0.559,1.148,1.239,-0.637,1.876
2023,DET,Ben Johnson,27.118,408.059,270.941,137.118,3.353,1.765,1.588,0.065,0.461,100.702,1.265,1.773,1.275,1.268,1.837,0.981,1.992,0.994,1.02,1.735,1.652,1.239,
2024,DET,Ben Johnson,33.176,425.0,277.529,147.471,4.0,2.294,1.706,0.17,0.501,108.96,2.26,2.122,1.998,1.067,2.465,1.851,2.065,1.601,1.713,2.512,2.34,1.652,
2025,CHI,Ben Johnson,25.941,379.941,234.765,145.176,2.765,1.647,1.118,0.08,0.458,89.432,0.706,1.059,0.34,1.522,0.573,0.403,0.526,0.79,0.528,0.625,0.741,-0.985,1.726
2016,NYG,Ben McAdoo,19.375,341.188,251.688,89.5,2.0,1.625,0.375,-0.07,0.406,83.374,-0.824,-0.779,-0.128,-1.096,-0.684,0.198,-1.54,-0.846,-0.843,-0.415,-0.676,,
2017,NYG,Ben McAdoo,15.375,327.438,230.0,97.438,1.625,1.25,0.375,-0.113,0.406,77.319,-1.558,-0.764,-0.329,-0.803,-1.367,-0.52,-1.323,-0.988,-0.28,-0.575,-1.066,-0.676,
2022,CAR,Ben McAdoo,20.412,321.294,190.941,130.353,1.882,0.941,0.941,-0.033,0.407,68.496,-0.399,-1.231,-1.224,0.342,-0.722,-1.049,0.137,-0.306,-0.914,-1.377,-0.932,-1.165,0.232
2018,CIN,Bill Lazor,23.0,328.562,223.062,105.5,2.5,1.688,0.812,-0.011,0.424,82.554,-0.072,-1.019,-0.787,-0.56,-0.018,0.064,-0.166,-0.19,-0.418,-0.497,-0.401,-1.09,0.689
2016,LV,Bill Musgrave,26.0,380.625,258.562,122.062,2.875,1.812,1.062,0.037,0.433,95.899,0.782,0.494,0.098,0.669,0.811,0.613,0.62,0.381,0.03,0.771,0.714,,
2018,DEN,Bill Musgrave,20.562,365.375,245.625,119.75,2.312,1.188,1.125,-0.015,0.436,85.369,-0.584,-0.105,-0.22,0.261,-0.308,-0.896,0.988,-0.226,-0.107,-0.285,-0.321,-0.75,0.43
2016,HOU,Bill O'Brien,17.438,330.75,213.625,117.125,1.438,0.938,0.5,-0.095,0.411,73.339,-1.294,-1.116,-1.38,0.401,-1.645,-1.32,-1.147,-1.139,-0.671,-1.365,-1.355,,
2017,HOU,Bill O'Brien,21.125,343.062,227.75,115.312,2.25,1.75,0.5,-0.082,0.391,79.46,-0.146,-0.236,-0.406,0.298,0.147,0.798,-0.872,-0.597,-0.823,-0.339,-0.144,-1.355,
2018,HOU,Bill O'Brien,25.125,387.25,260.312,126.938,2.375,1.625,0.75,0.014,0.434,89.512,0.374,0.439,0.149,0.676,-0.211,-0.056,-0.397,0.066,-0.164,0.026,0.157,-0.144,
2019,HOU,Bill O'Brien,23.625,381.438,255.188,126.25,2.75,1.688,1.062,0.059,0.452,91.345,0.193,0.448,0.106,0.497,0.595,0.38,0.6,0.759,0.746,0.398,0.409,0.157,
2023,NE,Bill O'Brien,13.882,295.647,199.529,96.118,1.471,0.941,0.529,-0.189,0.39,67.681,-1.865,-1.651,-1.356,-0.935,-1.298,-1.153,-0.92,-1.609,-0.999,-1.522,-1.584,-0.595,-0.989
2023,HOU,Bobby Slowik,22.176,365.824,269.294,96.529,2.176,1.588,0.588,-0.026,0.41,88.095,0.097,0.487,1.214,-0.912,-0.122,0.524,-0.758,0.065,-0.422,0.491,0.238,-1.413,1.651
2024,HOU,Bobby Slowik,21.882,343.353,232.471,110.882,2.059,1.176,0.882,-0.053,0.388,79.716,-0.227,-0.32,-0.047,-0.383,-0.576,-0.713,-0.153,-0.624,-1.381,-0.532,-0.414,0.238,
2024,TEN,Brian Callahan,18.294,322.294,213.0,109.294,1.941,1.294,0.647,-0.119,0.398,74.144,-1.017,-0.95,-0.93,-0.446,-0.76,-0.443,-0.787,-1.273,-1.125,-1.112,-0.96,-1.014,0.055
2025,TEN,Brian Callahan,16.706,284.706,190.647,94.059,1.412,0.882,0.529,-0.16,0.374,66.626,-1.52,-1.658,-1.201,-1.318,-1.732,-1.568,-1.191,-1.775,-1.889,-1.537,-1.612,-0.96,
2018,BUF,Brian Daboll,16.812,315.312,190.75,124.562,1.75,0.812,0.938,-0.149,0.377,66.23,-1.372,-1.348,-1.6,0.539,-1.178,-1.617,0.296,-1.559,-1.689,-1.722,-1.405,-1.053,-0.352
2019,BUF,Brian Daboll,19.625,346.438,217.25,129.188,2.125,1.312,0.812,-0.029,0.417,78.565,-0.756,-0.534,-1.072,0.613,-0.566,-0.709,-0.192,-0.249,-0.406,-0.911,-0.692,-1.405,
2020,BUF,Brian Daboll,31.312,408.438,299.125,109.312,3.5,2.5,1.0,0.165,0.503,107.146,1.525,1.159,1.394,-0.442,1.205,1.45,-0.128,1.509,1.632,1.404,1.323,-0.692,
2021,BUF,Brian Daboll,28.412,392.882,261.765,131.118,3.294,2.118,1.176,0.101,0.477,100.406,1.205,0.962,0.547,0.792,1.379,1.129,0.881,1.092,1.058,1.124,1.168,1.323,
2024,NYG,Brian Daboll,16.059,312.941,207.118,105.824,1.647,0.882,0.765,-0.103,0.407,72.779,-1.509,-1.229,-1.197,-0.584,-1.221,-1.387,-0.47,-1.12,-0.867,-1.254,-1.303,-1.347,0.044
2023,PHI,Brian Johnson,25.471,368.647,239.235,129.412,2.706,1.412,1.294,0.054,0.459,86.905,0.876,0.573,0.107,0.854,0.759,0.067,1.183,0.885,0.959,0.374,0.645,1.574,-0.929
2018,SEA,Brian Schottenheimer,26.75,376.25,215.5,160.75,3.125,2.188,0.938,0.091,0.44,90.045,0.716,0.165,-0.977,2.625,0.948,1.024,0.296,0.831,0.016,0.066,0.474,0.33,0.144
2019,SEA,Brian Schottenheimer,25.312,395.312,256.875,138.438,2.875,1.938,0.938,0.022,0.455,93.9,0.593,0.838,0.158,0.978,0.827,1.106,0.204,0.338,0.845,0.66,0.729,0.474,
2020,SEA,Brian Schottenheimer,28.688,389.562,265.312,124.25,3.438,2.5,0.938,0.087,0.482,102.338,0.911,0.512,0.329,0.192,1.106,1.45,-0.333,0.624,0.954,0.96,0.873,0.729,
2025,DAL,Brian Schottenheimer,27.706,404.882,278.529,126.353,2.882,1.824,1.059,0.095,0.465,99.382,1.131,1.771,1.869,0.476,0.774,0.857,0.354,0.958,0.736,1.568,1.311,-0.602,1.913
2016,ARI,Bruce Arians,26.125,385.25,276.562,108.688,3.0,1.75,1.25,-0.02,0.444,95.231,0.812,0.644,0.689,-0.056,1.024,0.475,1.209,-0.274,0.38,0.708,0.797,,
2017,ARI,Bruce Arians,18.438,336.188,248.688,87.5,1.688,1.312,0.375,-0.159,0.374,77.166,-0.806,-0.469,0.312,-1.416,-1.216,-0.355,-1.323,-1.576,-1.445,-0.592,-0.77,0.797,
2019,TB,Bruce Arians,28.625,416.312,320.438,95.875,3.0,2.062,0.938,-0.009,0.432,100.368,1.379,1.428,2.132,-0.704,1.059,1.469,0.204,-0.023,0.108,1.323,1.297,0.903,0.394
2020,TB,Byron Leftwich,30.75,394.312,298.5,95.812,3.625,2.625,1.0,0.121,0.46,107.159,1.393,0.675,1.375,-1.014,1.403,1.677,-0.128,1.012,0.239,1.405,1.219,1.297,-0.078
2021,TB,Byron Leftwich,30.059,415.941,316.647,99.294,3.588,2.529,1.059,0.138,0.495,112.636,1.57,1.639,2.249,-0.873,1.872,1.94,0.463,1.503,1.581,2.165,1.812,1.219,
2022,TB,Byron Leftwich,18.412,356.882,279.176,77.706,1.824,1.529,0.294,-0.036,0.439,91.308,-0.934,-0.003,1.254,-1.928,-0.827,0.336,-1.941,-0.345,0.074,0.686,-0.269,1.812,
2019,MIA,Chad O'Shea,19.125,330.312,257.312,73.0,2.0,1.375,0.625,-0.102,0.403,81.436,-0.875,-0.987,0.172,-1.608,-0.798,-0.528,-0.786,-1.08,-0.847,-0.617,-0.819,-0.947,0.128
2016,NYJ,Chan Gailey,17.188,340.188,227.812,112.375,1.625,1.0,0.625,-0.09,0.4,72.719,-1.355,-0.811,-0.913,0.144,-1.325,-1.182,-0.755,-1.073,-1.029,-1.424,-1.229,,
2020,MIA,Chan Gailey,25.25,352.562,246.062,106.5,2.438,1.5,0.938,0.005,0.459,87.624,0.108,-0.755,-0.278,-0.561,-0.48,-0.365,-0.333,-0.307,0.193,-0.398,-0.381,-0.819,0.438
2016,SF,Chip Kelly,19.312,324.688,197.875,126.812,2.25,1.312,0.938,-0.085,0.396,74.634,-0.84,-1.312,-1.898,0.926,-0.257,-0.492,0.227,-1.021,-1.171,-1.243,-0.913,,
2025,LV,Chip Kelly,14.176,272.824,195.0,77.824,1.471,1.176,0.294,-0.215,0.376,66.224,-2.129,-1.997,-1.049,-2.22,-1.632,-0.81,-1.878,-2.37,-1.83,-1.575,-1.833,-0.962,-0.872
2016,SEA,Darrell Bevell,22.125,377.062,276.375,100.688,2.25,1.438,0.812,0.016,0.44,88.886,-0.158,0.379,0.683,-0.49,-0.257,-0.216,-0.166,0.133,0.233,0.107,0.018,,
2017,SEA,Darrell Bevell,22.875,350.5,248.688,101.812,2.375,2.125,0.25,-0.025,0.408,87.748,0.284,0.015,0.312,-0.534,0.449,1.786,-1.773,0.128,-0.184,0.572,0.33,0.018,
2019,DET,Darrell Bevell,21.312,365.312,261.688,103.625,2.188,1.75,0.438,-0.04,0.41,86.568,-0.356,-0.004,0.308,-0.398,-0.45,0.562,-1.38,-0.371,-0.609,-0.091,-0.225,-0.605,0.38
2020,DET,Darrell Bevell,23.562,368.938,274.812,94.125,2.75,1.688,1.062,-0.005,0.443,92.968,-0.287,-0.194,0.628,-1.086,0.015,-0.025,0.077,-0.418,-0.323,0.096,-0.092,-0.225,
2021,JAX,Darrell Bevell,14.882,319.882,216.118,103.765,1.471,0.706,0.765,-0.087,0.44,71.345,-1.797,-1.181,-0.868,-0.639,-1.681,-1.651,-0.581,-1.025,-0.055,-1.348,-1.502,-0.996,-0.506
2023,TB,Dave Canales,20.471,327.882,237.882,90.0,2.118,1.647,0.471,-0.016,0.396,81.356,-0.307,-0.669,0.057,-1.263,-0.22,0.676,-1.082,0.169,-0.815,-0.173,-0.342,-0.269,-0.073
2024,CAR,Dave Canales,20.059,311.706,200.647,111.059,2.353,1.294,1.059,-0.052,0.414,76.02,-0.628,-1.266,-1.491,-0.376,-0.115,-0.443,0.322,-0.614,-0.688,-0.917,-0.732,-1.744,1.012
2025,CAR,Dave Canales,18.294,311.882,194.353,117.529,1.941,1.412,0.529,-0.037,0.432,73.251,-1.137,-0.882,-1.071,-0.014,-0.83,-0.204,-1.191,-0.457,-0.218,-0.909,-0.94,-0.732,
2016,TB,Dirk Koetter,22.125,362.562,260.312,102.25,2.312,1.812,0.5,-0.003,0.438,87.481,-0.158,-0.089,0.155,-0.405,-0.15,0.613,-1.147,-0.077,0.184,-0.026,-0.106,,
2017,TB,Dirk Koetter,20.938,379.0,287.938,91.062,2.125,1.625,0.5,-0.001,0.44,89.249,-0.192,0.978,1.658,-1.196,-0.156,0.468,-0.872,0.437,0.954,0.737,0.342,-0.106,
2018,TB,Dirk Koetter,24.75,430.625,334.875,95.75,2.938,2.25,0.688,0.041,0.45,104.401,0.295,1.516,2.024,-1.122,0.658,1.144,-0.627,0.336,0.281,1.143,0.903,0.342,
2019,ATL,Dirk Koetter,23.812,401.375,315.562,85.812,2.438,1.812,0.625,0.008,0.442,101.248,0.237,1.008,1.981,-1.102,0.015,0.743,-0.786,0.176,0.422,1.413,0.668,0.831,-0.163
2020,ATL,Dirk Koetter,24.75,385.25,288.75,96.5,2.5,1.688,0.812,0.022,0.432,95.25,-0.009,0.365,1.067,-0.985,-0.381,-0.025,-0.743,-0.118,-0.656,0.306,0.07,0.668,
2016,PHI,Doug Pederson,22.938,351.562,237.375,114.188,2.0,1.0,1.0,-0.017,0.44,83.189,0.039,-0.444,-0.599,0.242,-0.684,-1.182,0.423,-0.24,0.23,-0.433,-0.38,,
2017,PHI,Doug Pederson,28.562,381.25,247.938,133.312,2.938,2.375,0.562,0.044,0.431,95.492,1.681,1.054,0.286,1.407,1.812,2.445,-0.647,1.008,0.62,1.424,1.493,-0.38,
2018,PHI,Doug Pederson,22.938,381.562,282.75,98.812,2.562,1.812,0.75,0.034,0.459,96.523,-0.085,0.297,0.714,-0.946,0.079,0.304,-0.397,0.263,0.515,0.552,0.211,1.493,
2019,PHI,Doug Pederson,24.062,375.812,253.938,121.875,2.688,1.688,1.0,-0.009,0.443,93.232,0.296,0.291,0.067,0.324,0.479,0.38,0.402,-0.022,0.443,0.592,0.414,0.211,
2020,PHI,Doug Pederson,20.875,360.062,233.0,127.062,2.375,1.375,1.0,-0.089,0.405,84.164,-0.915,-0.498,-0.69,0.312,-0.579,-0.592,-0.128,-1.372,-1.544,-0.717,-0.677,0.414,
2022,JAX,Doug Pederson,23.765,369.235,244.0,125.235,2.412,1.471,0.941,0.045,0.463,88.372,0.499,0.424,0.266,0.121,0.227,0.197,0.137,0.673,0.817,0.42,0.392,-1.502,1.894
2023,JAX,Doug Pederson,22.176,355.412,257.471,97.941,2.294,1.294,1.0,-0.071,0.421,86.081,0.097,0.169,0.779,-0.837,0.073,-0.238,0.374,-0.397,-0.125,0.293,0.158,0.392,
2016,CHI,Dowell Loggains,17.438,367.562,258.688,108.875,1.812,1.188,0.625,-0.038,0.444,81.122,-1.294,0.073,0.102,-0.046,-1.004,-0.768,-0.755,-0.484,0.361,-0.628,-0.714,,
2017,CHI,Dowell Loggains,16.5,305.0,192.812,112.188,1.625,0.812,0.812,-0.11,0.384,67.606,-1.282,-1.522,-1.603,0.105,-1.367,-1.673,0.253,-0.956,-1.082,-1.643,-1.454,-0.714,
2023,ARI,Drew Petzing,19.412,341.412,201.765,139.647,2.059,1.059,1.0,-0.067,0.407,78.218,-0.557,-0.257,-1.274,1.404,-0.318,-0.848,0.374,-0.356,-0.509,-0.483,-0.404,-0.447,0.043
2024,ARI,Drew Petzing,23.529,371.824,227.0,144.824,2.294,1.235,1.059,0.066,0.473,85.256,0.136,0.532,-0.295,0.962,-0.207,-0.578,0.322,0.568,0.929,0.045,0.126,-0.404,
2025,ARI,Drew Petzing,20.882,349.412,256.118,93.294,2.235,1.706,0.529,-0.017,0.431,88.521,-0.513,0.188,1.086,-1.361,-0.329,0.554,-1.191,-0.244,-0.248,0.538,-0.029,0.126,
2023,WAS,Eric Bieniemy,19.353,339.412,245.529,93.882,2.235,1.412,0.824,-0.108,0.409,83.68,-0.571,-0.318,0.339,-1.055,-0.024,0.067,-0.111,-0.778,-0.45,0.056,-0.214,-0.528,0.314
2018,IND,Frank Reich,27.062,396.0,287.188,108.812,3.25,2.438,0.812,0.068,0.483,105.069,0.781,0.656,0.825,-0.369,1.141,1.504,-0.166,0.6,1.155,1.193,0.943,-1.546,2.489
2019,IND,Frank Reich,22.562,341.125,207.125,134.0,2.438,1.375,1.062,-0.004,0.44,80.372,-0.059,-0.683,-1.387,0.803,0.015,-0.528,0.6,0.043,0.348,-0.726,-0.363,0.943,
2020,IND,Frank Reich,28.188,387.5,261.625,125.875,2.75,1.5,1.25,0.079,0.466,94.165,0.794,0.442,0.212,0.261,0.015,-0.365,0.692,0.529,0.424,0.206,0.364,-0.363,
2021,IND,Frank Reich,26.529,361.294,211.059,150.235,2.882,1.588,1.294,0.052,0.443,86.489,0.787,0.035,-1.025,1.791,0.688,0.087,1.298,0.544,0.024,-0.059,0.363,0.364,
2022,IND,Frank Reich,17.0,337.0,226.765,110.235,1.471,1.0,0.471,-0.166,0.399,75.541,-1.312,-0.689,-0.218,-0.526,-1.459,-0.911,-1.375,-1.981,-1.176,-0.74,-1.05,0.363,
2023,CAR,Frank Reich,13.882,295.176,190.882,104.294,1.176,0.765,0.412,-0.18,0.374,66.306,-1.865,-1.665,-1.675,-0.495,-1.788,-1.61,-1.243,-1.515,-1.438,-1.658,-1.744,-0.932,-0.812
2019,CLE,Freddie Kitchens,20.938,359.625,240.438,119.188,2.312,1.375,0.938,-0.044,0.407,81.668,-0.445,-0.164,-0.352,0.217,-0.218,-0.528,0.204,-0.42,-0.708,-0.593,-0.355,0.211,-0.565
2016,DEN,Gary Kubiak,20.812,338.5,244.625,93.875,1.938,1.25,0.688,-0.069,0.402,78.835,-0.476,-0.866,-0.361,-0.859,-0.791,-0.63,-0.558,-0.84,-0.972,-0.845,-0.744,,
2020,MIN,Gary Kubiak,26.875,409.75,266.562,143.188,3.438,2.188,1.25,0.092,0.491,101.65,0.488,1.204,0.368,0.996,1.106,0.883,0.692,0.683,1.231,0.897,0.924,0.344,0.58
2021,MIA,George Godsey,20.059,324.412,231.529,92.882,1.941,1.235,0.706,-0.06,0.412,80.344,-0.649,-1.048,-0.39,-1.208,-0.891,-0.608,-0.789,-0.718,-0.891,-0.582,-0.792,-0.381,-0.411
2016,JAX,Greg Olson,19.875,347.688,245.312,102.375,2.0,1.5,0.5,-0.087,0.4,83.1,-0.703,-0.569,-0.338,-0.398,-0.684,-0.078,-1.147,-1.046,-1.048,-0.441,-0.599,,
2016,BUF,Greg Roman,24.938,367.938,203.125,164.812,2.875,1.062,1.812,0.063,0.453,83.5,0.524,0.085,-1.725,2.985,0.811,-1.044,2.976,0.678,0.667,-0.403,0.254,,
2019,BAL,Greg Roman,33.188,416.438,209.375,207.062,3.625,2.312,1.312,0.215,0.484,97.475,2.461,1.431,-1.317,3.691,2.219,2.195,1.392,2.538,1.779,1.026,1.784,-0.005,1.789
2020,BAL,Greg Roman,29.25,375.125,182.438,192.688,3.188,1.688,1.5,0.118,0.456,85.172,1.043,0.018,-2.283,3.097,0.709,-0.025,1.512,0.975,0.124,-0.624,0.287,1.784,
2021,BAL,Greg Roman,22.765,397.294,251.0,146.294,2.294,1.235,1.059,0.008,0.465,89.252,-0.048,1.092,0.213,1.585,-0.299,-0.608,0.463,0.047,0.703,0.176,0.23,0.287,
2022,BAL,Greg Roman,20.588,349.588,188.353,161.235,1.941,1.118,0.824,0.002,0.452,74.369,-0.351,-0.254,-1.297,1.673,-0.616,-0.634,-0.241,0.136,0.492,-0.846,-0.517,0.23,
2024,LAC,Greg Roman,23.647,342.235,229.471,112.765,2.353,1.353,1.0,0.038,0.419,82.255,0.162,-0.353,-0.183,-0.308,-0.115,-0.308,0.163,0.291,-0.543,-0.268,-0.144,-0.095,-0.048
2025,LAC,Greg Roman,21.647,354.941,232.529,122.412,2.118,1.529,0.588,-0.024,0.431,83.007,-0.329,0.346,0.262,0.257,-0.529,0.099,-1.019,-0.325,-0.245,0.016,-0.124,-0.144,
2016,CLE,Hue Jackson,16.5,337.938,230.812,107.125,1.75,0.938,0.812,-0.074,0.38,75.889,-1.521,-0.884,-0.815,-0.141,-1.111,-1.32,-0.166,-0.893,-1.676,-1.124,-1.16,,
2017,CLE,Hue Jackson,14.625,328.375,221.062,107.312,1.625,0.938,0.688,-0.169,0.373,69.911,-1.742,-0.733,-0.635,-0.195,-1.367,-1.344,-0.197,-1.699,-1.483,-1.39,-1.308,-1.16,
2020,NYG,Jason Garrett,17.5,320.188,208.5,111.688,1.562,0.75,0.812,-0.056,0.415,70.552,-1.704,-1.863,-1.462,-0.341,-1.868,-1.727,-0.743,-0.999,-1.209,-1.973,-1.852,-0.016,-1.836
2021,NYG,Jason Garrett,15.176,303.529,203.706,99.824,1.353,0.882,0.471,-0.165,0.391,67.801,-1.732,-1.661,-1.253,-0.845,-1.878,-1.303,-1.624,-1.899,-1.54,-1.649,-1.73,-1.852,
2016,WAS,Jay Gruden,24.75,416.062,309.25,106.812,2.625,1.562,1.062,0.114,0.481,99.208,0.479,1.639,1.764,-0.158,0.384,0.06,0.62,1.262,1.569,1.084,0.896,,
2017,WAS,Jay Gruden,21.375,346.938,255.812,91.125,2.312,1.688,0.625,-0.065,0.402,84.426,-0.084,-0.106,0.556,-1.192,0.298,0.633,-0.422,-0.377,-0.423,0.207,0.079,0.896,
2018,WAS,Jay Gruden,17.562,316.812,205.438,111.375,1.75,1.0,0.75,-0.073,0.423,71.911,-1.214,-1.31,-1.23,-0.222,-1.178,-1.256,-0.397,-0.8,-0.459,-1.295,-1.249,0.079,
2019,WAS,Jay Gruden,16.625,299.562,200.312,99.25,1.688,1.125,0.562,-0.139,0.387,69.188,-1.468,-1.85,-1.598,-0.571,-1.378,-1.254,-0.984,-1.503,-1.378,-1.871,-1.642,-1.249,
2020,JAX,Jay Gruden,19.125,342.375,247.188,95.188,2.125,1.562,0.562,-0.057,0.415,85.662,-1.324,-1.104,-0.243,-1.041,-0.976,-0.252,-1.563,-1.005,-1.212,-0.579,-0.996,-0.732,-0.263
2018,NYJ,Jeremy Bates,20.812,314.75,212.75,102.0,1.812,1.125,0.688,-0.125,0.371,71.216,-0.532,-1.362,-1.047,-0.762,-1.081,-1.016,-0.627,-1.324,-1.844,-1.347,-1.08,-0.691,-0.389
2016,DET,Jim Bob Cooter,21.625,352.875,270.438,82.438,2.062,1.5,0.562,0.044,0.445,87.924,-0.279,-0.402,0.488,-1.478,-0.577,-0.078,-0.951,0.455,0.416,0.016,-0.31,,
2017,DET,Jim Bob Cooter,25.625,356.25,279.375,76.875,2.438,1.812,0.625,-0.056,0.402,90.494,0.959,0.209,1.364,-2.07,0.601,0.963,-0.422,-0.257,-0.431,0.874,0.661,-0.31,
2018,DET,Jim Bob Cooter,20.25,344.625,240.25,104.375,2.062,1.375,0.688,-0.039,0.405,83.072,-0.65,-0.62,-0.355,-0.625,-0.694,-0.536,-0.627,-0.461,-0.921,-0.458,-0.605,0.661,
2020,CAR,Joe Brady,21.875,365.25,258.062,107.188,2.188,1.0,1.188,0.004,0.45,84.841,-0.681,-0.32,0.1,-0.532,-0.877,-1.273,0.487,-0.322,-0.087,-0.654,-0.633,-0.144,-0.489
2021,CAR,Joe Brady,17.882,319.294,210.176,109.118,1.824,0.824,1.0,-0.14,0.408,72.613,-1.131,-1.198,-1.052,-0.359,-1.089,-1.419,0.254,-1.619,-1.011,-1.24,-1.165,-0.633,
2024,BUF,Joe Brady,30.882,363.941,231.647,132.294,3.647,1.765,1.882,0.188,0.474,93.136,1.755,0.296,-0.084,0.466,1.912,0.637,2.54,1.776,0.967,0.865,1.207,1.123,0.084
2025,BUF,Joe Brady,28.294,395.412,234.176,161.235,3.471,1.706,1.765,0.141,0.488,95.338,1.273,1.501,0.32,2.414,1.776,0.554,2.414,1.448,1.389,1.184,1.434,1.207,
2021,LAC,Joe Lombardi,27.882,403.706,294.941,108.765,3.294,2.235,1.059,0.092,0.475,106.256,1.087,1.28,1.576,-0.377,1.379,1.361,0.463,0.991,0.986,1.622,1.342,0.288,1.054
2022,LAC,Joe Lombardi,23.0,372.529,281.824,90.706,2.412,1.529,0.882,0.005,0.44,95.891,0.294,0.537,1.328,-1.368,0.227,0.336,-0.052,0.171,0.095,1.1,0.54,1.342,
2018,MIN,John DeFilippo,22.5,362.312,268.625,93.688,2.438,1.875,0.562,-0.082,0.431,93.876,-0.177,-0.181,0.358,-1.241,-0.115,0.424,-1.089,-0.893,-0.237,0.353,-0.03,0.657,-0.686
2019,JAX,John DeFilippo,18.75,358.938,251.438,107.5,1.688,1.5,0.188,-0.048,0.395,83.501,-0.964,-0.183,-0.011,-0.245,-1.378,-0.165,-2.171,-0.463,-1.097,-0.405,-0.732,-1.506,0.774
2017,NYJ,John Morton,18.625,326.125,218.812,107.312,2.0,1.188,0.812,-0.073,0.384,75.834,-0.76,-0.809,-0.712,-0.195,-0.459,-0.685,0.253,-0.479,-1.075,-0.738,-0.691,-1.229,0.537
2025,DET,John Morton,28.294,389.353,268.647,120.706,3.294,2.059,1.235,0.081,0.452,99.499,1.273,1.328,1.524,0.162,1.476,1.464,0.869,0.808,0.372,1.579,1.414,2.34,-0.926
2018,LV,Jon Gruden,18.125,356.062,253.562,102.5,1.75,1.188,0.562,-0.054,0.451,82.424,-1.096,-0.336,-0.02,-0.733,-1.178,-0.896,-1.089,-0.612,0.298,-0.506,-0.779,-0.332,-0.447
2019,LV,Jon Gruden,19.562,375.625,256.875,118.75,2.188,1.375,0.812,0.049,0.451,87.356,-0.771,0.285,0.158,0.2,-0.45,-0.528,-0.192,0.641,0.708,-0.01,-0.236,-0.779,
2020,LV,Jon Gruden,27.125,394.312,273.938,120.375,3.0,1.75,1.25,0.044,0.464,95.514,0.546,0.675,0.601,0.028,0.412,0.089,0.692,0.14,0.378,0.331,0.491,-0.236,
2021,LV,Jon Gruden,22.0,378.529,282.824,95.706,2.176,1.353,0.824,-0.016,0.45,89.989,-0.218,0.541,1.2,-1.06,-0.497,-0.376,-0.372,-0.229,0.241,0.238,0.016,0.491,
2025,TB,Josh Grizzard,22.353,336.059,220.882,115.176,2.294,1.529,0.765,-0.006,0.425,81.494,-0.159,-0.193,-0.145,-0.145,-0.229,0.099,-0.504,-0.123,-0.423,-0.127,-0.177,1.672,-1.849
2016,NE,Josh McDaniels,27.562,396.75,278.5,118.25,3.188,2.0,1.188,0.128,0.44,100.065,1.161,1.015,0.753,0.462,1.345,1.027,1.012,1.423,0.25,1.166,1.171,,
2017,NE,Josh McDaniels,28.625,407.625,288.688,118.938,3.0,2.0,1.0,0.122,0.482,101.91,1.696,1.945,1.683,0.521,1.963,1.457,0.929,2.004,2.487,2.13,1.934,1.171,
2018,NE,Josh McDaniels,27.25,403.75,275.312,128.438,2.938,1.812,1.125,0.084,0.47,98.525,0.821,0.848,0.527,0.762,0.658,0.304,0.988,0.765,0.814,0.702,0.757,1.934,
2019,NE,Josh McDaniels,26.25,366.875,259.562,107.312,2.625,1.562,1.062,-0.011,0.419,92.108,0.815,0.04,0.242,-0.252,0.363,0.017,0.6,-0.038,-0.318,0.477,0.424,0.757,
2020,NE,Josh McDaniels,20.375,342.625,195.25,147.375,2.0,0.75,1.25,-0.004,0.461,73.31,-1.032,-1.095,-1.879,1.174,-1.174,-1.727,0.692,-0.402,0.274,-1.719,-1.255,0.424,
2021,NE,Josh McDaniels,27.176,369.235,241.059,128.176,2.824,1.412,1.412,0.067,0.483,88.401,0.931,0.268,-0.095,0.638,0.589,-0.261,1.716,0.704,1.234,0.103,0.473,-1.255,
2022,LV,Josh McDaniels,23.235,367.235,246.0,121.235,2.353,1.647,0.706,0.004,0.433,86.022,0.357,0.355,0.322,-0.051,0.121,0.613,-0.619,0.156,-0.115,0.208,0.26,0.016,0.244
2023,LV,Josh McDaniels,19.529,307.353,215.647,91.706,1.824,1.176,0.647,-0.098,0.412,73.026,-0.53,-1.294,-0.762,-1.172,-0.71,-0.543,-0.596,-0.67,-0.371,-0.995,-0.882,0.26,
2025,NE,Josh McDaniels,28.824,393.176,262.294,130.882,3.118,1.824,1.294,0.157,0.483,96.492,1.4,1.437,1.302,0.728,1.175,0.857,1.041,1.615,1.261,1.294,1.326,-1.257,2.583
2019,DAL,Kellen Moore,27.125,441.562,306.375,135.188,3.0,1.875,1.125,0.12,0.49,104.224,1.023,2.137,1.696,0.85,1.059,0.925,0.798,1.461,1.957,1.718,1.484,-0.329,1.813
2020,DAL,Kellen Moore,24.688,394.0,281.938,112.062,2.438,1.562,0.875,-0.041,0.456,95.084,-0.024,0.664,0.853,-0.325,-0.48,-0.252,-0.538,-0.824,0.111,0.291,0.113,1.484,
2021,DAL,Kellen Moore,31.176,417.059,291.941,125.118,3.235,2.353,0.882,0.094,0.469,108.042,1.818,1.672,1.483,0.478,1.28,1.593,-0.163,1.013,0.802,1.774,1.636,0.113,
2022,DAL,Kellen Moore,27.471,366.059,230.059,136.0,3.059,1.647,1.412,0.014,0.447,89.079,1.49,0.314,-0.126,0.585,1.385,0.613,1.648,0.278,0.318,0.484,0.918,1.636,
2023,LAC,Kellen Moore,20.353,351.176,253.647,97.529,2.059,1.412,0.647,-0.077,0.409,85.464,-0.335,0.04,0.638,-0.859,-0.318,0.067,-0.596,-0.458,-0.448,0.232,-0.095,0.54,-0.635
2024,PHI,Kellen Moore,27.235,387.588,206.882,180.706,3.118,1.412,1.706,0.114,0.453,88.011,0.952,1.003,-1.208,2.385,1.083,-0.173,2.065,1.047,0.379,0.331,0.842,0.645,0.197
2025,NO,Kellen Moore,18.0,331.882,236.882,95.0,1.647,1.118,0.529,-0.086,0.42,77.711,-1.208,-0.312,0.414,-1.266,-1.331,-0.962,-1.191,-0.981,-0.55,-0.486,-0.834,-0.597,-0.237
2022,BUF,Ken Dorsey,28.438,409.5,268.188,141.312,3.125,2.188,0.938,0.115,0.49,99.434,1.749,1.814,0.945,0.814,1.504,1.885,0.125,1.549,1.662,1.421,1.622,1.168,0.454
2023,BUF,Ken Dorsey,26.529,384.706,253.294,131.412,3.0,1.706,1.294,0.108,0.489,93.826,1.126,1.062,0.625,0.962,1.249,0.829,1.183,1.433,1.812,1.057,1.123,1.622,
2016,LAC,Ken Whisenhunt,25.625,368.875,274.125,94.75,2.688,2.062,0.625,-0.001,0.419,89.878,0.691,0.115,0.609,-0.811,0.49,1.165,-0.755,-0.059,-0.439,0.201,0.374,,
2017,LAC,Ken Whisenhunt,22.188,385.375,284.438,100.938,2.375,1.75,0.625,0.069,0.439,92.415,0.115,1.193,1.538,-0.588,0.449,0.798,-0.422,1.334,0.922,1.086,0.711,0.374,
2018,LAC,Ken Whisenhunt,26.75,387.688,269.75,117.938,3.0,2.0,1.0,0.136,0.47,96.846,0.716,0.449,0.387,0.157,0.755,0.664,0.526,1.279,0.825,0.576,0.624,0.711,
2019,LAC,Ken Whisenhunt,21.062,381.75,290.5,91.25,2.25,1.5,0.75,0.025,0.466,90.876,-0.415,0.457,1.203,-0.887,-0.334,-0.165,-0.39,0.37,1.178,0.35,0.015,0.624,
2016,CIN,Ken Zampese,20.312,373.938,262.875,111.062,2.188,1.125,1.062,0.042,0.447,86.359,-0.597,0.278,0.239,0.073,-0.364,-0.906,0.62,0.429,0.455,-0.132,-0.204,,
2017,CIN,Ken Zampese,18.125,298.125,211.625,86.5,1.938,1.562,0.375,-0.106,0.383,72.415,-0.883,-1.755,-0.958,-1.477,-0.61,0.304,-1.323,-0.894,-1.095,-1.114,-1.09,-0.204,
2022,MIN,Kevin O'Connell,24.941,381.882,283.412,98.471,2.824,1.765,1.059,-0.013,0.448,98.272,0.813,0.86,1.373,-1.033,0.964,0.89,0.515,-0.053,0.349,1.316,0.988,0.428,0.56
2023,MIN,Kevin O'Connell,20.235,368.412,276.471,91.941,2.176,1.765,0.412,-0.042,0.424,89.253,-0.363,0.565,1.479,-1.159,-0.122,0.981,-1.243,-0.096,-0.038,0.605,0.171,0.988,
2024,MIN,Kevin O'Connell,25.412,368.059,257.588,110.471,2.588,2.059,0.529,0.017,0.456,89.798,0.55,0.419,1.093,-0.399,0.253,1.311,-1.104,0.081,0.478,0.517,0.435,0.171,
2025,MIN,Kevin O'Connell,20.235,297.882,188.706,109.176,1.941,1.059,0.882,-0.116,0.426,67.954,-0.669,-1.282,-1.269,-0.478,-0.83,-1.113,-0.161,-1.309,-0.388,-1.411,-1.048,0.435,
2025,PHI,Kevin Patullo,22.294,323.824,205.765,118.059,2.529,1.529,1.0,0.027,0.431,79.913,-0.173,-0.542,-0.673,0.015,0.172,0.099,0.182,0.224,-0.231,-0.277,-0.205,0.842,-1.047
2019,MIN,Kevin Stefanski,25.438,367.188,233.062,134.125,2.812,1.625,1.188,0.057,0.419,87.398,0.623,0.048,-0.581,0.808,0.711,0.199,0.996,0.733,-0.313,-0.006,0.344,-0.03,0.374
2020,CLE,Kevin Stefanski,25.5,380.5,231.312,149.188,3.0,1.688,1.312,0.087,0.466,90.034,0.166,0.202,-0.743,1.251,0.412,-0.025,0.897,0.625,0.419,-0.175,0.151,-0.355,0.506
2021,CLE,Kevin Stefanski,20.529,358.941,212.882,146.059,2.412,1.235,1.176,0.011,0.438,80.574,-0.544,-0.034,-0.969,1.573,-0.102,-0.608,0.881,0.079,-0.12,-0.563,-0.311,0.151,
2022,CLE,Kevin Stefanski,21.235,365.235,218.235,147.0,2.235,1.118,1.118,0.012,0.44,80.906,-0.178,0.286,-0.458,1.06,-0.09,-0.634,0.704,0.261,0.115,-0.255,-0.059,-0.311,
2023,CLE,Kevin Stefanski,23.294,355.235,235.941,119.294,2.294,1.412,0.882,-0.145,0.387,81.779,0.361,0.164,-0.015,0.311,0.073,0.067,0.051,-1.156,-1.085,-0.132,0.117,-0.059,
2024,CLE,Kevin Stefanski,15.176,323.059,228.176,94.882,1.588,1.118,0.471,-0.187,0.368,76.404,-1.703,-0.927,-0.242,-1.017,-1.313,-0.848,-1.263,-1.951,-1.926,-0.877,-1.205,0.117,
2025,CLE,Kevin Stefanski,16.412,282.647,185.412,97.235,1.529,0.941,0.588,-0.189,0.346,64.893,-1.591,-1.716,-1.384,-1.142,-1.532,-1.416,-1.019,-2.092,-2.701,-1.701,-1.635,-1.205,
2019,ARI,Kliff Kingsbury,22.562,362.75,237.312,125.438,2.375,1.25,1.125,0.003,0.426,85.599,-0.059,-0.076,-0.449,0.465,-0.102,-0.891,0.798,0.12,-0.089,-0.19,-0.107,-2.053,1.946
2020,ARI,Kliff Kingsbury,25.625,397.438,256.375,141.062,3.062,1.688,1.375,0.041,0.455,96.561,0.195,0.782,0.047,0.906,0.511,-0.025,1.102,0.102,0.088,0.427,0.479,-0.107,
2021,ARI,Kliff Kingsbury,26.412,395.0,271.706,123.294,2.941,1.588,1.353,0.076,0.469,97.015,0.761,1.025,0.855,0.382,0.786,0.087,1.507,0.807,0.809,0.836,0.852,0.479,
2022,ARI,Kliff Kingsbury,20.0,343.882,233.294,110.588,1.882,1.0,0.882,-0.09,0.405,82.561,-0.509,-0.451,-0.035,-0.51,-0.722,-0.911,-0.052,-1.025,-0.987,-0.105,-0.447,0.852,
2024,WAS,Kliff Kingsbury,28.529,386.118,231.294,154.824,3.176,1.706,1.471,0.138,0.484,94.199,1.237,0.959,-0.1,1.359,1.175,0.502,1.431,1.282,1.234,0.975,1.087,-0.214,1.301
2025,WAS,Kliff Kingsbury,20.941,331.235,195.824,135.412,2.294,1.118,1.176,0.007,0.457,74.827,-0.499,-0.33,-1.02,0.98,-0.229,-0.962,0.697,0.014,0.499,-0.759,-0.454,1.087,
2021,MIN,Klint Kubiak,25.0,376.176,261.765,114.412,2.588,2.0,0.588,0.022,0.416,94.235,0.448,0.472,0.547,-0.082,0.194,0.898,-1.207,0.198,-0.769,0.6,0.428,0.924,-0.495
2024,NO,Klint Kubiak,19.882,334.882,219.412,115.471,2.118,1.235,0.882,-0.055,0.407,78.447,-0.667,-0.573,-0.639,-0.201,-0.484,-0.578,-0.153,-0.642,-0.868,-0.664,-0.597,0.348,-0.945
2025,SEA,Klint Kubiak,28.412,363.353,239.0,124.353,2.588,1.471,1.118,0.03,0.462,85.26,1.301,0.586,0.488,0.365,0.273,-0.052,0.526,0.256,0.642,0.229,0.597,-0.08,0.678
2016,ATL,Kyle Shanahan,33.75,431.312,310.0,121.312,3.625,2.375,1.25,0.194,0.495,109.075,2.661,2.131,1.789,0.628,2.092,1.855,1.209,2.169,2.002,2.019,2.226,,
2017,SF,Kyle Shanahan,20.688,369.188,264.688,104.5,1.875,0.938,0.938,-0.042,0.411,82.319,-0.253,0.646,0.861,-0.368,-0.762,-1.344,0.704,-0.078,-0.11,-0.025,-0.098,-0.913,0.814
2018,SF,Kyle Shanahan,21.375,385.25,265.438,119.812,2.062,1.625,0.438,-0.045,0.436,85.736,-0.414,0.389,0.278,0.265,-0.694,-0.056,-1.55,-0.525,-0.108,-0.258,-0.244,-0.098,
2019,SF,Kyle Shanahan,29.938,397.062,251.812,145.25,3.188,1.75,1.438,0.066,0.443,94.348,1.69,0.887,0.001,1.248,1.407,0.562,1.788,0.839,0.448,0.706,1.172,-0.244,
2020,SF,Kyle Shanahan,23.5,388.625,270.0,118.625,2.75,1.562,1.188,0.01,0.46,92.419,-0.301,0.48,0.476,-0.046,0.015,-0.252,0.487,-0.251,0.251,0.045,0.06,1.172,
2021,SF,Kyle Shanahan,25.118,389.059,261.0,128.059,2.824,1.529,1.294,0.086,0.457,90.399,0.474,0.85,0.523,0.632,0.589,-0.029,1.298,0.921,0.445,0.273,0.547,0.06,
2022,SF,Kyle Shanahan,26.471,378.059,238.176,139.882,2.941,1.765,1.176,0.085,0.462,89.815,1.223,0.728,0.102,0.753,1.175,0.89,0.893,1.172,0.8,0.551,0.919,0.547,
2023,SF,Kyle Shanahan,28.882,411.176,269.235,141.941,3.529,1.941,1.588,0.174,0.511,98.334,1.683,1.868,1.212,1.528,2.131,1.439,1.992,2.113,2.419,1.501,1.796,0.919,
2024,SF,Kyle Shanahan,22.882,387.941,260.235,127.706,2.353,1.353,1.0,0.071,0.461,86.745,-0.006,1.014,1.213,0.284,-0.115,-0.308,0.163,0.613,0.621,0.2,0.273,1.796,
2025,SF,Kyle Shanahan,25.706,362.0,254.0,108.0,2.824,1.941,0.882,0.089,0.483,92.248,0.649,0.548,1.012,-0.544,0.674,1.161,-0.161,0.892,1.254,0.892,0.69,0.273,
2024,TB,Liam Coen,29.529,414.882,265.0,149.882,3.353,2.412,0.941,0.131,0.495,103.665,1.457,1.82,1.429,1.163,1.451,2.121,0.005,1.215,1.536,1.961,1.672,-0.342,2.015
2025,JAX,Liam Coen,27.882,352.941,236.824,116.118,3.0,1.706,1.294,0.033,0.445,88.426,1.173,0.289,0.412,-0.093,0.974,0.554,1.041,0.293,0.155,0.529,0.742,-0.934,1.676
2022,CHI,Luke Getsy,19.176,330.706,152.824,177.882,2.176,1.118,1.059,-0.043,0.406,67.301,-0.729,-0.906,-2.295,2.391,-0.195,-0.634,0.515,-0.438,-0.956,-1.485,-0.829,-1.045,0.216
2023,CHI,Luke Getsy,21.176,343.471,201.235,142.235,2.059,1.118,0.941,-0.047,0.418,75.285,-0.14,-0.194,-1.293,1.543,-0.318,-0.696,0.212,-0.154,-0.187,-0.772,-0.356,-0.829,
2024,LV,Luke Getsy,18.176,323.0,242.176,80.824,1.706,1.118,0.588,-0.143,0.405,77.652,-1.042,-0.929,0.394,-1.574,-1.129,-0.848,-0.946,-1.511,-0.92,-0.747,-0.962,-0.882,-0.079
2016,BAL,Marc Trestman,21.438,363.688,271.438,92.25,1.875,1.25,0.625,-0.054,0.41,89.708,-0.324,-0.053,0.521,-0.947,-0.897,-0.63,-0.755,-0.671,-0.703,0.185,-0.272,,
2017,BAL,Marty Mornhinweg,24.688,319.25,202.188,117.062,2.125,1.25,0.875,-0.067,0.419,79.219,0.729,-1.041,-1.282,0.406,-0.156,-0.52,0.478,-0.404,0.207,-0.366,-0.208,-0.272,0.064
2018,BAL,Marty Mornhinweg,24.312,385.375,231.75,153.625,2.312,1.125,1.188,0.023,0.453,85.076,0.204,0.392,-0.569,2.214,-0.308,-1.016,1.218,0.149,0.363,-0.307,-0.005,-0.208,
2021,PIT,Matt Canada,20.176,330.176,236.294,93.882,1.941,1.353,0.588,-0.074,0.391,83.04,-0.622,-0.878,-0.243,-1.156,-0.891,-0.376,-1.207,-0.876,-1.514,-0.353,-0.686,-0.015,-0.671
2022,PIT,Matt Canada,18.118,338.0,215.353,122.647,1.647,0.706,0.941,0.009,0.449,75.285,-1.013,-0.654,-0.539,0.01,-1.143,-1.603,0.137,0.218,0.388,-0.763,-0.893,-0.686,
2023,PIT,Matt Canada,17.882,321.059,201.235,119.824,1.706,0.765,0.941,-0.073,0.42,70.761,-0.919,-0.877,-1.293,0.339,-0.906,-1.61,0.212,-0.417,-0.145,-1.218,-0.98,-0.893,
2018,TEN,Matt LaFleur,19.375,330.438,203.438,127.0,1.938,1.0,0.938,-0.028,0.426,73.312,-0.834,-0.972,-1.281,0.679,-0.888,-1.256,0.296,-0.36,-0.36,-1.19,-0.971,-0.626,-0.345
2019,GB,Matt LaFleur,23.5,364.875,251.062,113.812,2.75,1.625,1.125,0.045,0.434,90.742,0.163,-0.017,-0.022,0.005,0.595,0.199,0.798,0.601,0.149,0.337,0.269,0.259,0.01
2020,GB,Matt LaFleur,31.812,402.125,268.688,133.438,4.0,3.0,1.0,0.218,0.507,109.229,1.642,0.943,0.435,0.582,1.998,2.358,-0.128,2.109,1.754,1.596,1.545,0.269,
2021,GB,Matt LaFleur,26.471,379.176,266.235,112.941,3.059,2.294,0.765,0.135,0.486,98.449,0.774,0.56,0.686,-0.159,0.984,1.477,-0.581,1.467,1.327,0.958,0.819,1.545,
2022,GB,Matt LaFleur,21.765,354.118,228.824,125.294,2.294,1.588,0.706,0.002,0.457,84.465,-0.037,-0.098,-0.16,0.124,0.016,0.474,-0.619,0.131,0.636,0.067,-0.013,0.819,
2023,GB,Matt LaFleur,22.529,360.529,247.647,112.882,2.471,1.882,0.588,0.065,0.446,88.818,0.18,0.325,0.417,-0.034,0.367,1.286,-0.758,0.996,0.587,0.563,0.359,-0.013,
2024,GB,Matt LaFleur,27.059,379.176,231.706,147.471,3.0,1.647,1.353,0.079,0.449,88.415,0.913,0.752,-0.081,1.067,0.899,0.367,1.114,0.696,0.275,0.373,0.734,0.359,
2025,GB,Matt LaFleur,23.0,347.0,226.176,120.824,2.588,1.529,1.059,0.113,0.476,83.529,-0.003,0.12,0.04,0.169,0.273,0.099,0.354,1.148,1.061,0.065,0.114,0.734,
2018,CHI,Matt Nagy,26.312,356.438,234.188,122.25,2.75,1.75,1.0,0.022,0.455,87.899,0.624,-0.327,-0.508,0.405,0.368,0.184,0.526,0.138,0.418,-0.095,0.142,-1.454,1.596
2019,CHI,Matt Nagy,17.5,314.812,223.312,91.5,1.75,1.25,0.5,-0.091,0.404,77.564,-1.26,-1.422,-0.884,-0.877,-1.262,-0.891,-1.182,-0.959,-0.828,-1.013,-1.239,0.142,
2020,CHI,Matt Nagy,23.25,348.938,245.312,103.625,2.375,1.625,0.75,-0.029,0.435,88.638,-0.36,-0.879,-0.302,-0.683,-0.579,-0.138,-0.948,-0.687,-0.558,-0.304,-0.53,-1.239,
2021,CHI,Matt Nagy,18.294,333.118,213.824,119.294,1.765,0.941,0.824,-0.103,0.411,73.571,-1.04,-0.792,-0.939,0.173,-1.187,-1.187,-0.372,-1.197,-0.924,-1.159,-1.045,-0.53,
2022,NE,Matt Patricia,21.412,334.529,224.412,110.118,1.824,1.118,0.706,-0.052,0.409,76.547,-0.131,-0.774,-0.284,-0.531,-0.827,-0.634,-0.619,-0.551,-0.854,-0.649,-0.595,0.473,-1.068
2022,NYG,Mike Kafka,21.471,350.882,201.824,149.059,2.235,1.0,1.235,0.03,0.448,80.014,-0.115,-0.21,-0.919,1.148,-0.09,-0.911,1.082,0.485,0.362,-0.335,-0.188,-1.73,1.543
2023,NYG,Mike Kafka,15.647,307.765,197.118,110.647,1.471,0.882,0.588,-0.173,0.379,69.326,-1.448,-1.282,-1.445,-0.154,-1.298,-1.305,-0.758,-1.439,-1.298,-1.36,-1.347,-0.188,
2025,NYG,Mike Kafka,22.412,347.353,217.824,129.529,2.529,1.235,1.294,0.01,0.42,81.584,-0.145,0.13,-0.252,0.653,0.172,-0.658,1.041,0.048,-0.574,-0.119,0.01,-1.303,1.313
2021,NYJ,Mike LaFleur,18.235,331.471,232.882,98.588,2.0,1.176,0.824,-0.092,0.416,77.998,-1.053,-0.84,-0.348,-0.91,-0.793,-0.724,-0.372,-1.082,-0.784,-0.782,-0.867,-2.233,1.366
2022,NYJ,Mike LaFleur,17.412,337.412,237.647,99.765,1.647,0.882,0.765,-0.087,0.389,75.247,-1.202,-0.675,0.087,-0.977,-1.143,-1.188,-0.43,-0.992,-1.478,-0.767,-0.946,-0.867,
2016,GB,Mike McCarthy,27.0,385.312,277.812,107.5,3.188,2.5,0.688,0.113,0.451,102.212,1.024,0.646,0.73,-0.12,1.345,2.132,-0.558,1.242,0.595,1.369,1.096,,
2017,GB,Mike McCarthy,20.0,329.0,220.75,108.25,2.375,1.562,0.812,-0.04,0.441,81.555,-0.422,-0.711,-0.646,-0.137,0.449,0.304,0.253,-0.057,1.005,-0.109,-0.198,1.096,
2018,GB,Mike McCarthy,23.5,393.875,289.312,104.562,2.438,1.562,0.875,0.048,0.453,96.048,0.033,0.603,0.879,-0.614,-0.115,-0.176,0.065,0.402,0.365,0.516,0.259,-0.198,
2023,DAL,Mike McCarthy,29.941,388.235,274.118,114.118,2.941,2.118,0.824,0.104,0.472,100.376,1.933,1.169,1.392,0.033,1.151,1.896,-0.111,1.396,1.327,1.703,1.489,0.918,0.571
2024,DAL,Mike McCarthy,20.588,341.647,240.706,100.941,1.706,1.353,0.353,-0.109,0.407,81.022,-0.512,-0.371,0.327,-0.777,-1.129,-0.308,-1.579,-1.176,-0.88,-0.396,-0.602,1.489,
2017,DEN,Mike McCoy,18.062,345.75,229.25,116.5,1.688,1.188,0.5,-0.132,0.38,75.795,-0.898,-0.146,-0.354,0.371,-1.216,-0.685,-0.872,-1.226,-1.223,-0.742,-0.75,-0.744,-0.006
2018,ARI,Mike McCoy,14.062,264.625,180.25,84.375,1.5,0.938,0.562,-0.257,0.345,61.31,-1.95,-2.606,-1.864,-1.778,-1.564,-1.377,-1.089,-2.639,-2.543,-2.091,-2.053,-0.77,-1.282
2022,MIA,Mike McDaniel,23.353,379.882,280.294,99.588,2.471,1.765,0.706,0.049,0.446,90.571,0.388,0.791,1.285,-0.985,0.332,0.89,-0.619,0.721,0.298,0.619,0.533,-0.792,1.325
2023,MIA,Mike McDaniel,29.176,413.235,276.353,136.882,3.353,1.765,1.588,0.099,0.473,99.619,1.752,1.93,1.475,1.256,1.837,0.981,1.992,1.35,1.346,1.628,1.787,0.533,
2024,MIA,Mike McDaniel,20.294,343.353,237.412,105.941,2.0,1.294,0.706,-0.038,0.444,83.502,-0.576,-0.32,0.178,-0.579,-0.668,-0.443,-0.629,-0.474,0.13,-0.138,-0.426,1.787,
2025,MIA,Mike McDaniel,20.412,316.059,195.412,120.647,2.176,1.353,0.824,-0.016,0.42,74.675,-0.627,-0.763,-1.034,0.159,-0.429,-0.355,-0.333,-0.234,-0.572,-0.774,-0.648,-0.426,
2016,CAR,Mike Shula,23.062,361.312,247.625,113.688,2.312,1.312,1.0,-0.056,0.408,81.63,0.07,-0.129,-0.262,0.215,-0.15,-0.492,0.423,-0.686,-0.778,-0.58,-0.197,,
2017,CAR,Mike Shula,22.688,340.375,207.438,132.938,2.312,1.375,0.938,-0.035,0.407,78.116,0.238,-0.327,-1.102,1.384,0.298,-0.19,0.704,0.009,-0.253,-0.487,-0.07,-0.197,
2017,JAX,Nathaniel Hackett,26.062,374.625,232.25,142.375,2.438,1.312,1.125,0.014,0.415,84.902,1.067,0.83,-0.251,1.965,0.601,-0.355,1.379,0.627,0.041,0.259,0.689,-0.599,1.289
2018,JAX,Nathaniel Hackett,15.312,322.5,214.438,108.062,1.375,0.938,0.438,-0.116,0.407,70.352,-1.687,-1.169,-1.004,-0.413,-1.757,-1.377,-1.55,-1.234,-0.866,-1.412,-1.506,0.689,
2022,DEN,Nathaniel Hackett,16.882,350.059,235.706,114.353,1.706,1.059,0.647,-0.109,0.381,76.793,-1.343,-0.238,0.033,-0.348,-1.038,-0.772,-0.808,-1.262,-1.74,-0.627,-0.811,-0.579,-0.232
2023,NYJ,Nathaniel Hackett,15.765,295.588,198.412,97.176,1.059,0.647,0.412,-0.255,0.348,64.76,-1.42,-1.652,-1.397,-0.878,-1.984,-1.915,-1.243,-2.28,-2.159,-1.81,-1.717,-0.946,-0.77
2024,NYJ,Nathaniel Hackett,19.882,328.294,236.235,92.059,2.294,1.824,0.471,-0.015,0.425,85.138,-0.667,-0.77,0.124,-1.129,-0.207,0.772,-1.263,-0.237,-0.38,0.032,-0.403,-1.717,
2025,HOU,Nick Caley,23.765,342.118,232.706,109.412,1.941,1.412,0.529,-0.01,0.414,81.12,0.181,-0.02,0.268,-0.465,-0.83,-0.204,-1.191,-0.166,-0.728,-0.163,-0.208,-0.414,0.206
2021,PHI,Nick Sirianni,26.118,371.294,210.882,160.412,2.647,1.176,1.471,0.066,0.467,83.2,0.696,0.329,-1.031,2.323,0.293,-0.724,1.924,0.695,0.738,-0.339,0.245,-0.677,0.922
2022,PHI,Nick Sirianni,28.059,405.647,256.706,148.941,3.353,1.471,1.882,0.108,0.483,95.404,1.648,1.681,0.623,1.143,1.912,0.197,3.16,1.455,1.46,1.056,1.574,0.245,
2016,MIN,Norv Turner,20.438,333.812,257.438,76.375,1.812,1.25,0.562,-0.042,0.421,85.072,-0.567,-1.017,0.061,-1.807,-1.004,-0.63,-0.951,-0.526,-0.37,-0.254,-0.711,,
2018,CAR,Norv Turner,23.5,388.938,254.438,134.5,2.812,1.75,1.062,0.056,0.478,94.471,0.033,0.48,0.002,1.112,0.465,0.184,0.757,0.487,1.037,0.398,0.344,-0.07,0.414
2019,CAR,Norv Turner,21.25,372.375,258.375,114.0,2.312,1.062,1.25,-0.091,0.429,85.666,-0.371,0.194,0.205,0.012,-0.218,-1.435,1.194,-0.96,-0.005,-0.183,-0.144,0.344,
2017,MIN,Pat Shurmur,23.875,369.5,245.562,123.938,2.5,1.562,0.938,0.01,0.417,88.798,0.53,0.657,0.205,0.829,0.752,0.304,0.704,0.574,0.111,0.688,0.657,-0.711,1.367
2018,NYG,Pat Shurmur,23.062,378.812,275.312,103.5,2.25,1.438,0.812,0.018,0.4,90.731,-0.059,0.229,0.527,-0.676,-0.405,-0.416,-0.166,0.1,-1.07,0.117,-0.029,-1.066,1.037
2019,NYG,Pat Shurmur,21.312,360.0,254.375,105.625,2.562,1.875,0.688,-0.072,0.414,89.394,-0.356,-0.153,0.081,-0.319,0.247,0.925,-0.588,-0.741,-0.486,0.199,-0.016,-0.029,
2020,DEN,Pat Shurmur,20.188,350.5,229.562,120.938,2.125,1.312,0.812,-0.104,0.388,78.939,-1.076,-0.825,-0.798,0.052,-0.976,-0.706,-0.743,-1.538,-2.106,-1.199,-1.019,-1.386,0.367
2021,DEN,Pat Shurmur,19.706,346.294,226.824,119.471,2.118,1.176,0.941,0.016,0.447,80.255,-0.727,-0.405,-0.536,0.182,-0.595,-0.724,0.046,0.131,0.153,-0.59,-0.579,-1.019,
2022,HOU,Pep Hamilton,17.0,301.588,214.235,87.353,1.588,1.176,0.412,-0.187,0.37,70.675,-1.312,-1.911,-0.57,-1.512,-1.248,-0.495,-1.563,-2.242,-2.094,-1.18,-1.413,-1.455,0.043
2022,NO,Pete Carmichael,19.412,350.706,233.471,117.235,2.118,1.412,0.706,-0.04,0.456,80.345,-0.666,-0.216,-0.03,-0.224,-0.3,0.059,-0.619,-0.4,0.593,-0.306,-0.372,-0.632,0.26
2023,NO,Pete Carmichael,23.647,352.588,248.529,104.059,2.412,1.647,0.765,-0.018,0.419,89.159,0.444,0.083,0.449,-0.508,0.269,0.676,-0.273,0.151,-0.172,0.596,0.348,-0.372,
2024,JAX,Press Taylor,18.824,320.824,218.647,102.176,1.882,1.118,0.765,-0.022,0.414,75.311,-0.9,-0.994,-0.674,-0.728,-0.852,-0.848,-0.47,-0.307,-0.688,-0.99,-0.934,0.158,-1.092
2018,PIT,Randy Fichtner,26.75,414.75,323.375,91.375,3.188,2.188,1.0,0.101,0.472,108.616,0.716,1.121,1.735,-1.375,1.045,1.024,0.526,0.934,0.857,1.459,1.085,1.149,-0.064
2019,PIT,Randy Fichtner,18.062,292.375,200.875,91.5,1.562,1.125,0.438,-0.174,0.371,67.604,-1.127,-2.052,-1.581,-0.877,-1.61,-1.254,-1.38,-1.908,-1.884,-2.034,-1.706,1.085,
2020,PIT,Randy Fichtner,26.0,343.938,258.062,85.875,2.938,2.188,0.75,0.011,0.432,96.198,0.283,-1.05,0.1,-1.436,0.313,0.883,-0.948,-0.241,-0.655,0.394,-0.015,-1.706,
2019,DEN,Rich Scangarello,17.625,317.188,212.562,104.625,1.688,1.0,0.688,-0.068,0.397,72.021,-1.23,-1.356,-1.218,-0.358,-1.378,-1.617,-0.588,-0.697,-1.039,-1.581,-1.386,-0.321,-1.066
2017,BUF,Rick Dennison,18.875,318.688,191.562,127.125,1.75,1.0,0.75,-0.068,0.39,69.925,-0.698,-1.06,-1.646,1.026,-1.064,-1.179,0.028,-0.411,-0.847,-1.388,-1.053,0.254,-1.307
2016,LA,Rob Boras,14.0,285.938,207.062,78.875,1.438,0.875,0.562,-0.229,0.355,64.939,-2.128,-2.563,-1.596,-1.671,-1.645,-1.458,-0.951,-2.672,-2.472,-2.161,-2.124,,
2016,IND,Rob Chudzinski,25.688,383.562,280.688,102.875,2.812,2.0,0.812,0.027,0.45,95.596,0.706,0.589,0.825,-0.371,0.704,1.027,-0.166,0.257,0.573,0.742,0.685,,
2017,IND,Rob Chudzinski,16.438,306.125,201.625,104.5,1.5,0.812,0.688,-0.12,0.379,66.796,-1.297,-1.484,-1.301,-0.368,-1.67,-1.673,-0.197,-1.08,-1.241,-1.732,-1.546,0.685,
2024,SEA,Ryan Grubb,22.059,354.118,257.588,96.529,2.235,1.235,1.0,-0.027,0.44,86.398,-0.188,0.002,1.093,-0.952,-0.3,-0.578,0.163,-0.361,0.045,0.163,-0.08,-0.249,0.168
2016,DAL,Scott Linehan,26.312,388.625,237.438,151.188,3.062,1.562,1.5,0.135,0.486,91.279,0.858,0.753,-0.597,2.246,1.131,0.06,1.994,1.5,1.713,0.334,0.769,,
2017,DAL,Scott Linehan,22.125,344.0,207.875,136.125,2.5,1.375,1.125,-0.001,0.435,80.602,0.1,-0.205,-1.087,1.58,0.752,-0.19,1.379,0.444,0.764,-0.214,0.108,0.769,
2018,DAL,Scott Linehan,21.188,366.5,242.812,123.688,2.188,1.375,0.812,0.019,0.438,85.388,-0.453,-0.077,-0.291,0.488,-0.501,-0.536,-0.166,0.111,-0.047,-0.284,-0.329,0.108,
2020,WAS,Scott Turner,20.938,339.562,237.25,102.312,2.125,1.0,1.125,-0.063,0.414,81.346,-0.9,-1.2,-0.556,-0.739,-0.976,-1.273,0.282,-1.077,-1.252,-0.977,-1.013,-1.642,0.628
2021,WAS,Scott Turner,19.706,342.118,220.353,121.765,2.0,1.235,0.765,-0.054,0.44,78.62,-0.727,-0.528,-0.737,0.302,-0.793,-0.608,-0.581,-0.651,-0.044,-0.729,-0.694,-1.013,
2022,WAS,Scott Turner,18.882,349.235,222.529,126.706,1.941,1.412,0.529,-0.076,0.404,79.054,-0.808,-0.267,-0.337,0.185,-0.616,0.059,-1.186,-0.846,-1.014,-0.422,-0.528,-0.694,
2017,LA,Sean McVay,29.875,374.938,251.438,123.5,2.812,1.75,1.062,0.047,0.428,90.408,2.003,0.84,0.406,0.802,1.509,0.798,1.154,1.045,0.52,0.865,1.304,-2.124,3.428
2018,LA,Sean McVay,32.938,436.75,295.625,141.125,3.438,2.0,1.438,0.145,0.506,106.081,2.015,1.668,1.037,1.494,1.431,0.664,2.141,1.37,1.773,1.269,1.596,1.304,
2019,LA,Sean McVay,24.625,386.312,291.812,94.5,2.625,1.375,1.25,0.007,0.446,93.41,0.43,0.585,1.243,-0.758,0.363,-0.528,1.194,0.17,0.554,0.61,0.497,1.596,
2020,LA,Sean McVay,23.25,388.625,261.438,127.188,2.438,1.25,1.188,-0.016,0.444,90.839,-0.36,0.48,0.207,0.317,-0.48,-0.819,0.487,-0.545,-0.271,-0.101,-0.115,0.497,
2021,LA,Sean McVay,27.059,387.941,287.824,100.118,3.0,2.412,0.588,0.076,0.463,99.96,0.905,0.817,1.355,-0.83,0.885,1.709,-1.207,0.807,0.633,1.087,0.923,-0.115,
2022,LA,Sean McVay,18.059,304.824,206.235,98.588,1.824,0.941,0.882,-0.088,0.41,71.055,-1.028,-1.799,-0.795,-1.028,-0.827,-1.049,-0.052,-1.003,-0.824,-1.146,-1.2,0.923,
2023,LA,Sean McVay,23.765,373.882,252.941,120.941,2.588,1.529,1.059,0.037,0.446,89.147,0.472,0.732,0.612,0.399,0.563,0.372,0.536,0.71,0.591,0.595,0.591,-1.2,
2024,LA,Sean McVay,21.588,345.824,240.941,104.882,2.176,1.294,0.882,0.018,0.47,82.644,-0.291,-0.246,0.338,-0.621,-0.392,-0.443,-0.153,0.086,0.847,-0.227,-0.289,0.591,
2025,LA,Sean McVay,30.471,405.294,276.882,128.412,3.706,2.706,1.0,0.145,0.518,105.893,1.797,1.783,1.812,0.591,2.177,3.131,0.182,1.489,2.262,2.185,1.985,-0.289,
2016,NO,Sean Payton,29.312,438.25,328.625,109.625,3.438,2.375,1.062,0.1,0.482,113.895,1.585,2.355,2.401,-0.005,1.772,1.855,0.62,1.101,1.575,2.475,2.047,,
2017,NO,Sean Payton,28.0,401.625,270.875,130.75,2.875,1.438,1.438,0.106,0.458,96.86,1.543,1.742,1.073,1.249,1.66,-0.026,2.505,1.808,1.587,1.575,1.63,2.047,
2018,NO,Sean Payton,31.5,389.0,260.875,128.125,3.688,2.062,1.625,0.143,0.494,101.991,1.713,0.482,0.164,0.744,1.818,0.784,2.833,1.346,1.468,0.962,1.244,1.63,
2019,NO,Sean Payton,28.625,386.812,276.938,109.875,3.0,2.25,0.75,0.102,0.476,102.259,1.379,0.599,0.781,-0.151,1.059,2.014,-0.39,1.248,1.506,1.516,1.138,1.244,
2020,NO,Sean Payton,30.125,389.438,246.562,142.875,3.625,1.75,1.875,0.095,0.477,98.55,1.247,0.508,-0.262,0.983,1.403,0.089,2.742,0.709,0.775,0.611,0.942,1.138,
2021,NO,Sean Payton,21.412,320.176,202.176,118.0,2.412,1.706,0.706,-0.07,0.408,76.546,-0.348,-1.172,-1.3,0.106,-0.102,0.319,-0.789,-0.827,-1.025,-0.905,-0.632,0.942,
2023,DEN,Sean Payton,21.0,317.471,209.765,107.706,2.118,1.647,0.471,-0.06,0.42,77.838,-0.182,-0.986,-0.979,-0.312,-0.22,0.676,-1.082,-0.283,-0.14,-0.52,-0.477,-0.811,0.334
2024,DEN,Sean Payton,25.0,337.471,224.0,113.471,2.471,1.765,0.706,0.021,0.427,84.525,0.46,-0.496,-0.431,-0.28,0.069,0.637,-0.629,0.12,-0.317,-0.031,0.0,-0.477,
2025,DEN,Sean Payton,23.588,351.0,231.235,119.765,2.529,1.471,1.059,0.048,0.441,87.655,0.139,0.234,0.217,0.11,0.172,-0.052,0.354,0.45,0.039,0.456,0.25,0.0,
2020,LAC,Shane Steichen,24.0,396.312,284.25,112.062,2.688,1.938,0.75,0.028,0.433,99.258,-0.184,0.743,0.926,-0.325,-0.084,0.429,-0.948,-0.049,-0.653,0.676,0.288,0.015,0.273
2023,IND,Shane Steichen,23.294,350.353,228.353,122.0,2.176,1.059,1.118,-0.037,0.407,81.434,0.361,0.015,-0.294,0.456,-0.122,-0.848,0.698,-0.047,-0.518,-0.166,0.022,-1.05,1.072
2024,IND,Shane Steichen,22.176,348.765,211.706,137.059,2.353,1.176,1.176,-0.054,0.403,75.88,-0.162,-0.158,-0.989,0.655,-0.115,-0.713,0.639,-0.633,-0.97,-0.931,-0.342,0.022,
2025,IND,Shane Steichen,27.412,358.882,240.294,118.588,3.059,1.471,1.588,0.075,0.464,88.859,1.06,0.459,0.533,0.045,1.075,-0.052,1.899,0.744,0.711,0.57,0.791,-0.342,
2021,SEA,Shane Waldron,23.235,346.824,224.412,122.412,2.824,1.765,1.059,0.031,0.432,85.735,0.056,-0.39,-0.611,0.336,0.589,0.434,0.463,0.305,-0.305,-0.124,0.033,0.873,-0.84
2022,SEA,Shane Waldron,23.941,372.706,251.882,120.824,2.471,1.765,0.706,-0.001,0.443,90.511,0.546,0.544,0.487,-0.069,0.332,0.89,-0.619,0.092,0.208,0.614,0.509,0.033,
2023,SEA,Shane Waldron,21.412,338.706,245.118,93.588,2.0,1.353,0.647,0.015,0.438,81.552,-0.084,-0.339,0.324,-1.07,-0.416,-0.086,-0.596,0.488,0.373,-0.154,-0.249,0.509,
2024,CHI,Shane Waldron,18.235,311.706,208.941,102.765,1.941,1.176,0.765,-0.079,0.399,76.334,-1.03,-1.266,-1.114,-0.705,-0.76,-0.713,-0.47,-0.881,-1.076,-0.884,-0.985,-0.356,-0.629
2017,ATL,Steve Sarkisian,22.062,375.188,259.125,116.062,2.062,1.312,0.75,0.038,0.445,84.759,0.084,0.849,0.67,0.344,-0.307,-0.355,0.028,0.94,1.131,0.244,0.217,2.226,-2.008
2018,ATL,Steve Sarkisian,25.875,408.062,309.312,98.75,2.938,2.25,0.688,0.074,0.463,104.885,0.532,0.955,1.382,-0.949,0.658,1.144,-0.627,0.66,0.627,1.179,0.831,0.217,
2025,NYJ,Tanner Engstrand,17.647,287.412,163.765,123.647,1.529,0.882,0.647,-0.132,0.405,65.609,-1.293,-1.58,-2.14,0.326,-1.532,-1.568,-0.848,-1.478,-1.004,-1.633,-1.51,-0.403,-1.107
2016,TEN,Terry Robiskie,23.812,370.062,232.5,137.562,2.812,1.812,1.0,0.033,0.45,87.281,0.251,0.153,-0.759,1.508,0.704,0.613,0.423,0.331,0.566,-0.045,0.266,,
2017,TEN,Terry Robiskie,20.875,327.5,212.125,115.375,2.0,0.875,1.125,-0.093,0.411,72.779,-0.207,-0.762,-0.941,0.302,-0.459,-1.508,1.379,-0.733,-0.077,-1.074,-0.626,0.266,
2020,HOU,Tim Kelly,24.0,394.938,302.688,92.25,2.688,2.062,0.625,0.101,0.477,98.101,-0.184,0.696,1.507,-1.166,-0.084,0.656,-1.358,0.782,0.801,0.569,0.249,0.409,-0.159
2021,HOU,Tim Kelly,16.471,297.412,213.529,83.882,1.706,1.235,0.471,-0.141,0.373,72.494,-1.445,-1.84,-0.948,-1.679,-1.286,-0.608,-1.624,-1.622,-2.081,-1.25,-1.455,0.249,
2023,TEN,Tim Kelly,17.941,316.059,206.588,109.471,1.765,0.824,0.941,-0.048,0.397,69.781,-0.905,-1.029,-1.096,-0.217,-0.808,-1.458,0.212,-0.164,-0.797,-1.315,-1.014,-1.164,0.149
2017,LV,Todd Downing,18.812,332.812,235.062,97.75,2.25,1.438,0.812,-0.052,0.41,80.934,-0.714,-0.583,-0.155,-0.784,0.147,-0.026,0.253,-0.217,-0.138,-0.177,-0.332,0.714,-1.046
2021,TEN,Todd Downing,24.647,362.588,220.294,142.294,2.647,1.294,1.353,0.02,0.445,84.688,0.37,0.073,-0.739,1.376,0.293,-0.492,1.507,0.177,0.091,-0.213,0.131,1.192,-1.061
2022,TEN,Todd Downing,17.529,315.941,189.824,126.118,1.882,0.941,0.941,-0.061,0.41,68.816,-1.17,-1.416,-1.256,0.159,-0.722,-1.049,0.137,-0.655,-0.833,-1.348,-1.164,0.131,
2016,PIT,Todd Haley,24.938,384.562,273.562,111.0,2.875,2.062,0.812,0.089,0.459,97.111,0.524,0.621,0.591,0.069,0.811,1.165,-0.166,0.969,0.846,0.886,0.711,,
2017,PIT,Todd Haley,25.375,389.875,283.875,106.0,2.562,1.812,0.75,0.061,0.457,95.724,0.898,1.345,1.518,-0.276,0.903,0.963,0.028,1.231,1.556,1.45,1.149,0.711,
2018,CLE,Todd Haley,22.438,385.375,266.312,119.062,2.75,1.812,0.938,-0.015,0.421,92.803,-0.19,0.392,0.3,0.222,0.368,0.304,0.296,-0.224,-0.489,0.273,0.211,-1.308,1.518
2023,BAL,Todd Monken,28.412,385.588,228.294,157.294,3.118,1.588,1.529,0.064,0.473,90.438,1.571,1.088,-0.296,2.352,1.445,0.524,1.83,0.984,1.34,0.722,1.207,-0.517,1.724
2024,BAL,Todd Monken,30.471,434.529,246.412,188.118,3.647,2.412,1.235,0.219,0.501,102.315,1.664,2.407,0.586,2.678,1.912,2.121,0.797,2.093,1.702,1.82,1.951,1.207,
2025,BAL,Todd Monken,24.941,350.529,192.824,157.706,2.706,1.353,1.353,0.034,0.445,78.301,0.465,0.22,-1.125,2.218,0.473,-0.355,1.212,0.301,0.174,-0.43,0.182,1.951,
2024,ATL,Zac Robinson,22.882,383.824,251.941,131.882,2.294,1.235,1.059,0.034,0.481,86.089,-0.006,0.891,0.837,0.449,-0.207,-0.578,0.322,0.249,1.151,0.131,0.202,-0.547,0.749
2025,ATL,Zac Robinson,20.765,344.588,217.824,126.765,2.118,1.118,1.0,-0.022,0.437,78.248,-0.542,0.051,-0.252,0.499,-0.529,-0.962,0.182,-0.295,-0.071,-0.435,-0.364,0.202,
2019,CIN,Zac Taylor,17.438,345.188,249.625,95.562,1.688,1.125,0.562,-0.114,0.396,78.554,-1.275,-0.569,-0.067,-0.716,-1.378,-1.254,-0.984,-1.213,-1.087,-0.912,-1.033,-0.401,-0.632
2020,CIN,Zac Taylor,19.438,341.812,237.062,104.75,2.0,1.188,0.812,-0.049,0.436,81.114,-1.251,-1.123,-0.562,-0.635,-1.174,-0.933,-0.743,-0.915,-0.544,-0.998,-1.137,-1.033,
2021,CIN,Zac Taylor,27.059,385.824,282.706,103.118,3.059,2.118,0.941,0.06,0.443,97.238,0.905,0.755,1.197,-0.673,0.984,1.129,0.046,0.627,0.027,0.855,0.875,-1.137,
2022,CIN,Zac Taylor,26.125,379.5,282.5,97.0,3.062,2.188,0.875,0.077,0.473,100.975,1.13,0.778,1.347,-1.096,1.392,1.885,-0.076,1.072,1.133,1.56,1.215,0.875,
2023,CIN,Zac Taylor,21.529,341.176,250.412,90.765,2.294,1.588,0.706,-0.011,0.439,87.569,-0.057,-0.264,0.519,-1.222,0.073,0.524,-0.435,0.216,0.403,0.439,0.048,1.215,
2024,CIN,Zac Taylor,27.765,382.647,289.294,93.353,3.176,2.529,0.647,0.091,0.473,104.231,1.068,0.855,2.532,-1.078,1.175,2.391,-0.787,0.817,0.931,2.019,1.28,0.048,
2025,CIN,Zac Taylor,24.353,344.294,249.647,94.647,2.765,2.118,0.647,-0.008,0.455,91.604,0.323,0.042,0.86,-1.286,0.573,1.615,-0.848,-0.147,0.447,0.831,0.442,1.28,
