play_caller,seasons,first,last,teams,points_pg,total_yds_pg,td_pg,fantasy_pts_pg,production_z,avg_first_year_lift_z,production_z_shrunk
Ben Johnson,4,2022,2025,"DET, CHI",28.221,400.853,3.294,98.877,1.493,1.801,1.194
Ken Dorsey,2,2022,2023,BUF,27.483,397.103,3.062,96.63,1.373,0.454,0.915
Todd Monken,3,2023,2025,BAL,27.941,390.216,3.157,90.351,1.113,1.724,0.835
Liam Coen,2,2024,2025,"TB, JAX",28.706,383.912,3.176,96.045,1.207,1.845,0.805
Andy Reid,10,2016,2025,KC,26.649,387.925,2.822,97.19,0.87,,0.791
Byron Leftwich,3,2020,2022,TB,26.407,389.045,3.012,103.701,0.921,-0.078,0.69
Brian Schottenheimer,4,2018,2025,"SEA, DAL",27.114,391.502,3.08,96.416,0.847,1.028,0.677
Kyle Shanahan,10,2016,2025,"ATL, SF",25.831,389.967,2.797,92.144,0.734,0.814,0.667
Joe Lombardi,2,2021,2022,LAC,25.441,388.118,2.853,101.074,0.941,1.054,0.627
Sean Payton,9,2016,2025,"NO, DEN",26.507,370.138,2.906,93.347,0.683,0.334,0.614
Nick Sirianni,2,2021,2022,PHI,27.088,388.471,3.0,89.302,0.909,0.922,0.606
Sean McVay,9,2017,2025,LA,25.737,378.266,2.734,92.16,0.588,3.428,0.529
Todd Haley,3,2016,2018,"PIT, CLE",24.25,386.604,2.729,95.212,0.69,1.518,0.518
Kellen Moore,7,2019,2025,"DAL, LAC, PHI, NO",25.15,384.19,2.651,92.516,0.581,0.284,0.508
Josh McDaniels,9,2016,2025,"NE, LV",25.425,372.736,2.652,89.984,0.468,1.414,0.421
Steve Sarkisian,2,2017,2018,ATL,23.969,391.625,2.5,94.822,0.524,-2.008,0.35
Ken Whisenhunt,4,2016,2019,LAC,23.906,380.922,2.578,92.504,0.431,,0.345
Mike McCarthy,5,2016,2024,"GB, DAL",24.206,367.614,2.529,92.243,0.409,0.571,0.341
Bruce Arians,3,2016,2019,"ARI, TB",24.396,379.25,2.562,90.922,0.441,0.394,0.331
Brian Johnson,1,2023,2023,PHI,25.471,368.647,2.706,86.905,0.645,-0.929,0.323
Matt LaFleur,8,2018,2025,"TEN, GB",24.439,364.68,2.762,89.62,0.357,-0.168,0.317
Dirk Koetter,5,2016,2020,"TB, ATL",23.275,391.762,2.462,95.526,0.376,-0.163,0.313
Mike McDaniel,4,2022,2025,MIA,23.309,363.132,2.5,87.092,0.311,1.325,0.249
John Morton,2,2017,2025,"NYJ, DET",23.46,357.739,2.647,87.666,0.361,-0.194,0.241
Greg Roman,7,2016,2025,"BUF, BAL, LAC",25.146,371.937,2.628,85.004,0.253,0.87,0.221
Zac Taylor,7,2019,2025,CIN,23.387,360.063,2.578,91.612,0.241,-0.632,0.211
Kliff Kingsbury,6,2019,2025,"ARI, WAS",24.012,369.404,2.622,88.46,0.235,1.623,0.201
Doug Pederson,7,2016,2023,"PHI, JAX",23.617,367.842,2.467,89.579,0.23,1.894,0.201
Joe Brady,4,2020,2025,"CAR, BUF",24.733,360.974,2.782,86.482,0.211,-0.203,0.169
Shane Steichen,4,2020,2025,"LAC, IND",24.221,363.578,2.569,86.358,0.19,0.673,0.152
Scott Linehan,3,2016,2018,DAL,23.208,366.375,2.583,85.756,0.183,,0.137
Bill Musgrave,2,2016,2018,"LV, DEN",23.281,373.0,2.594,90.634,0.197,0.43,0.131
Kevin O'Connell,4,2022,2025,MIN,22.706,354.059,2.382,86.319,0.137,0.56,0.109
Klint Kubiak,3,2021,2025,"MIN, NO, SEA",24.431,358.137,2.431,85.981,0.143,-0.254,0.107
Gary Kubiak,2,2016,2020,"DEN, MIN",23.844,374.125,2.688,90.242,0.09,0.58,0.06
Pete Carmichael,2,2022,2023,NO,21.529,351.647,2.265,84.752,-0.012,0.26,-0.008
Ryan Grubb,1,2024,2024,SEA,22.059,354.118,2.235,86.398,-0.08,0.168,-0.04
Zac Robinson,2,2024,2025,ATL,21.824,364.206,2.206,82.169,-0.081,0.749,-0.054
Bobby Slowik,2,2023,2024,HOU,22.029,354.588,2.118,83.906,-0.088,1.651,-0.059
Jim Bob Cooter,3,2016,2018,DET,22.5,351.25,2.188,87.163,-0.085,,-0.064
Marty Mornhinweg,2,2017,2018,BAL,24.5,352.312,2.219,82.148,-0.107,0.064,-0.071
Drew Petzing,3,2023,2025,ARI,21.275,354.216,2.196,83.998,-0.102,0.043,-0.077
Josh Grizzard,1,2025,2025,TB,22.353,336.059,2.294,81.494,-0.177,-1.849,-0.088
Mike Shula,2,2016,2017,CAR,22.875,350.844,2.312,79.873,-0.134,,-0.089
Jon Gruden,4,2018,2021,LV,21.703,376.132,2.278,88.821,-0.127,-0.447,-0.102
Kevin Patullo,1,2025,2025,PHI,22.294,323.824,2.529,79.913,-0.205,-1.047,-0.102
Nick Caley,1,2025,2025,HOU,23.765,342.118,1.941,81.12,-0.208,0.206,-0.104
Eric Bieniemy,1,2023,2023,WAS,19.353,339.412,2.235,83.68,-0.214,0.314,-0.107
Terry Robiskie,2,2016,2017,TEN,22.344,348.781,2.406,80.03,-0.18,,-0.12
Arthur Smith,7,2019,2025,"TEN, ATL, PIT",22.898,350.852,2.427,81.657,-0.145,0.358,-0.126
Norv Turner,3,2016,2019,"MIN, CAR",21.729,365.042,2.312,88.403,-0.17,0.414,-0.128
Marc Trestman,1,2016,2016,BAL,21.438,363.688,1.875,89.708,-0.272,,-0.136
Shane Waldron,4,2021,2024,"SEA, CHI",21.706,342.485,2.309,83.533,-0.173,-0.734,-0.138
Brian Daboll,5,2018,2024,"BUF, NYG",22.444,355.202,2.463,85.025,-0.182,-0.154,-0.151
Randy Fichtner,3,2018,2020,PIT,23.604,350.354,2.562,90.806,-0.212,-0.064,-0.159
Pat Shurmur,5,2017,2021,"MIN, NYG, DEN",21.629,361.021,2.311,85.623,-0.197,0.924,-0.165
Freddie Kitchens,1,2019,2019,CLE,20.938,359.625,2.312,81.668,-0.355,-0.565,-0.177
Bill Lazor,1,2018,2018,CIN,23.0,328.562,2.5,82.554,-0.401,0.689,-0.201
Frank Reich,6,2018,2023,"IND, CAR",22.537,353.016,2.328,84.657,-0.248,0.838,-0.212
Darrell Bevell,5,2016,2021,"SEA, DET, JAX",20.951,356.339,2.207,85.503,-0.294,-0.063,-0.245
John DeFilippo,2,2018,2019,"MIN, JAX",20.625,360.625,2.062,88.689,-0.381,0.044,-0.254
Rob Chudzinski,2,2016,2017,IND,21.062,344.844,2.156,81.196,-0.43,,-0.287
Matt Patricia,1,2022,2022,NE,21.412,334.529,1.824,76.547,-0.595,-1.068,-0.298
Greg Olson,1,2016,2016,JAX,19.875,347.688,2.0,83.1,-0.599,,-0.3
Anthony Lynn,1,2021,2021,DET,19.118,339.471,2.059,82.609,-0.637,-0.544,-0.318
Kevin Stefanski,7,2019,2025,"MIN, CLE",21.084,347.544,2.267,80.284,-0.371,0.44,-0.325
Todd Downing,3,2017,2022,"LV, TEN",20.33,337.114,2.26,78.146,-0.455,-1.054,-0.341
Mike Kafka,3,2022,2025,NYG,19.843,335.333,2.078,76.975,-0.508,1.428,-0.381
George Godsey,1,2021,2021,MIA,20.059,324.412,1.941,80.344,-0.792,-0.411,-0.396
Chad O'Shea,1,2019,2019,MIA,19.125,330.312,2.0,81.436,-0.819,0.128,-0.409
Bill O'Brien,5,2016,2023,"HOU, NE",20.239,347.629,2.057,80.267,-0.504,-0.989,-0.42
Ken Zampese,2,2016,2017,CIN,19.219,336.031,2.062,79.387,-0.647,,-0.431
Press Taylor,1,2024,2024,JAX,18.824,320.824,1.882,75.311,-0.934,-1.092,-0.467
Jay Gruden,5,2016,2020,"WAS, JAX",19.888,344.35,2.1,82.079,-0.582,-0.263,-0.485
Dave Canales,3,2023,2025,"TB, CAR",19.608,317.157,2.137,76.876,-0.671,0.47,-0.503
Rick Dennison,1,2017,2017,BUF,18.875,318.688,1.75,69.925,-1.053,-1.307,-0.526
Matt Nagy,4,2018,2021,CHI,21.339,338.326,2.16,81.918,-0.668,1.596,-0.534
Chan Gailey,2,2016,2020,"NYJ, MIA",21.219,346.375,2.031,80.171,-0.805,0.438,-0.537
Luke Getsy,3,2022,2024,"CHI, LV",19.51,332.392,1.98,73.413,-0.716,0.068,-0.537
Jeremy Bates,1,2018,2018,NYJ,20.812,314.75,1.812,71.216,-1.08,-0.389,-0.54
Tim Kelly,3,2020,2023,"HOU, TEN",19.471,336.136,2.053,80.126,-0.74,-0.005,-0.555
Scott Turner,3,2020,2022,WAS,19.842,343.638,2.022,79.673,-0.745,0.628,-0.559
Mike LaFleur,2,2021,2022,NYJ,17.824,334.441,1.824,76.622,-0.907,1.366,-0.604
Nathaniel Hackett,5,2017,2024,"JAX, DEN, NYJ",18.781,334.213,1.774,76.389,-0.75,0.095,-0.625
Alex Van Pelt,1,2024,2024,NE,17.0,312.882,1.706,71.701,-1.257,0.327,-0.628
Matt Canada,3,2021,2023,PIT,18.725,329.745,1.765,76.362,-0.853,-0.671,-0.64
Ben McAdoo,3,2016,2022,"NYG, CAR",18.387,329.973,1.836,76.396,-0.891,0.232,-0.668
Rich Scangarello,1,2019,2019,DEN,17.625,317.188,1.688,72.021,-1.386,-1.066,-0.693
Pep Hamilton,1,2022,2022,HOU,17.0,301.588,1.588,70.675,-1.413,0.043,-0.706
Dowell Loggains,2,2016,2017,CHI,16.969,336.281,1.719,74.364,-1.084,,-0.722
Tanner Engstrand,1,2025,2025,NYJ,17.647,287.412,1.529,65.609,-1.51,-1.107,-0.755
Hue Jackson,2,2016,2017,CLE,15.562,333.156,1.688,72.9,-1.234,,-0.823
Brian Callahan,2,2024,2025,TEN,17.5,303.5,1.676,70.385,-1.286,0.055,-0.857
Chip Kelly,2,2016,2025,"SF, LV",16.744,298.756,1.86,70.429,-1.373,-0.872,-0.915
Mike McCoy,2,2017,2018,"DEN, ARI",16.062,305.188,1.594,68.553,-1.402,-0.644,-0.934
Adam Gase,5,2016,2020,"MIA, NYJ",18.525,316.375,1.9,75.219,-1.171,-0.575,-0.976
Rob Boras,1,2016,2016,LA,14.0,285.938,1.438,64.939,-2.124,,-1.062
Jason Garrett,2,2020,2021,NYG,16.338,311.858,1.458,69.177,-1.791,-1.836,-1.194
