season,team,qb_id,qb_name,source,actual_main_qb_id,actual_main_qb,projected_starter_was_main_qb
2016,ARI,00-0021429,Carson Palmer,"weekly depth chart, Week 1",00-0021429,Carson Palmer,1.0
2016,ATL,00-0026143,Matt Ryan,"weekly depth chart, Week 1",00-0026143,Matt Ryan,1.0
2016,BAL,00-0026158,Joe Flacco,"weekly depth chart, Week 1",00-0026158,Joe Flacco,1.0
2016,BUF,00-0028118,Tyrod Taylor,"weekly depth chart, Week 1",00-0028118,Tyrod Taylor,1.0
2016,CAR,00-0027939,Cam Newton,"weekly depth chart, Week 1",00-0027939,Cam Newton,1.0
2016,CHI,00-0024226,Jay Cutler,"weekly depth chart, Week 1",00-0030533,Matt Barkley,0.0
2016,CIN,00-0027973,Andy Dalton,"weekly depth chart, Week 1",00-0027973,Andy Dalton,1.0
2016,CLE,00-0029665,Robert Griffin,"weekly depth chart, Week 1",00-0033104,Cody Kessler,0.0
2016,DAL,00-0033077,Dak Prescott,"weekly depth chart, Week 1",00-0033077,Dak Prescott,1.0
2016,DEN,00-0032156,Trevor Siemian,"weekly depth chart, Week 1",00-0032156,Trevor Siemian,1.0
2016,DET,00-0026498,Matthew Stafford,"weekly depth chart, Week 1",00-0026498,Matthew Stafford,1.0
2016,GB,00-0023459,Aaron Rodgers,"weekly depth chart, Week 1",00-0023459,Aaron Rodgers,1.0
2016,HOU,00-0029682,Brock Osweiler,"weekly depth chart, Week 1",00-0029682,Brock Osweiler,1.0
2016,IND,00-0029668,Andrew Luck,"weekly depth chart, Week 1",00-0029668,Andrew Luck,1.0
2016,JAX,00-0031407,Blake Bortles,"weekly depth chart, Week 1",00-0031407,Blake Bortles,1.0
2016,KC,00-0023436,Alex Smith,"weekly depth chart, Week 1",00-0023436,Alex Smith,1.0
2016,LA,00-0028986,Case Keenum,"weekly depth chart, Week 1",00-0028986,Case Keenum,1.0
2016,LAC,00-0022942,Philip Rivers,"weekly depth chart, Week 1",00-0022942,Philip Rivers,1.0
2016,LV,00-0031280,Derek Carr,"weekly depth chart, Week 1",00-0031280,Derek Carr,1.0
2016,MIA,00-0029701,Ryan Tannehill,"weekly depth chart, Week 1",00-0029701,Ryan Tannehill,1.0
2016,MIN,00-0020679,Shaun Hill,"weekly depth chart, Week 1",00-0027854,Sam Bradford,0.0
2016,NE,00-0031345,Jimmy Garoppolo,"weekly depth chart, Week 1",00-0019596,Tom Brady,0.0
2016,NO,00-0020531,Drew Brees,"weekly depth chart, Week 1",00-0020531,Drew Brees,1.0
2016,NYG,00-0022803,Eli Manning,"weekly depth chart, Week 1",00-0022803,Eli Manning,1.0
2016,NYJ,00-0023682,Ryan Fitzpatrick,"weekly depth chart, Week 1",00-0023682,Ryan Fitzpatrick,1.0
2016,PHI,00-0032950,Carson Wentz,"weekly depth chart, Week 1",00-0032950,Carson Wentz,1.0
2016,PIT,00-0022924,Ben Roethlisberger,"weekly depth chart, Week 1",00-0022924,Ben Roethlisberger,1.0
2016,SEA,00-0029263,Russell Wilson,"weekly depth chart, Week 1",00-0029263,Russell Wilson,1.0
2016,SF,00-0027974,Colin Kaepernick,"weekly depth chart, Week 1",00-0027974,Colin Kaepernick,1.0
2016,TB,00-0031503,Jameis Winston,"weekly depth chart, Week 1",00-0031503,Jameis Winston,1.0
2016,TEN,00-0032268,Marcus Mariota,"weekly depth chart, Week 1",00-0032268,Marcus Mariota,1.0
2016,WAS,00-0029604,Kirk Cousins,"weekly depth chart, Week 1",00-0029604,Kirk Cousins,1.0
2017,ARI,00-0021429,Carson Palmer,"weekly depth chart, Week 1",00-0021429,Carson Palmer,1.0
2017,ATL,00-0026143,Matt Ryan,"weekly depth chart, Week 1",00-0026143,Matt Ryan,1.0
2017,BAL,00-0026158,Joe Flacco,"weekly depth chart, Week 1",00-0026158,Joe Flacco,1.0
2017,BUF,00-0028118,Tyrod Taylor,"weekly depth chart, Week 1",00-0028118,Tyrod Taylor,1.0
2017,CAR,00-0027939,Cam Newton,"weekly depth chart, Week 1",00-0027939,Cam Newton,1.0
2017,CHI,00-0030520,Mike Glennon,"weekly depth chart, Week 1",00-0033869,Mitchell Trubisky,0.0
2017,CIN,00-0027973,Andy Dalton,"weekly depth chart, Week 1",00-0027973,Andy Dalton,1.0
2017,CLE,00-0033899,DeShone Kizer,"weekly depth chart, Week 1",00-0033899,DeShone Kizer,1.0
2017,DAL,00-0033077,Dak Prescott,"weekly depth chart, Week 1",00-0033077,Dak Prescott,1.0
2017,DEN,00-0032156,Trevor Siemian,"weekly depth chart, Week 1",00-0032156,Trevor Siemian,1.0
2017,DET,00-0026498,Matthew Stafford,"weekly depth chart, Week 1",00-0026498,Matthew Stafford,1.0
2017,GB,00-0023459,Aaron Rodgers,"weekly depth chart, Week 1",00-0031589,Brett Hundley,0.0
2017,HOU,00-0031064,Tom Savage,"weekly depth chart, Week 1",00-0031064,Tom Savage,1.0
2017,IND,00-0028595,Scott Tolzien,"weekly depth chart, Week 1",00-0033119,Jacoby Brissett,0.0
2017,JAX,00-0031407,Blake Bortles,"weekly depth chart, Week 1",00-0031407,Blake Bortles,1.0
2017,KC,00-0023436,Alex Smith,"weekly depth chart, Week 1",00-0023436,Alex Smith,1.0
2017,LA,00-0033106,Jared Goff,"weekly depth chart, Week 1",00-0033106,Jared Goff,1.0
2017,LAC,00-0022942,Philip Rivers,"weekly depth chart, Week 1",00-0022942,Philip Rivers,1.0
2017,LV,00-0031280,Derek Carr,"weekly depth chart, Week 1",00-0031280,Derek Carr,1.0
2017,MIA,00-0024226,Jay Cutler,"weekly depth chart, Week 1",00-0024226,Jay Cutler,1.0
2017,MIN,00-0027854,Sam Bradford,"weekly depth chart, Week 1",00-0028986,Case Keenum,0.0
2017,NE,00-0019596,Tom Brady,"weekly depth chart, Week 1",00-0019596,Tom Brady,1.0
2017,NO,00-0020531,Drew Brees,"weekly depth chart, Week 1",00-0020531,Drew Brees,1.0
2017,NYG,00-0022803,Eli Manning,"weekly depth chart, Week 1",00-0022803,Eli Manning,1.0
2017,NYJ,00-0021206,Josh McCown,"weekly depth chart, Week 1",00-0021206,Josh McCown,1.0
2017,PHI,00-0032950,Carson Wentz,"weekly depth chart, Week 1",00-0032950,Carson Wentz,1.0
2017,PIT,00-0022924,Ben Roethlisberger,"weekly depth chart, Week 1",00-0022924,Ben Roethlisberger,1.0
2017,SEA,00-0029263,Russell Wilson,"weekly depth chart, Week 1",00-0029263,Russell Wilson,1.0
2017,SF,00-0026625,Brian Hoyer,"weekly depth chart, Week 1",00-0033936,C.J. Beathard,0.0
2017,TB,00-0031503,Jameis Winston,"weekly depth chart, Week 1",00-0031503,Jameis Winston,1.0
2017,TEN,00-0032268,Marcus Mariota,"weekly depth chart, Week 1",00-0032268,Marcus Mariota,1.0
2017,WAS,00-0029604,Kirk Cousins,"weekly depth chart, Week 1",00-0029604,Kirk Cousins,1.0
2018,ARI,00-0027854,Sam Bradford,"weekly depth chart, Week 1",00-0034343,Josh Rosen,0.0
2018,ATL,00-0026143,Matt Ryan,"weekly depth chart, Week 1",00-0026143,Matt Ryan,1.0
2018,BAL,00-0026158,Joe Flacco,"weekly depth chart, Week 1",00-0026158,Joe Flacco,1.0
2018,BUF,00-0033958,Nathan Peterman,"weekly depth chart, Week 1",00-0034857,Josh Allen,0.0
2018,CAR,00-0027939,Cam Newton,"weekly depth chart, Week 1",00-0027939,Cam Newton,1.0
2018,CHI,00-0033869,Mitchell Trubisky,"weekly depth chart, Week 1",00-0033869,Mitchell Trubisky,1.0
2018,CIN,00-0027973,Andy Dalton,"weekly depth chart, Week 1",00-0027973,Andy Dalton,1.0
2018,CLE,00-0028118,Tyrod Taylor,"weekly depth chart, Week 1",00-0034855,Baker Mayfield,0.0
2018,DAL,00-0033077,Dak Prescott,"weekly depth chart, Week 1",00-0033077,Dak Prescott,1.0
2018,DEN,00-0028986,Case Keenum,"weekly depth chart, Week 1",00-0028986,Case Keenum,1.0
2018,DET,00-0026498,Matthew Stafford,"weekly depth chart, Week 1",00-0026498,Matthew Stafford,1.0
2018,GB,00-0023459,Aaron Rodgers,"weekly depth chart, Week 1",00-0023459,Aaron Rodgers,1.0
2018,HOU,00-0033537,Deshaun Watson,"weekly depth chart, Week 1",00-0033537,Deshaun Watson,1.0
2018,IND,00-0029668,Andrew Luck,"weekly depth chart, Week 1",00-0029668,Andrew Luck,1.0
2018,JAX,00-0031407,Blake Bortles,"weekly depth chart, Week 1",00-0031407,Blake Bortles,1.0
2018,KC,00-0033873,Patrick Mahomes,"weekly depth chart, Week 1",00-0033873,Patrick Mahomes,1.0
2018,LA,00-0033106,Jared Goff,"weekly depth chart, Week 1",00-0033106,Jared Goff,1.0
2018,LAC,00-0022942,Philip Rivers,"weekly depth chart, Week 1",00-0022942,Philip Rivers,1.0
2018,LV,00-0031280,Derek Carr,"weekly depth chart, Week 1",00-0031280,Derek Carr,1.0
2018,MIA,00-0029701,Ryan Tannehill,"weekly depth chart, Week 1",00-0029701,Ryan Tannehill,1.0
2018,MIN,00-0029604,Kirk Cousins,"weekly depth chart, Week 1",00-0029604,Kirk Cousins,1.0
2018,NE,00-0019596,Tom Brady,"weekly depth chart, Week 1",00-0019596,Tom Brady,1.0
2018,NO,00-0020531,Drew Brees,"weekly depth chart, Week 1",00-0020531,Drew Brees,1.0
2018,NYG,00-0022803,Eli Manning,"weekly depth chart, Week 1",00-0022803,Eli Manning,1.0
2018,NYJ,00-0034869,Sam Darnold,"weekly depth chart, Week 1",00-0034869,Sam Darnold,1.0
2018,PHI,00-0032950,Carson Wentz,"weekly depth chart, Week 1",00-0032950,Carson Wentz,1.0
2018,PIT,00-0022924,Ben Roethlisberger,"weekly depth chart, Week 1",00-0022924,Ben Roethlisberger,1.0
2018,SEA,00-0029263,Russell Wilson,"weekly depth chart, Week 1",00-0029263,Russell Wilson,1.0
2018,SF,00-0031345,Jimmy Garoppolo,"weekly depth chart, Week 1",00-0033319,Nick Mullens,0.0
2018,TB,00-0023682,Ryan Fitzpatrick,"weekly depth chart, Week 1",00-0031503,Jameis Winston,0.0
2018,TEN,00-0032268,Marcus Mariota,"weekly depth chart, Week 1",00-0032268,Marcus Mariota,1.0
2018,WAS,00-0023436,Alex Smith,"weekly depth chart, Week 1",00-0023436,Alex Smith,1.0
2019,ARI,00-0035228,Kyler Murray,"weekly depth chart, Week 1",00-0035228,Kyler Murray,1.0
2019,ATL,00-0026143,Matt Ryan,"weekly depth chart, Week 1",00-0026143,Matt Ryan,1.0
2019,BAL,00-0034796,Lamar Jackson,"weekly depth chart, Week 1",00-0034796,Lamar Jackson,1.0
2019,BUF,00-0034857,Josh Allen,"weekly depth chart, Week 1",00-0034857,Josh Allen,1.0
2019,CAR,00-0034577,Kyle Allen,"weekly depth chart, Week 1",00-0034577,Kyle Allen,1.0
2019,CHI,00-0033869,Mitchell Trubisky,"weekly depth chart, Week 1",00-0033869,Mitchell Trubisky,1.0
2019,CIN,00-0027973,Andy Dalton,"weekly depth chart, Week 1",00-0027973,Andy Dalton,1.0
2019,CLE,00-0034855,Baker Mayfield,"weekly depth chart, Week 1",00-0034855,Baker Mayfield,1.0
2019,DAL,00-0033077,Dak Prescott,"weekly depth chart, Week 1",00-0033077,Dak Prescott,1.0
2019,DEN,00-0026158,Joe Flacco,"weekly depth chart, Week 1",00-0026158,Joe Flacco,1.0
2019,DET,00-0026498,Matthew Stafford,"weekly depth chart, Week 1",00-0026498,Matthew Stafford,1.0
2019,GB,00-0023459,Aaron Rodgers,"weekly depth chart, Week 1",00-0023459,Aaron Rodgers,1.0
2019,HOU,00-0033537,Deshaun Watson,"weekly depth chart, Week 1",00-0033537,Deshaun Watson,1.0
2019,IND,00-0033119,Jacoby Brissett,"weekly depth chart, Week 1",00-0033119,Jacoby Brissett,1.0
2019,JAX,00-0029567,Nick Foles,"weekly depth chart, Week 1",00-0035289,Gardner Minshew,0.0
2019,KC,00-0033873,Patrick Mahomes,"weekly depth chart, Week 1",00-0033873,Patrick Mahomes,1.0
2019,LA,00-0033106,Jared Goff,"weekly depth chart, Week 1",00-0033106,Jared Goff,1.0
2019,LAC,00-0022942,Philip Rivers,"weekly depth chart, Week 1",00-0022942,Philip Rivers,1.0
2019,LV,00-0031280,Derek Carr,"weekly depth chart, Week 1",00-0031280,Derek Carr,1.0
2019,MIA,00-0023682,Ryan Fitzpatrick,"weekly depth chart, Week 1",00-0023682,Ryan Fitzpatrick,1.0
2019,MIN,00-0029604,Kirk Cousins,"weekly depth chart, Week 1",00-0029604,Kirk Cousins,1.0
2019,NE,00-0019596,Tom Brady,"weekly depth chart, Week 1",00-0019596,Tom Brady,1.0
2019,NO,00-0020531,Drew Brees,"weekly depth chart, Week 1",00-0020531,Drew Brees,1.0
2019,NYG,00-0022803,Eli Manning,"weekly depth chart, Week 1",00-0035710,Daniel Jones,0.0
2019,NYJ,00-0034869,Sam Darnold,"weekly depth chart, Week 1",00-0034869,Sam Darnold,1.0
2019,PHI,00-0032950,Carson Wentz,"weekly depth chart, Week 1",00-0032950,Carson Wentz,1.0
2019,PIT,00-0022924,Ben Roethlisberger,"weekly depth chart, Week 1",00-0034771,Mason Rudolph,0.0
2019,SEA,00-0029263,Russell Wilson,"weekly depth chart, Week 1",00-0029263,Russell Wilson,1.0
2019,SF,00-0031345,Jimmy Garoppolo,"weekly depth chart, Week 1",00-0031345,Jimmy Garoppolo,1.0
2019,TB,00-0031503,Jameis Winston,"weekly depth chart, Week 1",00-0031503,Jameis Winston,1.0
2019,TEN,00-0032268,Marcus Mariota,"weekly depth chart, Week 1",00-0029701,Ryan Tannehill,0.0
2019,WAS,00-0028986,Case Keenum,"weekly depth chart, Week 1",00-0028986,Case Keenum,1.0
2020,ARI,00-0035228,Kyler Murray,"weekly depth chart, Week 1",00-0035228,Kyler Murray,1.0
2020,ATL,00-0026143,Matt Ryan,"weekly depth chart, Week 1",00-0026143,Matt Ryan,1.0
2020,BAL,00-0034796,Lamar Jackson,"weekly depth chart, Week 1",00-0034796,Lamar Jackson,1.0
2020,BUF,00-0034857,Josh Allen,"weekly depth chart, Week 1",00-0034857,Josh Allen,1.0
2020,CAR,00-0031237,Teddy Bridgewater,"weekly depth chart, Week 1",00-0031237,Teddy Bridgewater,1.0
2020,CHI,00-0033869,Mitchell Trubisky,"weekly depth chart, Week 1",00-0029567,Nick Foles,0.0
2020,CIN,00-0036442,Joe Burrow,"weekly depth chart, Week 1",00-0036442,Joe Burrow,1.0
2020,CLE,00-0034855,Baker Mayfield,"weekly depth chart, Week 1",00-0034855,Baker Mayfield,1.0
2020,DAL,00-0033077,Dak Prescott,"weekly depth chart, Week 1",00-0027973,Andy Dalton,0.0
2020,DEN,00-0035704,Drew Lock,"weekly depth chart, Week 1",00-0035704,Drew Lock,1.0
2020,DET,00-0026498,Matthew Stafford,"weekly depth chart, Week 1",00-0026498,Matthew Stafford,1.0
2020,GB,00-0023459,Aaron Rodgers,"weekly depth chart, Week 1",00-0023459,Aaron Rodgers,1.0
2020,HOU,00-0033537,Deshaun Watson,"weekly depth chart, Week 1",00-0033537,Deshaun Watson,1.0
2020,IND,00-0022942,Philip Rivers,"weekly depth chart, Week 1",00-0022942,Philip Rivers,1.0
2020,JAX,00-0035289,Gardner Minshew,"weekly depth chart, Week 1",00-0035289,Gardner Minshew,1.0
2020,KC,00-0033873,Patrick Mahomes,"weekly depth chart, Week 1",00-0033873,Patrick Mahomes,1.0
2020,LA,00-0033106,Jared Goff,"weekly depth chart, Week 1",00-0033106,Jared Goff,1.0
2020,LAC,00-0028118,Tyrod Taylor,"weekly depth chart, Week 1",00-0036355,Justin Herbert,0.0
2020,LV,00-0031280,Derek Carr,"weekly depth chart, Week 1",00-0031280,Derek Carr,1.0
2020,MIA,00-0023682,Ryan Fitzpatrick,"weekly depth chart, Week 1",00-0036212,Tua Tagovailoa,0.0
2020,MIN,00-0029604,Kirk Cousins,"weekly depth chart, Week 1",00-0029604,Kirk Cousins,1.0
2020,NE,00-0027939,Cam Newton,"weekly depth chart, Week 1",00-0027939,Cam Newton,1.0
2020,NO,00-0020531,Drew Brees,"weekly depth chart, Week 1",00-0020531,Drew Brees,1.0
2020,NYG,00-0035710,Daniel Jones,"weekly depth chart, Week 1",00-0035710,Daniel Jones,1.0
2020,NYJ,00-0034869,Sam Darnold,"weekly depth chart, Week 1",00-0034869,Sam Darnold,1.0
2020,PHI,00-0032950,Carson Wentz,"weekly depth chart, Week 1",00-0032950,Carson Wentz,1.0
2020,PIT,00-0022924,Ben Roethlisberger,"weekly depth chart, Week 1",00-0022924,Ben Roethlisberger,1.0
2020,SEA,00-0029263,Russell Wilson,"weekly depth chart, Week 1",00-0029263,Russell Wilson,1.0
2020,SF,00-0031345,Jimmy Garoppolo,"weekly depth chart, Week 1",00-0033319,Nick Mullens,0.0
2020,TB,00-0019596,Tom Brady,"weekly depth chart, Week 1",00-0019596,Tom Brady,1.0
2020,TEN,00-0029701,Ryan Tannehill,"weekly depth chart, Week 1",00-0029701,Ryan Tannehill,1.0
2020,WAS,00-0035232,Dwayne Haskins,"weekly depth chart, Week 1",00-0023436,Alex Smith,0.0
2021,ARI,00-0035228,Kyler Murray,"weekly depth chart, Week 1",00-0035228,Kyler Murray,1.0
2021,ATL,00-0026143,Matt Ryan,"weekly depth chart, Week 1",00-0026143,Matt Ryan,1.0
2021,BAL,00-0034796,Lamar Jackson,"weekly depth chart, Week 1",00-0034796,Lamar Jackson,1.0
2021,BUF,00-0034857,Josh Allen,"weekly depth chart, Week 1",00-0034857,Josh Allen,1.0
2021,CAR,00-0034869,Sam Darnold,"weekly depth chart, Week 1",00-0034869,Sam Darnold,1.0
2021,CHI,00-0027973,Andy Dalton,"weekly depth chart, Week 1",00-0036945,Justin Fields,0.0
2021,CIN,00-0036442,Joe Burrow,"weekly depth chart, Week 1",00-0036442,Joe Burrow,1.0
2021,CLE,00-0034855,Baker Mayfield,"weekly depth chart, Week 1",00-0034855,Baker Mayfield,1.0
2021,DAL,00-0033077,Dak Prescott,"weekly depth chart, Week 1",00-0033077,Dak Prescott,1.0
2021,DEN,00-0031237,Teddy Bridgewater,"weekly depth chart, Week 1",00-0031237,Teddy Bridgewater,1.0
2021,DET,00-0033106,Jared Goff,"weekly depth chart, Week 1",00-0033106,Jared Goff,1.0
2021,GB,00-0023459,Aaron Rodgers,"weekly depth chart, Week 1",00-0023459,Aaron Rodgers,1.0
2021,HOU,00-0028118,Tyrod Taylor,"weekly depth chart, Week 1",00-0036898,Davis Mills,0.0
2021,IND,00-0032950,Carson Wentz,"weekly depth chart, Week 1",00-0032950,Carson Wentz,1.0
2021,JAX,00-0036971,Trevor Lawrence,"weekly depth chart, Week 1",00-0036971,Trevor Lawrence,1.0
2021,KC,00-0033873,Patrick Mahomes,"weekly depth chart, Week 1",00-0033873,Patrick Mahomes,1.0
2021,LA,00-0026498,Matthew Stafford,"weekly depth chart, Week 1",00-0026498,Matthew Stafford,1.0
2021,LAC,00-0036355,Justin Herbert,"weekly depth chart, Week 1",00-0036355,Justin Herbert,1.0
2021,LV,00-0031280,Derek Carr,"weekly depth chart, Week 1",00-0031280,Derek Carr,1.0
2021,MIA,00-0036212,Tua Tagovailoa,"weekly depth chart, Week 1",00-0036212,Tua Tagovailoa,1.0
2021,MIN,00-0029604,Kirk Cousins,"weekly depth chart, Week 1",00-0029604,Kirk Cousins,1.0
2021,NE,00-0036972,Mac Jones,"weekly depth chart, Week 1",00-0036972,Mac Jones,1.0
2021,NO,00-0031503,Jameis Winston,"weekly depth chart, Week 1",00-0032156,Trevor Siemian,0.0
2021,NYG,00-0035710,Daniel Jones,"weekly depth chart, Week 1",00-0035710,Daniel Jones,1.0
2021,NYJ,00-0037013,Zach Wilson,"weekly depth chart, Week 1",00-0037013,Zach Wilson,1.0
2021,PHI,00-0036389,Jalen Hurts,"weekly depth chart, Week 1",00-0036389,Jalen Hurts,1.0
2021,PIT,00-0022924,Ben Roethlisberger,"weekly depth chart, Week 1",00-0022924,Ben Roethlisberger,1.0
2021,SEA,00-0029263,Russell Wilson,"weekly depth chart, Week 1",00-0029263,Russell Wilson,1.0
2021,SF,00-0031345,Jimmy Garoppolo,"weekly depth chart, Week 1",00-0031345,Jimmy Garoppolo,1.0
2021,TB,00-0019596,Tom Brady,"weekly depth chart, Week 1",00-0019596,Tom Brady,1.0
2021,TEN,00-0029701,Ryan Tannehill,"weekly depth chart, Week 1",00-0029701,Ryan Tannehill,1.0
2021,WAS,00-0023682,Ryan Fitzpatrick,"weekly depth chart, Week 1",00-0031800,Taylor Heinicke,0.0
2022,ARI,00-0035228,Kyler Murray,"weekly depth chart, Week 1",00-0035228,Kyler Murray,1.0
2022,ATL,00-0032268,Marcus Mariota,"weekly depth chart, Week 1",00-0032268,Marcus Mariota,1.0
2022,BAL,00-0034796,Lamar Jackson,"weekly depth chart, Week 1",00-0034796,Lamar Jackson,1.0
2022,BUF,00-0034857,Josh Allen,"weekly depth chart, Week 1",00-0034857,Josh Allen,1.0
2022,CAR,00-0034855,Baker Mayfield,"weekly depth chart, Week 1",00-0034855,Baker Mayfield,1.0
2022,CHI,00-0036945,Justin Fields,"weekly depth chart, Week 1",00-0036945,Justin Fields,1.0
2022,CIN,00-0036442,Joe Burrow,"weekly depth chart, Week 1",00-0036442,Joe Burrow,1.0
2022,CLE,00-0033119,Jacoby Brissett,"weekly depth chart, Week 1",00-0033119,Jacoby Brissett,1.0
2022,DAL,00-0033077,Dak Prescott,"weekly depth chart, Week 1",00-0033077,Dak Prescott,1.0
2022,DEN,00-0029263,Russell Wilson,"weekly depth chart, Week 1",00-0029263,Russell Wilson,1.0
2022,DET,00-0033106,Jared Goff,"weekly depth chart, Week 1",00-0033106,Jared Goff,1.0
2022,GB,00-0023459,Aaron Rodgers,"weekly depth chart, Week 1",00-0023459,Aaron Rodgers,1.0
2022,HOU,00-0036898,Davis Mills,"weekly depth chart, Week 1",00-0036898,Davis Mills,1.0
2022,IND,00-0026143,Matt Ryan,"weekly depth chart, Week 1",00-0026143,Matt Ryan,1.0
2022,JAX,00-0036971,Trevor Lawrence,"weekly depth chart, Week 1",00-0036971,Trevor Lawrence,1.0
2022,KC,00-0033873,Patrick Mahomes,"weekly depth chart, Week 1",00-0033873,Patrick Mahomes,1.0
2022,LA,00-0026498,Matthew Stafford,"weekly depth chart, Week 1",00-0026498,Matthew Stafford,1.0
2022,LAC,00-0036355,Justin Herbert,"weekly depth chart, Week 1",00-0036355,Justin Herbert,1.0
2022,LV,00-0031280,Derek Carr,"weekly depth chart, Week 1",00-0031280,Derek Carr,1.0
2022,MIA,00-0036212,Tua Tagovailoa,"weekly depth chart, Week 1",00-0036212,Tua Tagovailoa,1.0
2022,MIN,00-0029604,Kirk Cousins,"weekly depth chart, Week 1",00-0029604,Kirk Cousins,1.0
2022,NE,00-0036972,Mac Jones,"weekly depth chart, Week 1",00-0036972,Mac Jones,1.0
2022,NO,00-0033357,Taysom Hill,"weekly depth chart, Week 1",00-0027973,Andy Dalton,0.0
2022,NYG,00-0035710,Daniel Jones,"weekly depth chart, Week 1",00-0035710,Daniel Jones,1.0
2022,NYJ,00-0026158,Joe Flacco,"weekly depth chart, Week 1",00-0037013,Zach Wilson,0.0
2022,PHI,00-0036389,Jalen Hurts,"weekly depth chart, Week 1",00-0036389,Jalen Hurts,1.0
2022,PIT,00-0033869,Mitchell Trubisky,"weekly depth chart, Week 1",00-0038102,Kenny Pickett,0.0
2022,SEA,00-0030565,Geno Smith,"weekly depth chart, Week 1",00-0030565,Geno Smith,1.0
2022,SF,00-0037012,Trey Lance,"weekly depth chart, Week 1",00-0031345,Jimmy Garoppolo,0.0
2022,TB,00-0019596,Tom Brady,"weekly depth chart, Week 1",00-0019596,Tom Brady,1.0
2022,TEN,00-0029701,Ryan Tannehill,"weekly depth chart, Week 1",00-0029701,Ryan Tannehill,1.0
2022,WAS,00-0032950,Carson Wentz,"weekly depth chart, Week 1",00-0032950,Carson Wentz,1.0
2023,ARI,00-0033949,Joshua Dobbs,"weekly depth chart, Week 1",00-0035228,Kyler Murray,0.0
2023,ATL,00-0038122,Desmond Ridder,"weekly depth chart, Week 1",00-0038122,Desmond Ridder,1.0
2023,BAL,00-0034796,Lamar Jackson,"weekly depth chart, Week 1",00-0034796,Lamar Jackson,1.0
2023,BUF,00-0034857,Josh Allen,"weekly depth chart, Week 1",00-0034857,Josh Allen,1.0
2023,CAR,00-0039150,Bryce Young,"weekly depth chart, Week 1",00-0039150,Bryce Young,1.0
2023,CHI,00-0036945,Justin Fields,"weekly depth chart, Week 1",00-0036945,Justin Fields,1.0
2023,CIN,00-0036442,Joe Burrow,"weekly depth chart, Week 1",00-0036442,Joe Burrow,1.0
2023,CLE,00-0033537,Deshaun Watson,"weekly depth chart, Week 1",00-0026158,Joe Flacco,0.0
2023,DAL,00-0033077,Dak Prescott,"weekly depth chart, Week 1",00-0033077,Dak Prescott,1.0
2023,DEN,00-0029263,Russell Wilson,"weekly depth chart, Week 1",00-0029263,Russell Wilson,1.0
2023,DET,00-0033106,Jared Goff,"weekly depth chart, Week 1",00-0033106,Jared Goff,1.0
2023,GB,00-0036264,Jordan Love,"weekly depth chart, Week 1",00-0036264,Jordan Love,1.0
2023,HOU,00-0039163,C.J. Stroud,"weekly depth chart, Week 1",00-0039163,C.J. Stroud,1.0
2023,IND,00-0039164,Anthony Richardson,"weekly depth chart, Week 1",00-0035289,Gardner Minshew,0.0
2023,JAX,00-0036971,Trevor Lawrence,"weekly depth chart, Week 1",00-0036971,Trevor Lawrence,1.0
2023,KC,00-0033873,Patrick Mahomes,"weekly depth chart, Week 1",00-0033873,Patrick Mahomes,1.0
2023,LA,00-0026498,Matthew Stafford,"weekly depth chart, Week 1",00-0026498,Matthew Stafford,1.0
2023,LAC,00-0036355,Justin Herbert,"weekly depth chart, Week 1",00-0036355,Justin Herbert,1.0
2023,LV,00-0031345,Jimmy Garoppolo,"weekly depth chart, Week 1",00-0038579,Aidan O'Connell,0.0
2023,MIA,00-0036212,Tua Tagovailoa,"weekly depth chart, Week 1",00-0036212,Tua Tagovailoa,1.0
2023,MIN,00-0029604,Kirk Cousins,"weekly depth chart, Week 1",00-0029604,Kirk Cousins,1.0
2023,NE,00-0036972,Mac Jones,"weekly depth chart, Week 1",00-0036972,Mac Jones,1.0
2023,NO,00-0031280,Derek Carr,"weekly depth chart, Week 1",00-0031280,Derek Carr,1.0
2023,NYG,00-0035710,Daniel Jones,"weekly depth chart, Week 1",00-0038476,Tommy DeVito,0.0
2023,NYJ,00-0023459,Aaron Rodgers,"weekly depth chart, Week 1",00-0037013,Zach Wilson,0.0
2023,PHI,00-0036389,Jalen Hurts,"weekly depth chart, Week 1",00-0036389,Jalen Hurts,1.0
2023,PIT,00-0038102,Kenny Pickett,"weekly depth chart, Week 1",00-0038102,Kenny Pickett,1.0
2023,SEA,00-0030565,Geno Smith,"weekly depth chart, Week 1",00-0030565,Geno Smith,1.0
2023,SF,00-0037834,Brock Purdy,"weekly depth chart, Week 1",00-0037834,Brock Purdy,1.0
2023,TB,00-0034855,Baker Mayfield,"weekly depth chart, Week 1",00-0034855,Baker Mayfield,1.0
2023,TEN,00-0029701,Ryan Tannehill,"weekly depth chart, Week 1",00-0039152,Will Levis,0.0
2023,WAS,00-0037077,Sam Howell,"weekly depth chart, Week 1",00-0037077,Sam Howell,1.0
2024,ARI,00-0035228,Kyler Murray,"weekly depth chart, Week 1",00-0035228,Kyler Murray,1.0
2024,ATL,00-0029604,Kirk Cousins,"weekly depth chart, Week 1",00-0029604,Kirk Cousins,1.0
2024,BAL,00-0034796,Lamar Jackson,"weekly depth chart, Week 1",00-0034796,Lamar Jackson,1.0
2024,BUF,00-0034857,Josh Allen,"weekly depth chart, Week 1",00-0034857,Josh Allen,1.0
2024,CAR,00-0039150,Bryce Young,"weekly depth chart, Week 1",00-0039150,Bryce Young,1.0
2024,CHI,00-0039918,Caleb Williams,"weekly depth chart, Week 1",00-0039918,Caleb Williams,1.0
2024,CIN,00-0036442,Joe Burrow,"weekly depth chart, Week 1",00-0036442,Joe Burrow,1.0
2024,CLE,00-0033537,Deshaun Watson,"weekly depth chart, Week 1",00-0031503,Jameis Winston,0.0
2024,DAL,00-0033077,Dak Prescott,"weekly depth chart, Week 1",00-0033662,Cooper Rush,0.0
2024,DEN,00-0039732,Bo Nix,"weekly depth chart, Week 1",00-0039732,Bo Nix,1.0
2024,DET,00-0033106,Jared Goff,"weekly depth chart, Week 1",00-0033106,Jared Goff,1.0
2024,GB,00-0036264,Jordan Love,"weekly depth chart, Week 1",00-0036264,Jordan Love,1.0
2024,HOU,00-0039163,C.J. Stroud,"weekly depth chart, Week 1",00-0039163,C.J. Stroud,1.0
2024,IND,00-0039164,Anthony Richardson,"weekly depth chart, Week 1",00-0039164,Anthony Richardson,1.0
2024,JAX,00-0036971,Trevor Lawrence,"weekly depth chart, Week 1",00-0036971,Trevor Lawrence,1.0
2024,KC,00-0033873,Patrick Mahomes,"weekly depth chart, Week 1",00-0033873,Patrick Mahomes,1.0
2024,LA,00-0026498,Matthew Stafford,"weekly depth chart, Week 1",00-0026498,Matthew Stafford,1.0
2024,LAC,00-0036355,Justin Herbert,"weekly depth chart, Week 1",00-0036355,Justin Herbert,1.0
2024,LV,00-0035289,Gardner Minshew,"weekly depth chart, Week 1",00-0035289,Gardner Minshew,1.0
2024,MIA,00-0036212,Tua Tagovailoa,"weekly depth chart, Week 1",00-0036212,Tua Tagovailoa,1.0
2024,MIN,00-0034869,Sam Darnold,"weekly depth chart, Week 1",00-0034869,Sam Darnold,1.0
2024,NE,00-0033119,Jacoby Brissett,"weekly depth chart, Week 1",00-0039851,Drake Maye,0.0
2024,NO,00-0031280,Derek Carr,"weekly depth chart, Week 1",00-0031280,Derek Carr,1.0
2024,NYG,00-0035710,Daniel Jones,"weekly depth chart, Week 1",00-0035710,Daniel Jones,1.0
2024,NYJ,00-0023459,Aaron Rodgers,"weekly depth chart, Week 1",00-0023459,Aaron Rodgers,1.0
2024,PHI,00-0036389,Jalen Hurts,"weekly depth chart, Week 1",00-0036389,Jalen Hurts,1.0
2024,PIT,00-0036945,Justin Fields,"weekly depth chart, Week 1",00-0029263,Russell Wilson,0.0
2024,SEA,00-0030565,Geno Smith,"weekly depth chart, Week 1",00-0030565,Geno Smith,1.0
2024,SF,00-0037834,Brock Purdy,"weekly depth chart, Week 1",00-0037834,Brock Purdy,1.0
2024,TB,00-0034855,Baker Mayfield,"weekly depth chart, Week 1",00-0034855,Baker Mayfield,1.0
2024,TEN,00-0039152,Will Levis,"weekly depth chart, Week 1",00-0039152,Will Levis,1.0
2024,WAS,00-0039910,Jayden Daniels,"weekly depth chart, Week 1",00-0039910,Jayden Daniels,1.0
2025,ARI,00-0035228,Kyler Murray,"daily depth chart, 2025-09-04 kickoff",00-0033119,Jacoby Brissett,0.0
2025,ATL,00-0039917,Michael Penix Jr.,"daily depth chart, 2025-09-04 kickoff",00-0039917,Michael Penix Jr.,1.0
2025,BAL,00-0034796,Lamar Jackson,"daily depth chart, 2025-09-04 kickoff",00-0034796,Lamar Jackson,1.0
2025,BUF,00-0034857,Josh Allen,"daily depth chart, 2025-09-04 kickoff",00-0034857,Josh Allen,1.0
2025,CAR,00-0039150,Bryce Young,"daily depth chart, 2025-09-04 kickoff",00-0039150,Bryce Young,1.0
2025,CHI,00-0039918,Caleb Williams,"daily depth chart, 2025-09-04 kickoff",00-0039918,Caleb Williams,1.0
2025,CIN,00-0036442,Joe Burrow,"daily depth chart, 2025-09-04 kickoff",00-0036442,Joe Burrow,1.0
2025,CLE,00-0026158,Joe Flacco,"daily depth chart, 2025-09-04 kickoff",00-0040668,Shedeur Sanders,0.0
2025,DAL,00-0033077,Dak Prescott,"daily depth chart, 2025-09-04 kickoff",00-0033077,Dak Prescott,1.0
2025,DEN,00-0039732,Bo Nix,"daily depth chart, 2025-09-04 kickoff",00-0039732,Bo Nix,1.0
2025,DET,00-0033106,Jared Goff,"daily depth chart, 2025-09-04 kickoff",00-0033106,Jared Goff,1.0
2025,GB,00-0036264,Jordan Love,"daily depth chart, 2025-09-04 kickoff",00-0036264,Jordan Love,1.0
2025,HOU,00-0039163,C.J. Stroud,"daily depth chart, 2025-09-04 kickoff",00-0039163,C.J. Stroud,1.0
2025,IND,00-0035710,Daniel Jones,"daily depth chart, 2025-09-04 kickoff",00-0035710,Daniel Jones,1.0
2025,JAX,00-0036971,Trevor Lawrence,"daily depth chart, 2025-09-04 kickoff",00-0036971,Trevor Lawrence,1.0
2025,KC,00-0033873,Patrick Mahomes,"daily depth chart, 2025-09-04 kickoff",00-0033873,Patrick Mahomes,1.0
2025,LA,00-0026498,Matthew Stafford,"daily depth chart, 2025-09-04 kickoff",00-0026498,Matthew Stafford,1.0
2025,LAC,00-0036355,Justin Herbert,"daily depth chart, 2025-09-04 kickoff",00-0036355,Justin Herbert,1.0
2025,LV,00-0030565,Geno Smith,"daily depth chart, 2025-09-04 kickoff",00-0030565,Geno Smith,1.0
2025,MIA,00-0036212,Tua Tagovailoa,"daily depth chart, 2025-09-04 kickoff",00-0036212,Tua Tagovailoa,1.0
2025,MIN,00-0039923,J.J. McCarthy,"daily depth chart, 2025-09-04 kickoff",00-0039923,J.J. McCarthy,1.0
2025,NE,00-0039851,Drake Maye,"daily depth chart, 2025-09-04 kickoff",00-0039851,Drake Maye,1.0
2025,NO,00-0039376,Spencer Rattler,"daily depth chart, 2025-09-04 kickoff",00-0040743,Tyler Shough,0.0
2025,NYG,00-0029263,Russell Wilson,"daily depth chart, 2025-09-04 kickoff",00-0040691,Jaxson Dart,0.0
2025,NYJ,00-0036945,Justin Fields,"daily depth chart, 2025-09-04 kickoff",00-0036945,Justin Fields,1.0
2025,PHI,00-0036389,Jalen Hurts,"daily depth chart, 2025-09-04 kickoff",00-0036389,Jalen Hurts,1.0
2025,PIT,00-0023459,Aaron Rodgers,"daily depth chart, 2025-09-04 kickoff",00-0023459,Aaron Rodgers,1.0
2025,SEA,00-0034869,Sam Darnold,"daily depth chart, 2025-09-04 kickoff",00-0034869,Sam Darnold,1.0
2025,SF,00-0037834,Brock Purdy,"daily depth chart, 2025-09-04 kickoff",00-0036972,Mac Jones,0.0
2025,TB,00-0034855,Baker Mayfield,"daily depth chart, 2025-09-04 kickoff",00-0034855,Baker Mayfield,1.0
2025,TEN,00-0040676,Cam Ward,"daily depth chart, 2025-09-04 kickoff",00-0040676,Cam Ward,1.0
2025,WAS,00-0039910,Jayden Daniels,"daily depth chart, 2025-09-04 kickoff",00-0032268,Marcus Mariota,0.0
2026,ARI,00-0033119,Jacoby Brissett,"daily depth chart, 2026-09-09 kickoff",,,
2026,ATL,00-0036212,Tua Tagovailoa,"daily depth chart, 2026-09-09 kickoff",,,
2026,BAL,00-0034796,Lamar Jackson,"daily depth chart, 2026-09-09 kickoff",,,
2026,BUF,00-0034857,Josh Allen,"daily depth chart, 2026-09-09 kickoff",,,
2026,CAR,00-0039150,Bryce Young,"daily depth chart, 2026-09-09 kickoff",,,
2026,CHI,00-0039918,Caleb Williams,"daily depth chart, 2026-09-09 kickoff",,,
2026,CIN,00-0036442,Joe Burrow,"daily depth chart, 2026-09-09 kickoff",,,
2026,CLE,00-0033537,Deshaun Watson,"daily depth chart, 2026-09-09 kickoff",,,
2026,DAL,00-0033077,Dak Prescott,"daily depth chart, 2026-09-09 kickoff",,,
2026,DEN,00-0039732,Bo Nix,"daily depth chart, 2026-09-09 kickoff",,,
2026,DET,00-0033106,Jared Goff,"daily depth chart, 2026-09-09 kickoff",,,
2026,GB,00-0036264,Jordan Love,"daily depth chart, 2026-09-09 kickoff",,,
2026,HOU,00-0039163,C.J. Stroud,"daily depth chart, 2026-09-09 kickoff",,,
2026,IND,00-0035710,Daniel Jones,"daily depth chart, 2026-09-09 kickoff",,,
2026,JAX,00-0036971,Trevor Lawrence,"daily depth chart, 2026-09-09 kickoff",,,
2026,KC,00-0033873,Patrick Mahomes,"daily depth chart, 2026-09-09 kickoff",,,
2026,LA,00-0026498,Matthew Stafford,"daily depth chart, 2026-09-09 kickoff",,,
2026,LAC,00-0036355,Justin Herbert,"daily depth chart, 2026-09-09 kickoff",,,
2026,LV,00-0029604,Kirk Cousins,"daily depth chart, 2026-09-09 kickoff",,,
2026,MIA,00-0038128,Malik Willis,"daily depth chart, 2026-09-09 kickoff",,,
2026,MIN,00-0035228,Kyler Murray,"daily depth chart, 2026-09-09 kickoff",,,
2026,NE,00-0039851,Drake Maye,"daily depth chart, 2026-09-09 kickoff",,,
2026,NO,00-0040743,Tyler Shough,"daily depth chart, 2026-09-09 kickoff",,,
2026,NYG,00-0040691,Jaxson Dart,"daily depth chart, 2026-09-09 kickoff",,,
2026,NYJ,00-0030565,Geno Smith,"daily depth chart, 2026-09-09 kickoff",,,
2026,PHI,00-0036389,Jalen Hurts,"daily depth chart, 2026-09-09 kickoff",,,
2026,PIT,00-0023459,Aaron Rodgers,"daily depth chart, 2026-09-09 kickoff",,,
2026,SEA,00-0034869,Sam Darnold,"daily depth chart, 2026-09-09 kickoff",,,
2026,SF,00-0037834,Brock Purdy,"daily depth chart, 2026-09-09 kickoff",,,
2026,TB,00-0034855,Baker Mayfield,"daily depth chart, 2026-09-09 kickoff",,,
2026,TEN,00-0040676,Cam Ward,"daily depth chart, 2026-09-09 kickoff",,,
2026,WAS,00-0039910,Jayden Daniels,"daily depth chart, 2026-09-09 kickoff",,,
