team_abbr,team_name,team_color,team_logo_espn
ARI,Arizona Cardinals,#97233F,https://a.espncdn.com/i/teamlogos/nfl/500/ari.png
ATL,Atlanta Falcons,#A71930,https://a.espncdn.com/i/teamlogos/nfl/500/atl.png
BAL,Baltimore Ravens,#241773,https://a.espncdn.com/i/teamlogos/nfl/500/bal.png
BUF,Buffalo Bills,#00338D,https://a.espncdn.com/i/teamlogos/nfl/500/buf.png
CAR,Carolina Panthers,#0085CA,https://a.espncdn.com/i/teamlogos/nfl/500-dark/car.png
CHI,Chicago Bears,#0B162A,https://a.espncdn.com/i/teamlogos/nfl/500/chi.png
CIN,Cincinnati Bengals,#FB4F14,https://a.espncdn.com/i/teamlogos/nfl/500/cin.png
CLE,Cleveland Browns,#FF3C00,https://a.espncdn.com/i/teamlogos/nfl/500/cle.png
DAL,Dallas Cowboys,#002244,https://a.espncdn.com/i/teamlogos/nfl/500/dal.png
DEN,Denver Broncos,#002244,https://a.espncdn.com/i/teamlogos/nfl/500/den.png
DET,Detroit Lions,#0076B6,https://a.espncdn.com/i/teamlogos/nfl/500/det.png
GB,Green Bay Packers,#203731,https://a.espncdn.com/i/teamlogos/nfl/500/gb.png
HOU,Houston Texans,#03202F,https://a.espncdn.com/i/teamlogos/nfl/500/hou.png
IND,Indianapolis Colts,#002C5F,https://a.espncdn.com/i/teamlogos/nfl/500/ind.png
JAX,Jacksonville Jaguars,#006778,https://a.espncdn.com/i/teamlogos/nfl/500/jax.png
KC,Kansas City Chiefs,#E31837,https://a.espncdn.com/i/teamlogos/nfl/500/kc.png
LA,Los Angeles Rams,#003594,https://a.espncdn.com/i/teamlogos/nfl/500/lar.png
LAC,Los Angeles Chargers,#007BC7,https://a.espncdn.com/i/teamlogos/nfl/500/lac.png
LAR,Los Angeles Rams,#003594,https://a.espncdn.com/i/teamlogos/nfl/500/lar.png
LV,Las Vegas Raiders,#000000,https://a.espncdn.com/i/teamlogos/nfl/500/lv.png
MIA,Miami Dolphins,#008E97,https://a.espncdn.com/i/teamlogos/nfl/500/mia.png
MIN,Minnesota Vikings,#4F2683,https://a.espncdn.com/i/teamlogos/nfl/500/min.png
NE,New England Patriots,#002244,https://a.espncdn.com/i/teamlogos/nfl/500/ne.png
NO,New Orleans Saints,#D3BC8D,https://a.espncdn.com/i/teamlogos/nfl/500/no.png
NYG,New York Giants,#0B2265,https://a.espncdn.com/i/teamlogos/nfl/500/nyg.png
NYJ,New York Jets,#003F2D,https://a.espncdn.com/i/teamlogos/nfl/500/nyj.png
PHI,Philadelphia Eagles,#004C54,https://a.espncdn.com/i/teamlogos/nfl/500/phi.png
PIT,Pittsburgh Steelers,#000000,https://a.espncdn.com/i/teamlogos/nfl/500/pit.png
SEA,Seattle Seahawks,#002244,https://a.espncdn.com/i/teamlogos/nfl/500/sea.png
SF,San Francisco 49ers,#AA0000,https://a.espncdn.com/i/teamlogos/nfl/500/sf.png
TB,Tampa Bay Buccaneers,#A71930,https://a.espncdn.com/i/teamlogos/nfl/500/tb.png
TEN,Tennessee Titans,#4495D2,https://a.espncdn.com/i/teamlogos/nfl/500/ten.png
WAS,Washington Commanders,#5A1414,https://a.espncdn.com/i/teamlogos/nfl/500/wsh.png
